0,0,m+V2KOvIRGUMCst3KvUDNvxoCkU=,SEQDgNYgdz88CKsxLjXis9CAcck=
1,0,m+V2KOvIRGUMCst3KvUDNvxoCkU=,vAIzUOXNCvluuLGiYLQ19SaTea4=
2,0,m+V2KOvIRGUMCst3KvUDNvxoCkU=,7dYlI46GUs39xkaX1SQf6qwDjnE=
0,1,m+V2KOvIRGUMCst3KvUDNvxoCkU=,v3jPiJzJxni9/6gTqbY/wdsaaBY=
1,1,m+V2KOvIRGUMCst3KvUDNvxoCkU=,g/ZJVnXk+Rk/7NXm5EncSWl1fT0=
2,1,m+V2KOvIRGUMCst3KvUDNvxoCkU=,7dYlI46GUs39xkaX1SQf6qwDjnE=
6,1,m+V2KOvIRGUMCst3KvUDNvxoCkU=,7dYlI46GUs39xkaX1SQf6qwDjnE=
7,1,m+V2KOvIRGUMCst3KvUDNvxoCkU=,7dYlI46GUs39xkaX1SQf6qwDjnE=
0,2,DWodlvsBoLGObeowy+26jZqzsy0=,l6XVGxcs6H4sKvCBWCh9yyDeCiM=
1,2,DWodlvsBoLGObeowy+26jZqzsy0=,ir9GbErAuvxH4vC7gNhxzC6eQ4A=
2,2,DWodlvsBoLGObeowy+26jZqzsy0=,b6x13Gz7fXxYd4qPDNcKQ3MbuHc=
3,2,DWodlvsBoLGObeowy+26jZqzsy0=,t2dWX6zFpE/QtIp1cbVCTMa+wD8=
4,2,DWodlvsBoLGObeowy+26jZqzsy0=,7dYlI46GUs39xkaX1SQf6qwDjnE=
0,3,DWodlvsBoLGObeowy+26jZqzsy0=,Z0EgwkbhE03UpN4INt8m20ibirM=
1,3,DWodlvsBoLGObeowy+26jZqzsy0=,XHXISuRw7JAGIHnQpRCFXQ5J1gs=
2,3,DWodlvsBoLGObeowy+26jZqzsy0=,JbDigFLeZKGOxg4XhZrxcCPZITw=
3,3,DWodlvsBoLGObeowy+26jZqzsy0=,fDOAgcD3aW+5WodSj7X4jIHsRIc=
4,3,DWodlvsBoLGObeowy+26jZqzsy0=,7dYlI46GUs39xkaX1SQf6qwDjnE=
5,3,DWodlvsBoLGObeowy+26jZqzsy0=,0XiE9kMlZEqAZXo4xULNDl6l9eA=
6,3,DWodlvsBoLGObeowy+26jZqzsy0=,5Y1CItBqW7YAU6e9eGv8zlCWyHw=
7,3,DWodlvsBoLGObeowy+26jZqzsy0=,5Y1CItBqW7YAU6e9eGv8zlCWyHw=
9,3,DWodlvsBoLGObeowy+26jZqzsy0=,1E1d2f5r+eVQr9oN0UynifrIdFs=
10,3,DWodlvsBoLGObeowy+26jZqzsy0=,1E1d2f5r+eVQr9oN0UynifrIdFs=
0,4,DWodlvsBoLGObeowy+26jZqzsy0=,R71ITCt114fabijMVl5BgUdbZ6s=
1,4,DWodlvsBoLGObeowy+26jZqzsy0=,QZp4EYnM4WZrxMAQBNA77jt/oAY=
2,4,DWodlvsBoLGObeowy+26jZqzsy0=,G3tvIxTQp+PSYPu7Q/moD6ia7EQ=
3,4,DWodlvsBoLGObeowy+26jZqzsy0=,cNeO40DqHiufzoLdZimNHvOFjRM=
4,4,DWodlvsBoLGObeowy+26jZqzsy0=,1rPFF6B1bucpyt1uGodlGV4HXkk=
5,4,DWodlvsBoLGObeowy+26jZqzsy0=,h9yXoeVqqzyyUIC3t5KgjYK8068=
6,4,DWodlvsBoLGObeowy+26jZqzsy0=,NaQRrrlcpbQktyNpIZNmK4J31dk=
7,4,DWodlvsBoLGObeowy+26jZqzsy0=,NaQRrrlcpbQktyNpIZNmK4J31dk=
8,4,DWodlvsBoLGObeowy+26jZqzsy0=,1E1d2f5r+eVQr9oN0UynifrIdFs=
9,4,DWodlvsBoLGObeowy+26jZqzsy0=,1E1d2f5r+eVQr9oN0UynifrIdFs=
10,4,DWodlvsBoLGObeowy+26jZqzsy0=,1E1d2f5r+eVQr9oN0UynifrIdFs=
0,5,riljo1dHbkQfHvRXjw+kHTdPzug=,6a0hMp+2jfNP2tEj2GQ4n4nF2uI=
1,5,riljo1dHbkQfHvRXjw+kHTdPzug=,I5efhWWjDWugfWZCBX+Zyex/ldg=
2,5,riljo1dHbkQfHvRXjw+kHTdPzug=,Y0HCmHzldiZemfvsFDsAY9f9fmk=
3,5,riljo1dHbkQfHvRXjw+kHTdPzug=,+R3Av3HG/AJg5vQORkdRO0pW95w=
4,5,riljo1dHbkQfHvRXjw+kHTdPzug=,+R3Av3HG/AJg5vQORkdRO0pW95w=
5,5,riljo1dHbkQfHvRXjw+kHTdPzug=,y28NlTIT2zm6qrEL6HXhznnRPeI=
6,5,riljo1dHbkQfHvRXjw+kHTdPzug=,NaQRrrlcpbQktyNpIZNmK4J31dk=
7,5,riljo1dHbkQfHvRXjw+kHTdPzug=,NaQRrrlcpbQktyNpIZNmK4J31dk=
8,5,riljo1dHbkQfHvRXjw+kHTdPzug=,1E1d2f5r+eVQr9oN0UynifrIdFs=
9,5,riljo1dHbkQfHvRXjw+kHTdPzug=,1E1d2f5r+eVQr9oN0UynifrIdFs=
0,6,riljo1dHbkQfHvRXjw+kHTdPzug=,WO8FiGWoXRMjz4JQCuWSPMIuFeY=
1,6,riljo1dHbkQfHvRXjw+kHTdPzug=,N+8xe9MAIIVnpQTQq0tN/ccu0dE=
2,6,riljo1dHbkQfHvRXjw+kHTdPzug=,NKRT3wg78m8iR6kEyUzKBSTmrdI=
3,6,riljo1dHbkQfHvRXjw+kHTdPzug=,InL7UXMefAFv8El5PLDcCFrpnOM=
4,6,riljo1dHbkQfHvRXjw+kHTdPzug=,3TA2Wk5fdzPfFK5pRSKE8A24j1s=
5,6,riljo1dHbkQfHvRXjw+kHTdPzug=,y28NlTIT2zm6qrEL6HXhznnRPeI=
6,6,riljo1dHbkQfHvRXjw+kHTdPzug=,NaQRrrlcpbQktyNpIZNmK4J31dk=
7,6,riljo1dHbkQfHvRXjw+kHTdPzug=,+HINlZhDtDeTjHPUPWHhhoBPk+s=
8,6,riljo1dHbkQfHvRXjw+kHTdPzug=,1E1d2f5r+eVQr9oN0UynifrIdFs=
9,6,riljo1dHbkQfHvRXjw+kHTdPzug=,1E1d2f5r+eVQr9oN0UynifrIdFs=
0,7,riljo1dHbkQfHvRXjw+kHTdPzug=,RQmyxAhwFYEixh0Vv+T79r8XsTs=
1,7,riljo1dHbkQfHvRXjw+kHTdPzug=,1iLLeiOks2P3AUFRUvKXTErR230=
2,7,riljo1dHbkQfHvRXjw+kHTdPzug=,taDpQmSayjTj3UEmipXHYbKgmHY=
3,7,riljo1dHbkQfHvRXjw+kHTdPzug=,jcDA+rN2qlQk+IEaIqzSfk112qY=
4,7,riljo1dHbkQfHvRXjw+kHTdPzug=,jcDA+rN2qlQk+IEaIqzSfk112qY=
5,7,riljo1dHbkQfHvRXjw+kHTdPzug=,1Wz5q88BiYneYb4KZZ0u+fFQAeE=
6,7,riljo1dHbkQfHvRXjw+kHTdPzug=,1hRpxfN8kNNpFFG0fbIxx98kF/I=
7,7,riljo1dHbkQfHvRXjw+kHTdPzug=,3Zh9F2V4WmXDjk5eYl3jRFtjXj0=
8,7,riljo1dHbkQfHvRXjw+kHTdPzug=,1E1d2f5r+eVQr9oN0UynifrIdFs=
0,8,riljo1dHbkQfHvRXjw+kHTdPzug=,kmD9xT/xaqrUSFiMNGrsu+NZ89Y=
1,8,riljo1dHbkQfHvRXjw+kHTdPzug=,hwgbwk1HiL7gpIBPB47gTFXjTrs=
2,8,riljo1dHbkQfHvRXjw+kHTdPzug=,7GbQHxigkkm7mZslmZRRHh+Zqcw=
3,8,riljo1dHbkQfHvRXjw+kHTdPzug=,WPIg/I8ku64mFoCg4HbLtwrJIIQ=
4,8,riljo1dHbkQfHvRXjw+kHTdPzug=,iVnDg5uX6gvm+t4FZcyXAgMb6GI=
5,8,riljo1dHbkQfHvRXjw+kHTdPzug=,/JCZc/XFL7TCOUefKlCcPzqAYQc=
7,8,riljo1dHbkQfHvRXjw+kHTdPzug=,H0KNP5dlBfxZMseoZCzXf/SnZ5g=
0,9,BQVKci8GzOkDsbNHVtvV6fxKscg=,+IknvXnhGqcaOqDcVyFWJkxzIcE=
1,9,BQVKci8GzOkDsbNHVtvV6fxKscg=,uIp5yjZ7pqn2+ofhetoxU189o/s=
2,9,BQVKci8GzOkDsbNHVtvV6fxKscg=,iSwYWlc0fXjc11wnE2gOQPuggD4=
3,9,BQVKci8GzOkDsbNHVtvV6fxKscg=,nKIBMEoK+zfekxp/SM6ScmtyRHQ=
4,9,BQVKci8GzOkDsbNHVtvV6fxKscg=,MgE4wfOsOMwjqnMDTZHkDNzgwLM=
5,9,BQVKci8GzOkDsbNHVtvV6fxKscg=,hlSxfxQwhJsEApnkxhUo9EIz96A=
6,9,BQVKci8GzOkDsbNHVtvV6fxKscg=,sz7A0UdVD0FNxH2xfy3UBbP9H+U=
7,9,BQVKci8GzOkDsbNHVtvV6fxKscg=,QOhpumFsDSjtRXIg22B8FP5GzBQ=
8,9,BQVKci8GzOkDsbNHVtvV6fxKscg=,8UK2a+fXN2g68/Y4mGq39QseR10=
0,10,BQVKci8GzOkDsbNHVtvV6fxKscg=,fB4eDkRafigi0xr34BcT28JHdf8=
1,10,BQVKci8GzOkDsbNHVtvV6fxKscg=,a5msMQwA4NhiqGMYU0+vB+DCMCY=
2,10,BQVKci8GzOkDsbNHVtvV6fxKscg=,NgxTzpl4GQqT9+avIBiGN1puG8I=
3,10,BQVKci8GzOkDsbNHVtvV6fxKscg=,pjp5OILbaVVFBAeB8/V3njG4FJo=
4,10,BQVKci8GzOkDsbNHVtvV6fxKscg=,QOhpumFsDSjtRXIg22B8FP5GzBQ=
5,10,BQVKci8GzOkDsbNHVtvV6fxKscg=,A8FvpGeGLxDR0V9iLiNLp8wzFFQ=
6,10,BQVKci8GzOkDsbNHVtvV6fxKscg=,BDj8DaW5mtfWQoqY89NfRjH/gwc=
0,11,BQVKci8GzOkDsbNHVtvV6fxKscg=,kmD9xT/xaqrUSFiMNGrsu+NZ89Y=
1,11,BQVKci8GzOkDsbNHVtvV6fxKscg=,GHyRCtM0QTbILstUEdmpiV3/LKA=
2,11,BQVKci8GzOkDsbNHVtvV6fxKscg=,90hplpsMKhfEfx3qyG+orKkzTsk=
3,11,BQVKci8GzOkDsbNHVtvV6fxKscg=,kuWX/II+Awq2wOV71Z6dpNcg4cY=
4,11,BQVKci8GzOkDsbNHVtvV6fxKscg=,6/ueziv/DDLIFunfnMOHukzNaVk=
5,11,BQVKci8GzOkDsbNHVtvV6fxKscg=,/cYYHtIP5dBJblH2sxUlA8shwvU=
6,11,BQVKci8GzOkDsbNHVtvV6fxKscg=,gYbdroOOnWvnbxVz2Cc70UDCJZE=
0,12,BQVKci8GzOkDsbNHVtvV6fxKscg=,fB4eDkRafigi0xr34BcT28JHdf8=
1,12,BQVKci8GzOkDsbNHVtvV6fxKscg=,GHyRCtM0QTbILstUEdmpiV3/LKA=
2,12,BQVKci8GzOkDsbNHVtvV6fxKscg=,Wx8m2AcmmB9wp7PlPnQvWQI6ayE=
3,12,BQVKci8GzOkDsbNHVtvV6fxKscg=,RaPEETw0QafF4tKbRXlbbHttwFE=
4,12,BQVKci8GzOkDsbNHVtvV6fxKscg=,gYbdroOOnWvnbxVz2Cc70UDCJZE=
5,12,BQVKci8GzOkDsbNHVtvV6fxKscg=,gYbdroOOnWvnbxVz2Cc70UDCJZE=
6,12,BQVKci8GzOkDsbNHVtvV6fxKscg=,gYbdroOOnWvnbxVz2Cc70UDCJZE=
0,13,BQVKci8GzOkDsbNHVtvV6fxKscg=,AYGaM6F/LMjzhUtVpXSWA2GprSc=
1,13,BQVKci8GzOkDsbNHVtvV6fxKscg=,wGRrD3q/0LAlF47OTtFqqTz58qs=
2,13,BQVKci8GzOkDsbNHVtvV6fxKscg=,bURp98coc6f5qdHbxP1suUPXjA4=
3,13,BQVKci8GzOkDsbNHVtvV6fxKscg=,dQek0AElwgFO/NvnHmdzvW7ou5g=
4,13,BQVKci8GzOkDsbNHVtvV6fxKscg=,H0KNP5dlBfxZMseoZCzXf/SnZ5g=
5,13,BQVKci8GzOkDsbNHVtvV6fxKscg=,H0KNP5dlBfxZMseoZCzXf/SnZ5g=
0,14,BQVKci8GzOkDsbNHVtvV6fxKscg=,KWDgMXKNBc9mNhbgc+kVkmoKnZw=
1,14,BQVKci8GzOkDsbNHVtvV6fxKscg=,vN5OkUyyKnDyhLrm/IDIy6Efpk4=
0,15,xuSdoP4uxZZ/WMrK8VJHdKfD+JM=,eE3PbOzrS6DeC9VoJTvuGcN/BRQ=
0,16,xuSdoP4uxZZ/WMrK8VJHdKfD+JM=,HrxQjDaiYGVUeV1GzcfRrtrkDAg=
0,17,xuSdoP4uxZZ/WMrK8VJHdKfD+JM=,HrxQjDaiYGVUeV1GzcfRrtrkDAg=
0,18,xuSdoP4uxZZ/WMrK8VJHdKfD+JM=,f2OzwamiqHeOtQcZsc1+IaxIpWw=
0,19,xuSdoP4uxZZ/WMrK8VJHdKfD+JM=,HrxQjDaiYGVUeV1GzcfRrtrkDAg=
1,19,xuSdoP4uxZZ/WMrK8VJHdKfD+JM=,HrxQjDaiYGVUeV1GzcfRrtrkDAg=
4,19,xuSdoP4uxZZ/WMrK8VJHdKfD+JM=,QOhpumFsDSjtRXIg22B8FP5GzBQ=
0,20,xuSdoP4uxZZ/WMrK8VJHdKfD+JM=,HrxQjDaiYGVUeV1GzcfRrtrkDAg=
0,30,xuSdoP4uxZZ/WMrK8VJHdKfD+JM=,HrxQjDaiYGVUeV1GzcfRrtrkDAg=
0,31,xuSdoP4uxZZ/WMrK8VJHdKfD+JM=,HrxQjDaiYGVUeV1GzcfRrtrkDAg=
