-20,36,GhPKsc9TEukB+eLlM5tlo3ppgQc=,zc9vA3PJVAJwQo0nACpShK96SOY=
-19,36,GhPKsc9TEukB+eLlM5tlo3ppgQc=,zc9vA3PJVAJwQo0nACpShK96SOY=
-21,34,GhPKsc9TEukB+eLlM5tlo3ppgQc=,bhXhN5/IaI2uop/5h6XLgcnYXxY=
-21,35,GhPKsc9TEukB+eLlM5tlo3ppgQc=,bhXhN5/IaI2uop/5h6XLgcnYXxY=
-22,35,GhPKsc9TEukB+eLlM5tlo3ppgQc=,bhXhN5/IaI2uop/5h6XLgcnYXxY=
-20,35,GhPKsc9TEukB+eLlM5tlo3ppgQc=,elKmQn1F4iEHRyTLKWbn1oUIAks=
-19,35,GhPKsc9TEukB+eLlM5tlo3ppgQc=,elKmQn1F4iEHRyTLKWbn1oUIAks=
-19,37,GhPKsc9TEukB+eLlM5tlo3ppgQc=,zc9vA3PJVAJwQo0nACpShK96SOY=
-20,37,GhPKsc9TEukB+eLlM5tlo3ppgQc=,zc9vA3PJVAJwQo0nACpShK96SOY=
-20,34,GhPKsc9TEukB+eLlM5tlo3ppgQc=,elKmQn1F4iEHRyTLKWbn1oUIAks=
-22,36,GhPKsc9TEukB+eLlM5tlo3ppgQc=,FSiMYZkqoIJKmQUmvFhn3RB0Z5U=
-19,34,rsRTVNWvxUysKrbN8rU+5old2bo=,elKmQn1F4iEHRyTLKWbn1oUIAks=
-22,34,rsRTVNWvxUysKrbN8rU+5old2bo=,bhXhN5/IaI2uop/5h6XLgcnYXxY=
-21,36,rsRTVNWvxUysKrbN8rU+5old2bo=,FSiMYZkqoIJKmQUmvFhn3RB0Z5U=
-22,37,rsRTVNWvxUysKrbN8rU+5old2bo=,FSiMYZkqoIJKmQUmvFhn3RB0Z5U=
-21,37,rsRTVNWvxUysKrbN8rU+5old2bo=,FSiMYZkqoIJKmQUmvFhn3RB0Z5U=
-24,40,uauKMYO/6dsuIQlNyIASVKeuhNc=,5ngMiQd7xibP1k1FhVJP3Ndx2TQ=
-23,40,uauKMYO/6dsuIQlNyIASVKeuhNc=,5ngMiQd7xibP1k1FhVJP3Ndx2TQ=
-26,40,uauKMYO/6dsuIQlNyIASVKeuhNc=,xq5UH4iZDqrHvC5wHZhNU4ecR1k=
-25,40,uauKMYO/6dsuIQlNyIASVKeuhNc=,xq5UH4iZDqrHvC5wHZhNU4ecR1k=
-24,41,uauKMYO/6dsuIQlNyIASVKeuhNc=,5ngMiQd7xibP1k1FhVJP3Ndx2TQ=
-25,39,uauKMYO/6dsuIQlNyIASVKeuhNc=,7LRyP4z/x1e6YSnwEz01EfD60Uk=
-23,39,uauKMYO/6dsuIQlNyIASVKeuhNc=,FSiMYZkqoIJKmQUmvFhn3RB0Z5U=
-25,41,uauKMYO/6dsuIQlNyIASVKeuhNc=,xq5UH4iZDqrHvC5wHZhNU4ecR1k=
-26,39,uauKMYO/6dsuIQlNyIASVKeuhNc=,7LRyP4z/x1e6YSnwEz01EfD60Uk=
-26,41,uauKMYO/6dsuIQlNyIASVKeuhNc=,xq5UH4iZDqrHvC5wHZhNU4ecR1k=
-24,39,uauKMYO/6dsuIQlNyIASVKeuhNc=,FSiMYZkqoIJKmQUmvFhn3RB0Z5U=
-23,41,uauKMYO/6dsuIQlNyIASVKeuhNc=,5ngMiQd7xibP1k1FhVJP3Ndx2TQ=
-23,38,uauKMYO/6dsuIQlNyIASVKeuhNc=,FSiMYZkqoIJKmQUmvFhn3RB0Z5U=
-26,38,uauKMYO/6dsuIQlNyIASVKeuhNc=,7LRyP4z/x1e6YSnwEz01EfD60Uk=
-25,38,uauKMYO/6dsuIQlNyIASVKeuhNc=,7LRyP4z/x1e6YSnwEz01EfD60Uk=
-24,38,uauKMYO/6dsuIQlNyIASVKeuhNc=,FSiMYZkqoIJKmQUmvFhn3RB0Z5U=
-24,36,uauKMYO/6dsuIQlNyIASVKeuhNc=,FSiMYZkqoIJKmQUmvFhn3RB0Z5U=
-25,37,uauKMYO/6dsuIQlNyIASVKeuhNc=,7LRyP4z/x1e6YSnwEz01EfD60Uk=
-23,36,uauKMYO/6dsuIQlNyIASVKeuhNc=,FSiMYZkqoIJKmQUmvFhn3RB0Z5U=
-25,34,uauKMYO/6dsuIQlNyIASVKeuhNc=,owDngmbLXnHKvgIEHVwCd8zRBt8=
-26,37,uauKMYO/6dsuIQlNyIASVKeuhNc=,7LRyP4z/x1e6YSnwEz01EfD60Uk=
-24,35,uauKMYO/6dsuIQlNyIASVKeuhNc=,bhXhN5/IaI2uop/5h6XLgcnYXxY=
-26,34,uauKMYO/6dsuIQlNyIASVKeuhNc=,owDngmbLXnHKvgIEHVwCd8zRBt8=
-23,35,uauKMYO/6dsuIQlNyIASVKeuhNc=,bhXhN5/IaI2uop/5h6XLgcnYXxY=
-24,37,uauKMYO/6dsuIQlNyIASVKeuhNc=,FSiMYZkqoIJKmQUmvFhn3RB0Z5U=
-23,34,uauKMYO/6dsuIQlNyIASVKeuhNc=,bhXhN5/IaI2uop/5h6XLgcnYXxY=
-23,37,uauKMYO/6dsuIQlNyIASVKeuhNc=,FSiMYZkqoIJKmQUmvFhn3RB0Z5U=
-26,35,uauKMYO/6dsuIQlNyIASVKeuhNc=,owDngmbLXnHKvgIEHVwCd8zRBt8=
-25,35,uauKMYO/6dsuIQlNyIASVKeuhNc=,owDngmbLXnHKvgIEHVwCd8zRBt8=
-26,36,uauKMYO/6dsuIQlNyIASVKeuhNc=,7LRyP4z/x1e6YSnwEz01EfD60Uk=
-25,36,uauKMYO/6dsuIQlNyIASVKeuhNc=,7LRyP4z/x1e6YSnwEz01EfD60Uk=
-24,34,uauKMYO/6dsuIQlNyIASVKeuhNc=,bhXhN5/IaI2uop/5h6XLgcnYXxY=
-28,40,5ooIpvRQWUTNqK/j8jpFSEJUskI=,xq5UH4iZDqrHvC5wHZhNU4ecR1k=
-27,40,5ooIpvRQWUTNqK/j8jpFSEJUskI=,xq5UH4iZDqrHvC5wHZhNU4ecR1k=
-29,41,5ooIpvRQWUTNqK/j8jpFSEJUskI=,yPEYtR1FyLvzQte09MJKCd6YAxo=
-28,38,5ooIpvRQWUTNqK/j8jpFSEJUskI=,7LRyP4z/x1e6YSnwEz01EfD60Uk=
-27,38,5ooIpvRQWUTNqK/j8jpFSEJUskI=,7LRyP4z/x1e6YSnwEz01EfD60Uk=
-30,41,5ooIpvRQWUTNqK/j8jpFSEJUskI=,yPEYtR1FyLvzQte09MJKCd6YAxo=
-27,41,5ooIpvRQWUTNqK/j8jpFSEJUskI=,xq5UH4iZDqrHvC5wHZhNU4ecR1k=
-30,39,5ooIpvRQWUTNqK/j8jpFSEJUskI=,xc7R00KuZaN/HRkiJ+ZgvBf1yXA=
-29,39,5ooIpvRQWUTNqK/j8jpFSEJUskI=,xc7R00KuZaN/HRkiJ+ZgvBf1yXA=
-30,40,5ooIpvRQWUTNqK/j8jpFSEJUskI=,yPEYtR1FyLvzQte09MJKCd6YAxo=
-30,38,5ooIpvRQWUTNqK/j8jpFSEJUskI=,xc7R00KuZaN/HRkiJ+ZgvBf1yXA=
-28,41,5ooIpvRQWUTNqK/j8jpFSEJUskI=,xq5UH4iZDqrHvC5wHZhNU4ecR1k=
-27,39,5ooIpvRQWUTNqK/j8jpFSEJUskI=,7LRyP4z/x1e6YSnwEz01EfD60Uk=
-29,40,5ooIpvRQWUTNqK/j8jpFSEJUskI=,yPEYtR1FyLvzQte09MJKCd6YAxo=
-29,38,5ooIpvRQWUTNqK/j8jpFSEJUskI=,xc7R00KuZaN/HRkiJ+ZgvBf1yXA=
-28,39,5ooIpvRQWUTNqK/j8jpFSEJUskI=,7LRyP4z/x1e6YSnwEz01EfD60Uk=
-28,45,e+uuDyoL9Wf11vzpSU9dw087pwY=,Fzc1Frui/LwAoiG7fyUiJ06c5Yg=
-27,45,e+uuDyoL9Wf11vzpSU9dw087pwY=,Fzc1Frui/LwAoiG7fyUiJ06c5Yg=
-30,42,e+uuDyoL9Wf11vzpSU9dw087pwY=,yPEYtR1FyLvzQte09MJKCd6YAxo=
-29,42,e+uuDyoL9Wf11vzpSU9dw087pwY=,yPEYtR1FyLvzQte09MJKCd6YAxo=
-27,43,e+uuDyoL9Wf11vzpSU9dw087pwY=,xq5UH4iZDqrHvC5wHZhNU4ecR1k=
-27,42,e+uuDyoL9Wf11vzpSU9dw087pwY=,xq5UH4iZDqrHvC5wHZhNU4ecR1k=
-28,44,e+uuDyoL9Wf11vzpSU9dw087pwY=,Fzc1Frui/LwAoiG7fyUiJ06c5Yg=
-30,45,e+uuDyoL9Wf11vzpSU9dw087pwY=,1X14oa2ZTUBa5Fwwv8LS9qmcZZ0=
-30,44,e+uuDyoL9Wf11vzpSU9dw087pwY=,1X14oa2ZTUBa5Fwwv8LS9qmcZZ0=
-29,45,e+uuDyoL9Wf11vzpSU9dw087pwY=,1X14oa2ZTUBa5Fwwv8LS9qmcZZ0=
-29,44,e+uuDyoL9Wf11vzpSU9dw087pwY=,1X14oa2ZTUBa5Fwwv8LS9qmcZZ0=
-27,44,e+uuDyoL9Wf11vzpSU9dw087pwY=,Fzc1Frui/LwAoiG7fyUiJ06c5Yg=
-28,43,e+uuDyoL9Wf11vzpSU9dw087pwY=,xq5UH4iZDqrHvC5wHZhNU4ecR1k=
-28,42,e+uuDyoL9Wf11vzpSU9dw087pwY=,xq5UH4iZDqrHvC5wHZhNU4ecR1k=
-30,43,e+uuDyoL9Wf11vzpSU9dw087pwY=,yPEYtR1FyLvzQte09MJKCd6YAxo=
-29,43,e+uuDyoL9Wf11vzpSU9dw087pwY=,yPEYtR1FyLvzQte09MJKCd6YAxo=
-24,44,K+btqK3+K4i1Rx/OPdlTCJHuq8w=,4W9cyn0Ij8R4dUIRRKNywCURacA=
-24,43,K+btqK3+K4i1Rx/OPdlTCJHuq8w=,5ngMiQd7xibP1k1FhVJP3Ndx2TQ=
-25,43,K+btqK3+K4i1Rx/OPdlTCJHuq8w=,xq5UH4iZDqrHvC5wHZhNU4ecR1k=
-26,43,K+btqK3+K4i1Rx/OPdlTCJHuq8w=,xq5UH4iZDqrHvC5wHZhNU4ecR1k=
-23,44,K+btqK3+K4i1Rx/OPdlTCJHuq8w=,4W9cyn0Ij8R4dUIRRKNywCURacA=
-23,43,K+btqK3+K4i1Rx/OPdlTCJHuq8w=,5ngMiQd7xibP1k1FhVJP3Ndx2TQ=
-25,42,K+btqK3+K4i1Rx/OPdlTCJHuq8w=,xq5UH4iZDqrHvC5wHZhNU4ecR1k=
-26,45,K+btqK3+K4i1Rx/OPdlTCJHuq8w=,Fzc1Frui/LwAoiG7fyUiJ06c5Yg=
-24,45,K+btqK3+K4i1Rx/OPdlTCJHuq8w=,4W9cyn0Ij8R4dUIRRKNywCURacA=
-23,42,K+btqK3+K4i1Rx/OPdlTCJHuq8w=,5ngMiQd7xibP1k1FhVJP3Ndx2TQ=
-24,42,K+btqK3+K4i1Rx/OPdlTCJHuq8w=,5ngMiQd7xibP1k1FhVJP3Ndx2TQ=
-23,45,K+btqK3+K4i1Rx/OPdlTCJHuq8w=,4W9cyn0Ij8R4dUIRRKNywCURacA=
-26,44,K+btqK3+K4i1Rx/OPdlTCJHuq8w=,Fzc1Frui/LwAoiG7fyUiJ06c5Yg=
-25,45,K+btqK3+K4i1Rx/OPdlTCJHuq8w=,Fzc1Frui/LwAoiG7fyUiJ06c5Yg=
-26,42,K+btqK3+K4i1Rx/OPdlTCJHuq8w=,xq5UH4iZDqrHvC5wHZhNU4ecR1k=
-25,44,K+btqK3+K4i1Rx/OPdlTCJHuq8w=,Fzc1Frui/LwAoiG7fyUiJ06c5Yg=
-26,47,K+btqK3+K4i1Rx/OPdlTCJHuq8w=,Fzc1Frui/LwAoiG7fyUiJ06c5Yg=
-23,47,K+btqK3+K4i1Rx/OPdlTCJHuq8w=,4W9cyn0Ij8R4dUIRRKNywCURacA=
-25,47,K+btqK3+K4i1Rx/OPdlTCJHuq8w=,Fzc1Frui/LwAoiG7fyUiJ06c5Yg=
-24,47,K+btqK3+K4i1Rx/OPdlTCJHuq8w=,4W9cyn0Ij8R4dUIRRKNywCURacA=
-26,46,K+btqK3+K4i1Rx/OPdlTCJHuq8w=,Fzc1Frui/LwAoiG7fyUiJ06c5Yg=
-24,46,K+btqK3+K4i1Rx/OPdlTCJHuq8w=,4W9cyn0Ij8R4dUIRRKNywCURacA=
-23,46,K+btqK3+K4i1Rx/OPdlTCJHuq8w=,4W9cyn0Ij8R4dUIRRKNywCURacA=
-25,46,K+btqK3+K4i1Rx/OPdlTCJHuq8w=,Fzc1Frui/LwAoiG7fyUiJ06c5Yg=
-18,44,t9zMTFSGmHp0fV6sFlqx/nW6mLM=,zI2Zy6cERoN92M7hIVLUHQgd7+4=
-20,44,t9zMTFSGmHp0fV6sFlqx/nW6mLM=,zI2Zy6cERoN92M7hIVLUHQgd7+4=
-17,44,t9zMTFSGmHp0fV6sFlqx/nW6mLM=,zI2Zy6cERoN92M7hIVLUHQgd7+4=
-18,43,t9zMTFSGmHp0fV6sFlqx/nW6mLM=,6lM51GRrzQevEzSmEVEbiauGIJc=
-18,42,t9zMTFSGmHp0fV6sFlqx/nW6mLM=,6lM51GRrzQevEzSmEVEbiauGIJc=
-17,42,t9zMTFSGmHp0fV6sFlqx/nW6mLM=,6lM51GRrzQevEzSmEVEbiauGIJc=
-17,45,t9zMTFSGmHp0fV6sFlqx/nW6mLM=,zI2Zy6cERoN92M7hIVLUHQgd7+4=
-22,39,t9zMTFSGmHp0fV6sFlqx/nW6mLM=,FSiMYZkqoIJKmQUmvFhn3RB0Z5U=
-21,39,t9zMTFSGmHp0fV6sFlqx/nW6mLM=,FSiMYZkqoIJKmQUmvFhn3RB0Z5U=
-18,45,t9zMTFSGmHp0fV6sFlqx/nW6mLM=,zI2Zy6cERoN92M7hIVLUHQgd7+4=
-22,43,t9zMTFSGmHp0fV6sFlqx/nW6mLM=,5ngMiQd7xibP1k1FhVJP3Ndx2TQ=
-21,43,t9zMTFSGmHp0fV6sFlqx/nW6mLM=,5ngMiQd7xibP1k1FhVJP3Ndx2TQ=
-19,44,t9zMTFSGmHp0fV6sFlqx/nW6mLM=,zI2Zy6cERoN92M7hIVLUHQgd7+4=
-17,43,t9zMTFSGmHp0fV6sFlqx/nW6mLM=,6lM51GRrzQevEzSmEVEbiauGIJc=
-19,43,t9zMTFSGmHp0fV6sFlqx/nW6mLM=,6lM51GRrzQevEzSmEVEbiauGIJc=
-19,38,t9zMTFSGmHp0fV6sFlqx/nW6mLM=,zc9vA3PJVAJwQo0nACpShK96SOY=
-20,39,t9zMTFSGmHp0fV6sFlqx/nW6mLM=,zc9vA3PJVAJwQo0nACpShK96SOY=
-19,39,t9zMTFSGmHp0fV6sFlqx/nW6mLM=,zc9vA3PJVAJwQo0nACpShK96SOY=
-22,42,t9zMTFSGmHp0fV6sFlqx/nW6mLM=,5ngMiQd7xibP1k1FhVJP3Ndx2TQ=
-20,38,t9zMTFSGmHp0fV6sFlqx/nW6mLM=,zc9vA3PJVAJwQo0nACpShK96SOY=
-20,43,t9zMTFSGmHp0fV6sFlqx/nW6mLM=,6lM51GRrzQevEzSmEVEbiauGIJc=
-22,44,t9zMTFSGmHp0fV6sFlqx/nW6mLM=,4W9cyn0Ij8R4dUIRRKNywCURacA=
-21,42,t9zMTFSGmHp0fV6sFlqx/nW6mLM=,5ngMiQd7xibP1k1FhVJP3Ndx2TQ=
-22,38,t9zMTFSGmHp0fV6sFlqx/nW6mLM=,FSiMYZkqoIJKmQUmvFhn3RB0Z5U=
-21,38,t9zMTFSGmHp0fV6sFlqx/nW6mLM=,FSiMYZkqoIJKmQUmvFhn3RB0Z5U=
-21,44,t9zMTFSGmHp0fV6sFlqx/nW6mLM=,4W9cyn0Ij8R4dUIRRKNywCURacA=
-22,46,t9zMTFSGmHp0fV6sFlqx/nW6mLM=,4W9cyn0Ij8R4dUIRRKNywCURacA=
-20,40,t9zMTFSGmHp0fV6sFlqx/nW6mLM=,6lM51GRrzQevEzSmEVEbiauGIJc=
-20,47,t9zMTFSGmHp0fV6sFlqx/nW6mLM=,zI2Zy6cERoN92M7hIVLUHQgd7+4=
-19,47,t9zMTFSGmHp0fV6sFlqx/nW6mLM=,zI2Zy6cERoN92M7hIVLUHQgd7+4=
-19,42,t9zMTFSGmHp0fV6sFlqx/nW6mLM=,6lM51GRrzQevEzSmEVEbiauGIJc=
-19,45,t9zMTFSGmHp0fV6sFlqx/nW6mLM=,zI2Zy6cERoN92M7hIVLUHQgd7+4=
-21,46,t9zMTFSGmHp0fV6sFlqx/nW6mLM=,4W9cyn0Ij8R4dUIRRKNywCURacA=
-19,41,t9zMTFSGmHp0fV6sFlqx/nW6mLM=,6lM51GRrzQevEzSmEVEbiauGIJc=
-20,42,t9zMTFSGmHp0fV6sFlqx/nW6mLM=,6lM51GRrzQevEzSmEVEbiauGIJc=
-19,46,t9zMTFSGmHp0fV6sFlqx/nW6mLM=,zI2Zy6cERoN92M7hIVLUHQgd7+4=
-20,45,t9zMTFSGmHp0fV6sFlqx/nW6mLM=,zI2Zy6cERoN92M7hIVLUHQgd7+4=
-20,41,t9zMTFSGmHp0fV6sFlqx/nW6mLM=,6lM51GRrzQevEzSmEVEbiauGIJc=
-22,45,t9zMTFSGmHp0fV6sFlqx/nW6mLM=,4W9cyn0Ij8R4dUIRRKNywCURacA=
-19,40,t9zMTFSGmHp0fV6sFlqx/nW6mLM=,6lM51GRrzQevEzSmEVEbiauGIJc=
-21,41,t9zMTFSGmHp0fV6sFlqx/nW6mLM=,5ngMiQd7xibP1k1FhVJP3Ndx2TQ=
-22,47,t9zMTFSGmHp0fV6sFlqx/nW6mLM=,4W9cyn0Ij8R4dUIRRKNywCURacA=
-20,46,t9zMTFSGmHp0fV6sFlqx/nW6mLM=,zI2Zy6cERoN92M7hIVLUHQgd7+4=
-21,47,t9zMTFSGmHp0fV6sFlqx/nW6mLM=,4W9cyn0Ij8R4dUIRRKNywCURacA=
-21,45,t9zMTFSGmHp0fV6sFlqx/nW6mLM=,4W9cyn0Ij8R4dUIRRKNywCURacA=
-21,40,t9zMTFSGmHp0fV6sFlqx/nW6mLM=,5ngMiQd7xibP1k1FhVJP3Ndx2TQ=
-22,41,t9zMTFSGmHp0fV6sFlqx/nW6mLM=,5ngMiQd7xibP1k1FhVJP3Ndx2TQ=
-22,40,t9zMTFSGmHp0fV6sFlqx/nW6mLM=,5ngMiQd7xibP1k1FhVJP3Ndx2TQ=
-18,40,t9zMTFSGmHp0fV6sFlqx/nW6mLM=,6lM51GRrzQevEzSmEVEbiauGIJc=
-17,40,t9zMTFSGmHp0fV6sFlqx/nW6mLM=,6lM51GRrzQevEzSmEVEbiauGIJc=
-18,46,t9zMTFSGmHp0fV6sFlqx/nW6mLM=,zI2Zy6cERoN92M7hIVLUHQgd7+4=
-17,39,t9zMTFSGmHp0fV6sFlqx/nW6mLM=,zc9vA3PJVAJwQo0nACpShK96SOY=
-18,41,t9zMTFSGmHp0fV6sFlqx/nW6mLM=,6lM51GRrzQevEzSmEVEbiauGIJc=
-18,39,t9zMTFSGmHp0fV6sFlqx/nW6mLM=,zc9vA3PJVAJwQo0nACpShK96SOY=
-17,41,t9zMTFSGmHp0fV6sFlqx/nW6mLM=,6lM51GRrzQevEzSmEVEbiauGIJc=
-17,46,t9zMTFSGmHp0fV6sFlqx/nW6mLM=,zI2Zy6cERoN92M7hIVLUHQgd7+4=
-18,36,t9zMTFSGmHp0fV6sFlqx/nW6mLM=,zc9vA3PJVAJwQo0nACpShK96SOY=
-18,38,t9zMTFSGmHp0fV6sFlqx/nW6mLM=,zc9vA3PJVAJwQo0nACpShK96SOY=
-17,47,t9zMTFSGmHp0fV6sFlqx/nW6mLM=,zI2Zy6cERoN92M7hIVLUHQgd7+4=
-17,38,t9zMTFSGmHp0fV6sFlqx/nW6mLM=,zc9vA3PJVAJwQo0nACpShK96SOY=
-18,47,t9zMTFSGmHp0fV6sFlqx/nW6mLM=,zI2Zy6cERoN92M7hIVLUHQgd7+4=
-17,36,t9zMTFSGmHp0fV6sFlqx/nW6mLM=,zc9vA3PJVAJwQo0nACpShK96SOY=
-18,35,t9zMTFSGmHp0fV6sFlqx/nW6mLM=,elKmQn1F4iEHRyTLKWbn1oUIAks=
-17,35,t9zMTFSGmHp0fV6sFlqx/nW6mLM=,elKmQn1F4iEHRyTLKWbn1oUIAks=
-18,37,t9zMTFSGmHp0fV6sFlqx/nW6mLM=,zc9vA3PJVAJwQo0nACpShK96SOY=
-18,34,t9zMTFSGmHp0fV6sFlqx/nW6mLM=,elKmQn1F4iEHRyTLKWbn1oUIAks=
-17,34,t9zMTFSGmHp0fV6sFlqx/nW6mLM=,elKmQn1F4iEHRyTLKWbn1oUIAks=
-17,37,t9zMTFSGmHp0fV6sFlqx/nW6mLM=,zc9vA3PJVAJwQo0nACpShK96SOY=
-21,33,t9zMTFSGmHp0fV6sFlqx/nW6mLM=,bhXhN5/IaI2uop/5h6XLgcnYXxY=
-21,32,t9zMTFSGmHp0fV6sFlqx/nW6mLM=,bhXhN5/IaI2uop/5h6XLgcnYXxY=
-22,33,t9zMTFSGmHp0fV6sFlqx/nW6mLM=,bhXhN5/IaI2uop/5h6XLgcnYXxY=
-20,32,t9zMTFSGmHp0fV6sFlqx/nW6mLM=,elKmQn1F4iEHRyTLKWbn1oUIAks=
-19,33,t9zMTFSGmHp0fV6sFlqx/nW6mLM=,elKmQn1F4iEHRyTLKWbn1oUIAks=
-20,33,t9zMTFSGmHp0fV6sFlqx/nW6mLM=,elKmQn1F4iEHRyTLKWbn1oUIAks=
-22,32,t9zMTFSGmHp0fV6sFlqx/nW6mLM=,bhXhN5/IaI2uop/5h6XLgcnYXxY=
-19,32,t9zMTFSGmHp0fV6sFlqx/nW6mLM=,elKmQn1F4iEHRyTLKWbn1oUIAks=
-24,32,t9zMTFSGmHp0fV6sFlqx/nW6mLM=,bhXhN5/IaI2uop/5h6XLgcnYXxY=
-23,32,FWdshbqT6ldDH5u/j/zR9Wg6/us=,bhXhN5/IaI2uop/5h6XLgcnYXxY=
-24,33,FWdshbqT6ldDH5u/j/zR9Wg6/us=,bhXhN5/IaI2uop/5h6XLgcnYXxY=
-23,33,FWdshbqT6ldDH5u/j/zR9Wg6/us=,bhXhN5/IaI2uop/5h6XLgcnYXxY=
-26,33,FWdshbqT6ldDH5u/j/zR9Wg6/us=,owDngmbLXnHKvgIEHVwCd8zRBt8=
-25,33,FWdshbqT6ldDH5u/j/zR9Wg6/us=,owDngmbLXnHKvgIEHVwCd8zRBt8=
-26,32,FWdshbqT6ldDH5u/j/zR9Wg6/us=,owDngmbLXnHKvgIEHVwCd8zRBt8=
-25,32,FWdshbqT6ldDH5u/j/zR9Wg6/us=,owDngmbLXnHKvgIEHVwCd8zRBt8=
-32,40,FWdshbqT6ldDH5u/j/zR9Wg6/us=,yPEYtR1FyLvzQte09MJKCd6YAxo=
-31,40,FWdshbqT6ldDH5u/j/zR9Wg6/us=,yPEYtR1FyLvzQte09MJKCd6YAxo=
-32,39,FWdshbqT6ldDH5u/j/zR9Wg6/us=,xc7R00KuZaN/HRkiJ+ZgvBf1yXA=
-31,39,FWdshbqT6ldDH5u/j/zR9Wg6/us=,xc7R00KuZaN/HRkiJ+ZgvBf1yXA=
-32,41,FWdshbqT6ldDH5u/j/zR9Wg6/us=,yPEYtR1FyLvzQte09MJKCd6YAxo=
-32,38,FWdshbqT6ldDH5u/j/zR9Wg6/us=,xc7R00KuZaN/HRkiJ+ZgvBf1yXA=
-31,38,FWdshbqT6ldDH5u/j/zR9Wg6/us=,xc7R00KuZaN/HRkiJ+ZgvBf1yXA=
-31,41,FWdshbqT6ldDH5u/j/zR9Wg6/us=,yPEYtR1FyLvzQte09MJKCd6YAxo=
-32,42,FWdshbqT6ldDH5u/j/zR9Wg6/us=,yPEYtR1FyLvzQte09MJKCd6YAxo=
-32,43,FWdshbqT6ldDH5u/j/zR9Wg6/us=,yPEYtR1FyLvzQte09MJKCd6YAxo=
-31,42,FWdshbqT6ldDH5u/j/zR9Wg6/us=,yPEYtR1FyLvzQte09MJKCd6YAxo=
-32,45,FWdshbqT6ldDH5u/j/zR9Wg6/us=,1X14oa2ZTUBa5Fwwv8LS9qmcZZ0=
-32,44,FWdshbqT6ldDH5u/j/zR9Wg6/us=,1X14oa2ZTUBa5Fwwv8LS9qmcZZ0=
-31,45,FWdshbqT6ldDH5u/j/zR9Wg6/us=,1X14oa2ZTUBa5Fwwv8LS9qmcZZ0=
-31,44,FWdshbqT6ldDH5u/j/zR9Wg6/us=,1X14oa2ZTUBa5Fwwv8LS9qmcZZ0=
-31,43,FWdshbqT6ldDH5u/j/zR9Wg6/us=,yPEYtR1FyLvzQte09MJKCd6YAxo=
-28,46,FWdshbqT6ldDH5u/j/zR9Wg6/us=,Fzc1Frui/LwAoiG7fyUiJ06c5Yg=
-18,32,FWdshbqT6ldDH5u/j/zR9Wg6/us=,elKmQn1F4iEHRyTLKWbn1oUIAks=
-27,46,FWdshbqT6ldDH5u/j/zR9Wg6/us=,Fzc1Frui/LwAoiG7fyUiJ06c5Yg=
-17,33,FWdshbqT6ldDH5u/j/zR9Wg6/us=,elKmQn1F4iEHRyTLKWbn1oUIAks=
-32,46,FWdshbqT6ldDH5u/j/zR9Wg6/us=,1X14oa2ZTUBa5Fwwv8LS9qmcZZ0=
-17,32,FWdshbqT6ldDH5u/j/zR9Wg6/us=,elKmQn1F4iEHRyTLKWbn1oUIAks=
-29,47,FWdshbqT6ldDH5u/j/zR9Wg6/us=,1X14oa2ZTUBa5Fwwv8LS9qmcZZ0=
-31,46,FWdshbqT6ldDH5u/j/zR9Wg6/us=,1X14oa2ZTUBa5Fwwv8LS9qmcZZ0=
-30,47,FWdshbqT6ldDH5u/j/zR9Wg6/us=,1X14oa2ZTUBa5Fwwv8LS9qmcZZ0=
-31,47,FWdshbqT6ldDH5u/j/zR9Wg6/us=,1X14oa2ZTUBa5Fwwv8LS9qmcZZ0=
-32,47,FWdshbqT6ldDH5u/j/zR9Wg6/us=,1X14oa2ZTUBa5Fwwv8LS9qmcZZ0=
-28,47,FWdshbqT6ldDH5u/j/zR9Wg6/us=,Fzc1Frui/LwAoiG7fyUiJ06c5Yg=
-18,33,FWdshbqT6ldDH5u/j/zR9Wg6/us=,elKmQn1F4iEHRyTLKWbn1oUIAks=
-27,47,FWdshbqT6ldDH5u/j/zR9Wg6/us=,Fzc1Frui/LwAoiG7fyUiJ06c5Yg=
-30,46,FWdshbqT6ldDH5u/j/zR9Wg6/us=,1X14oa2ZTUBa5Fwwv8LS9qmcZZ0=
-29,46,FWdshbqT6ldDH5u/j/zR9Wg6/us=,1X14oa2ZTUBa5Fwwv8LS9qmcZZ0=
-28,37,FWdshbqT6ldDH5u/j/zR9Wg6/us=,7LRyP4z/x1e6YSnwEz01EfD60Uk=
-29,34,FWdshbqT6ldDH5u/j/zR9Wg6/us=,TVtm+kprLHTsV5z3FfazNC6nb6E=
-29,33,FWdshbqT6ldDH5u/j/zR9Wg6/us=,TVtm+kprLHTsV5z3FfazNC6nb6E=
-30,34,FWdshbqT6ldDH5u/j/zR9Wg6/us=,TVtm+kprLHTsV5z3FfazNC6nb6E=
-31,34,FWdshbqT6ldDH5u/j/zR9Wg6/us=,TVtm+kprLHTsV5z3FfazNC6nb6E=
-30,33,FWdshbqT6ldDH5u/j/zR9Wg6/us=,TVtm+kprLHTsV5z3FfazNC6nb6E=
-30,37,FWdshbqT6ldDH5u/j/zR9Wg6/us=,xc7R00KuZaN/HRkiJ+ZgvBf1yXA=
-29,35,FWdshbqT6ldDH5u/j/zR9Wg6/us=,TVtm+kprLHTsV5z3FfazNC6nb6E=
-30,35,FWdshbqT6ldDH5u/j/zR9Wg6/us=,TVtm+kprLHTsV5z3FfazNC6nb6E=
-27,37,FWdshbqT6ldDH5u/j/zR9Wg6/us=,7LRyP4z/x1e6YSnwEz01EfD60Uk=
-32,32,FWdshbqT6ldDH5u/j/zR9Wg6/us=,TVtm+kprLHTsV5z3FfazNC6nb6E=
-32,34,FWdshbqT6ldDH5u/j/zR9Wg6/us=,TVtm+kprLHTsV5z3FfazNC6nb6E=
-32,37,FWdshbqT6ldDH5u/j/zR9Wg6/us=,xc7R00KuZaN/HRkiJ+ZgvBf1yXA=
-31,37,FWdshbqT6ldDH5u/j/zR9Wg6/us=,xc7R00KuZaN/HRkiJ+ZgvBf1yXA=
-32,36,FWdshbqT6ldDH5u/j/zR9Wg6/us=,xc7R00KuZaN/HRkiJ+ZgvBf1yXA=
-27,34,FWdshbqT6ldDH5u/j/zR9Wg6/us=,owDngmbLXnHKvgIEHVwCd8zRBt8=
-28,36,FWdshbqT6ldDH5u/j/zR9Wg6/us=,7LRyP4z/x1e6YSnwEz01EfD60Uk=
-30,36,FWdshbqT6ldDH5u/j/zR9Wg6/us=,xc7R00KuZaN/HRkiJ+ZgvBf1yXA=
-29,32,FWdshbqT6ldDH5u/j/zR9Wg6/us=,TVtm+kprLHTsV5z3FfazNC6nb6E=
-28,34,FWdshbqT6ldDH5u/j/zR9Wg6/us=,owDngmbLXnHKvgIEHVwCd8zRBt8=
-30,32,FWdshbqT6ldDH5u/j/zR9Wg6/us=,TVtm+kprLHTsV5z3FfazNC6nb6E=
-32,35,FWdshbqT6ldDH5u/j/zR9Wg6/us=,TVtm+kprLHTsV5z3FfazNC6nb6E=
-31,35,FWdshbqT6ldDH5u/j/zR9Wg6/us=,TVtm+kprLHTsV5z3FfazNC6nb6E=
-29,37,FWdshbqT6ldDH5u/j/zR9Wg6/us=,xc7R00KuZaN/HRkiJ+ZgvBf1yXA=
-28,33,FWdshbqT6ldDH5u/j/zR9Wg6/us=,owDngmbLXnHKvgIEHVwCd8zRBt8=
-27,35,FWdshbqT6ldDH5u/j/zR9Wg6/us=,owDngmbLXnHKvgIEHVwCd8zRBt8=
-27,33,FWdshbqT6ldDH5u/j/zR9Wg6/us=,owDngmbLXnHKvgIEHVwCd8zRBt8=
-31,36,FWdshbqT6ldDH5u/j/zR9Wg6/us=,xc7R00KuZaN/HRkiJ+ZgvBf1yXA=
-31,32,FWdshbqT6ldDH5u/j/zR9Wg6/us=,TVtm+kprLHTsV5z3FfazNC6nb6E=
-28,35,FWdshbqT6ldDH5u/j/zR9Wg6/us=,owDngmbLXnHKvgIEHVwCd8zRBt8=
-32,33,FWdshbqT6ldDH5u/j/zR9Wg6/us=,TVtm+kprLHTsV5z3FfazNC6nb6E=
-29,36,FWdshbqT6ldDH5u/j/zR9Wg6/us=,xc7R00KuZaN/HRkiJ+ZgvBf1yXA=
-31,33,FWdshbqT6ldDH5u/j/zR9Wg6/us=,TVtm+kprLHTsV5z3FfazNC6nb6E=
-27,36,FWdshbqT6ldDH5u/j/zR9Wg6/us=,7LRyP4z/x1e6YSnwEz01EfD60Uk=
-28,32,FWdshbqT6ldDH5u/j/zR9Wg6/us=,owDngmbLXnHKvgIEHVwCd8zRBt8=
-27,32,FWdshbqT6ldDH5u/j/zR9Wg6/us=,owDngmbLXnHKvgIEHVwCd8zRBt8=
-24,54,jS19IiIgMX0f6HMhIXq3jKDCbV8=,5mnyzQgCh+A4ezcg+HVG+F9y/dM=
-23,54,jS19IiIgMX0f6HMhIXq3jKDCbV8=,5mnyzQgCh+A4ezcg+HVG+F9y/dM=
-25,57,jS19IiIgMX0f6HMhIXq3jKDCbV8=,JxciH/Ljn5AjUC928JEwyxsaIO8=
-23,57,jS19IiIgMX0f6HMhIXq3jKDCbV8=,iTfBmXcJffLeAgQ4puw5uQcrtPw=
-24,57,jS19IiIgMX0f6HMhIXq3jKDCbV8=,iTfBmXcJffLeAgQ4puw5uQcrtPw=
-26,56,jS19IiIgMX0f6HMhIXq3jKDCbV8=,JxciH/Ljn5AjUC928JEwyxsaIO8=
-24,56,jS19IiIgMX0f6HMhIXq3jKDCbV8=,iTfBmXcJffLeAgQ4puw5uQcrtPw=
-23,55,jS19IiIgMX0f6HMhIXq3jKDCbV8=,5mnyzQgCh+A4ezcg+HVG+F9y/dM=
-25,56,jS19IiIgMX0f6HMhIXq3jKDCbV8=,JxciH/Ljn5AjUC928JEwyxsaIO8=
-25,55,jS19IiIgMX0f6HMhIXq3jKDCbV8=,i7AYvh8uEhegyfRJcfUbIEC+Wm0=
-23,56,jS19IiIgMX0f6HMhIXq3jKDCbV8=,iTfBmXcJffLeAgQ4puw5uQcrtPw=
-26,57,jS19IiIgMX0f6HMhIXq3jKDCbV8=,JxciH/Ljn5AjUC928JEwyxsaIO8=
-25,54,jS19IiIgMX0f6HMhIXq3jKDCbV8=,i7AYvh8uEhegyfRJcfUbIEC+Wm0=
-26,54,jS19IiIgMX0f6HMhIXq3jKDCbV8=,i7AYvh8uEhegyfRJcfUbIEC+Wm0=
-26,55,jS19IiIgMX0f6HMhIXq3jKDCbV8=,i7AYvh8uEhegyfRJcfUbIEC+Wm0=
-24,55,jS19IiIgMX0f6HMhIXq3jKDCbV8=,5mnyzQgCh+A4ezcg+HVG+F9y/dM=
-24,52,IhpP3TNEMCusVdZfr+UqRjmfTkw=,5mnyzQgCh+A4ezcg+HVG+F9y/dM=
-23,52,IhpP3TNEMCusVdZfr+UqRjmfTkw=,5mnyzQgCh+A4ezcg+HVG+F9y/dM=
-26,51,IhpP3TNEMCusVdZfr+UqRjmfTkw=,OnjxiXK3rVvQ/G8V5nRUls0vn8Y=
-25,51,IhpP3TNEMCusVdZfr+UqRjmfTkw=,OnjxiXK3rVvQ/G8V5nRUls0vn8Y=
-23,51,IhpP3TNEMCusVdZfr+UqRjmfTkw=,DbuPqdaXv3B9SHuz0ugDmdl9eeI=
-24,51,IhpP3TNEMCusVdZfr+UqRjmfTkw=,DbuPqdaXv3B9SHuz0ugDmdl9eeI=
-25,52,IhpP3TNEMCusVdZfr+UqRjmfTkw=,i7AYvh8uEhegyfRJcfUbIEC+Wm0=
-25,50,IhpP3TNEMCusVdZfr+UqRjmfTkw=,OnjxiXK3rVvQ/G8V5nRUls0vn8Y=
-26,52,IhpP3TNEMCusVdZfr+UqRjmfTkw=,i7AYvh8uEhegyfRJcfUbIEC+Wm0=
-26,50,IhpP3TNEMCusVdZfr+UqRjmfTkw=,OnjxiXK3rVvQ/G8V5nRUls0vn8Y=
-24,53,IhpP3TNEMCusVdZfr+UqRjmfTkw=,5mnyzQgCh+A4ezcg+HVG+F9y/dM=
-23,53,IhpP3TNEMCusVdZfr+UqRjmfTkw=,5mnyzQgCh+A4ezcg+HVG+F9y/dM=
-26,53,IhpP3TNEMCusVdZfr+UqRjmfTkw=,i7AYvh8uEhegyfRJcfUbIEC+Wm0=
-25,53,IhpP3TNEMCusVdZfr+UqRjmfTkw=,i7AYvh8uEhegyfRJcfUbIEC+Wm0=
-24,50,IhpP3TNEMCusVdZfr+UqRjmfTkw=,DbuPqdaXv3B9SHuz0ugDmdl9eeI=
-23,50,IhpP3TNEMCusVdZfr+UqRjmfTkw=,DbuPqdaXv3B9SHuz0ugDmdl9eeI=
-20,52,IhpP3TNEMCusVdZfr+UqRjmfTkw=,Q/WsOc5tmac9qqqRDYjWNUtSetw=
-19,52,IhpP3TNEMCusVdZfr+UqRjmfTkw=,Q/WsOc5tmac9qqqRDYjWNUtSetw=
-19,51,IhpP3TNEMCusVdZfr+UqRjmfTkw=,YY8D1viroaPt/GvMFvkGoDN9f98=
-22,52,IhpP3TNEMCusVdZfr+UqRjmfTkw=,5mnyzQgCh+A4ezcg+HVG+F9y/dM=
-21,52,IhpP3TNEMCusVdZfr+UqRjmfTkw=,5mnyzQgCh+A4ezcg+HVG+F9y/dM=
-22,53,IhpP3TNEMCusVdZfr+UqRjmfTkw=,5mnyzQgCh+A4ezcg+HVG+F9y/dM=
-22,51,IhpP3TNEMCusVdZfr+UqRjmfTkw=,DbuPqdaXv3B9SHuz0ugDmdl9eeI=
-21,50,IhpP3TNEMCusVdZfr+UqRjmfTkw=,DbuPqdaXv3B9SHuz0ugDmdl9eeI=
-21,51,IhpP3TNEMCusVdZfr+UqRjmfTkw=,DbuPqdaXv3B9SHuz0ugDmdl9eeI=
-22,50,IhpP3TNEMCusVdZfr+UqRjmfTkw=,DbuPqdaXv3B9SHuz0ugDmdl9eeI=
-20,51,IhpP3TNEMCusVdZfr+UqRjmfTkw=,YY8D1viroaPt/GvMFvkGoDN9f98=
-20,50,IhpP3TNEMCusVdZfr+UqRjmfTkw=,YY8D1viroaPt/GvMFvkGoDN9f98=
-19,53,IhpP3TNEMCusVdZfr+UqRjmfTkw=,Q/WsOc5tmac9qqqRDYjWNUtSetw=
-21,53,IhpP3TNEMCusVdZfr+UqRjmfTkw=,5mnyzQgCh+A4ezcg+HVG+F9y/dM=
-19,50,IhpP3TNEMCusVdZfr+UqRjmfTkw=,YY8D1viroaPt/GvMFvkGoDN9f98=
-20,53,IhpP3TNEMCusVdZfr+UqRjmfTkw=,Q/WsOc5tmac9qqqRDYjWNUtSetw=
-28,49,/KI7wOr62QxbULDY9lgFxPPt9i8=,OnjxiXK3rVvQ/G8V5nRUls0vn8Y=
-27,49,/KI7wOr62QxbULDY9lgFxPPt9i8=,OnjxiXK3rVvQ/G8V5nRUls0vn8Y=
-30,48,/KI7wOr62QxbULDY9lgFxPPt9i8=,4OfswJ/WuaH9EVpk4/rINinCPzs=
-29,48,/KI7wOr62QxbULDY9lgFxPPt9i8=,4OfswJ/WuaH9EVpk4/rINinCPzs=
-27,48,/KI7wOr62QxbULDY9lgFxPPt9i8=,OnjxiXK3rVvQ/G8V5nRUls0vn8Y=
-30,49,/KI7wOr62QxbULDY9lgFxPPt9i8=,4OfswJ/WuaH9EVpk4/rINinCPzs=
-28,48,/KI7wOr62QxbULDY9lgFxPPt9i8=,OnjxiXK3rVvQ/G8V5nRUls0vn8Y=
-29,49,/KI7wOr62QxbULDY9lgFxPPt9i8=,4OfswJ/WuaH9EVpk4/rINinCPzs=
-24,48,/KI7wOr62QxbULDY9lgFxPPt9i8=,DbuPqdaXv3B9SHuz0ugDmdl9eeI=
-23,48,/KI7wOr62QxbULDY9lgFxPPt9i8=,DbuPqdaXv3B9SHuz0ugDmdl9eeI=
-26,49,/KI7wOr62QxbULDY9lgFxPPt9i8=,OnjxiXK3rVvQ/G8V5nRUls0vn8Y=
-25,49,/KI7wOr62QxbULDY9lgFxPPt9i8=,OnjxiXK3rVvQ/G8V5nRUls0vn8Y=
-24,49,/KI7wOr62QxbULDY9lgFxPPt9i8=,DbuPqdaXv3B9SHuz0ugDmdl9eeI=
-23,49,/KI7wOr62QxbULDY9lgFxPPt9i8=,DbuPqdaXv3B9SHuz0ugDmdl9eeI=
-26,48,/KI7wOr62QxbULDY9lgFxPPt9i8=,OnjxiXK3rVvQ/G8V5nRUls0vn8Y=
-25,48,/KI7wOr62QxbULDY9lgFxPPt9i8=,OnjxiXK3rVvQ/G8V5nRUls0vn8Y=
-20,48,/KI7wOr62QxbULDY9lgFxPPt9i8=,YY8D1viroaPt/GvMFvkGoDN9f98=
-21,48,/KI7wOr62QxbULDY9lgFxPPt9i8=,DbuPqdaXv3B9SHuz0ugDmdl9eeI=
-20,49,/KI7wOr62QxbULDY9lgFxPPt9i8=,YY8D1viroaPt/GvMFvkGoDN9f98=
-21,49,/KI7wOr62QxbULDY9lgFxPPt9i8=,DbuPqdaXv3B9SHuz0ugDmdl9eeI=
-19,48,/KI7wOr62QxbULDY9lgFxPPt9i8=,YY8D1viroaPt/GvMFvkGoDN9f98=
-19,49,/KI7wOr62QxbULDY9lgFxPPt9i8=,YY8D1viroaPt/GvMFvkGoDN9f98=
-28,51,/KI7wOr62QxbULDY9lgFxPPt9i8=,OnjxiXK3rVvQ/G8V5nRUls0vn8Y=
-29,52,/KI7wOr62QxbULDY9lgFxPPt9i8=,LcwFAlK8EgokiClzrC57ClYG2Jk=
-22,48,/KI7wOr62QxbULDY9lgFxPPt9i8=,DbuPqdaXv3B9SHuz0ugDmdl9eeI=
-22,49,/KI7wOr62QxbULDY9lgFxPPt9i8=,DbuPqdaXv3B9SHuz0ugDmdl9eeI=
-31,56,/KI7wOr62QxbULDY9lgFxPPt9i8=,Qk4VYTMav+4V0XqsYV26QEWpheA=
-32,56,/KI7wOr62QxbULDY9lgFxPPt9i8=,Qk4VYTMav+4V0XqsYV26QEWpheA=
-30,56,/KI7wOr62QxbULDY9lgFxPPt9i8=,Qk4VYTMav+4V0XqsYV26QEWpheA=
-30,52,/KI7wOr62QxbULDY9lgFxPPt9i8=,LcwFAlK8EgokiClzrC57ClYG2Jk=
-30,55,/KI7wOr62QxbULDY9lgFxPPt9i8=,LcwFAlK8EgokiClzrC57ClYG2Jk=
-29,56,/KI7wOr62QxbULDY9lgFxPPt9i8=,Qk4VYTMav+4V0XqsYV26QEWpheA=
-29,55,/KI7wOr62QxbULDY9lgFxPPt9i8=,LcwFAlK8EgokiClzrC57ClYG2Jk=
-29,54,/KI7wOr62QxbULDY9lgFxPPt9i8=,LcwFAlK8EgokiClzrC57ClYG2Jk=
-27,57,/KI7wOr62QxbULDY9lgFxPPt9i8=,JxciH/Ljn5AjUC928JEwyxsaIO8=
-28,57,/KI7wOr62QxbULDY9lgFxPPt9i8=,JxciH/Ljn5AjUC928JEwyxsaIO8=
-32,55,/KI7wOr62QxbULDY9lgFxPPt9i8=,LcwFAlK8EgokiClzrC57ClYG2Jk=
-30,54,/KI7wOr62QxbULDY9lgFxPPt9i8=,LcwFAlK8EgokiClzrC57ClYG2Jk=
-31,55,/KI7wOr62QxbULDY9lgFxPPt9i8=,LcwFAlK8EgokiClzrC57ClYG2Jk=
-27,51,/KI7wOr62QxbULDY9lgFxPPt9i8=,OnjxiXK3rVvQ/G8V5nRUls0vn8Y=
-31,52,/KI7wOr62QxbULDY9lgFxPPt9i8=,LcwFAlK8EgokiClzrC57ClYG2Jk=
-32,52,/KI7wOr62QxbULDY9lgFxPPt9i8=,LcwFAlK8EgokiClzrC57ClYG2Jk=
-30,51,/KI7wOr62QxbULDY9lgFxPPt9i8=,4OfswJ/WuaH9EVpk4/rINinCPzs=
-29,51,/KI7wOr62QxbULDY9lgFxPPt9i8=,4OfswJ/WuaH9EVpk4/rINinCPzs=
-32,54,/KI7wOr62QxbULDY9lgFxPPt9i8=,LcwFAlK8EgokiClzrC57ClYG2Jk=
-28,53,/KI7wOr62QxbULDY9lgFxPPt9i8=,i7AYvh8uEhegyfRJcfUbIEC+Wm0=
-27,55,/KI7wOr62QxbULDY9lgFxPPt9i8=,i7AYvh8uEhegyfRJcfUbIEC+Wm0=
-30,57,/KI7wOr62QxbULDY9lgFxPPt9i8=,Qk4VYTMav+4V0XqsYV26QEWpheA=
-31,54,/KI7wOr62QxbULDY9lgFxPPt9i8=,LcwFAlK8EgokiClzrC57ClYG2Jk=
-31,51,/KI7wOr62QxbULDY9lgFxPPt9i8=,4OfswJ/WuaH9EVpk4/rINinCPzs=
-29,57,/KI7wOr62QxbULDY9lgFxPPt9i8=,Qk4VYTMav+4V0XqsYV26QEWpheA=
-27,53,/KI7wOr62QxbULDY9lgFxPPt9i8=,i7AYvh8uEhegyfRJcfUbIEC+Wm0=
-27,50,/KI7wOr62QxbULDY9lgFxPPt9i8=,OnjxiXK3rVvQ/G8V5nRUls0vn8Y=
-32,51,/KI7wOr62QxbULDY9lgFxPPt9i8=,4OfswJ/WuaH9EVpk4/rINinCPzs=
-28,50,/KI7wOr62QxbULDY9lgFxPPt9i8=,OnjxiXK3rVvQ/G8V5nRUls0vn8Y=
-28,54,/KI7wOr62QxbULDY9lgFxPPt9i8=,i7AYvh8uEhegyfRJcfUbIEC+Wm0=
-27,54,/KI7wOr62QxbULDY9lgFxPPt9i8=,i7AYvh8uEhegyfRJcfUbIEC+Wm0=
-27,52,/KI7wOr62QxbULDY9lgFxPPt9i8=,i7AYvh8uEhegyfRJcfUbIEC+Wm0=
-28,52,/KI7wOr62QxbULDY9lgFxPPt9i8=,i7AYvh8uEhegyfRJcfUbIEC+Wm0=
-32,53,/KI7wOr62QxbULDY9lgFxPPt9i8=,LcwFAlK8EgokiClzrC57ClYG2Jk=
-30,50,/KI7wOr62QxbULDY9lgFxPPt9i8=,4OfswJ/WuaH9EVpk4/rINinCPzs=
-29,50,/KI7wOr62QxbULDY9lgFxPPt9i8=,4OfswJ/WuaH9EVpk4/rINinCPzs=
-28,55,/KI7wOr62QxbULDY9lgFxPPt9i8=,i7AYvh8uEhegyfRJcfUbIEC+Wm0=
-27,56,/KI7wOr62QxbULDY9lgFxPPt9i8=,JxciH/Ljn5AjUC928JEwyxsaIO8=
-28,56,/KI7wOr62QxbULDY9lgFxPPt9i8=,JxciH/Ljn5AjUC928JEwyxsaIO8=
-31,53,/KI7wOr62QxbULDY9lgFxPPt9i8=,LcwFAlK8EgokiClzrC57ClYG2Jk=
-32,57,/KI7wOr62QxbULDY9lgFxPPt9i8=,Qk4VYTMav+4V0XqsYV26QEWpheA=
-31,57,/KI7wOr62QxbULDY9lgFxPPt9i8=,Qk4VYTMav+4V0XqsYV26QEWpheA=
-30,53,/KI7wOr62QxbULDY9lgFxPPt9i8=,LcwFAlK8EgokiClzrC57ClYG2Jk=
-29,53,/KI7wOr62QxbULDY9lgFxPPt9i8=,LcwFAlK8EgokiClzrC57ClYG2Jk=
-32,50,/KI7wOr62QxbULDY9lgFxPPt9i8=,4OfswJ/WuaH9EVpk4/rINinCPzs=
-31,50,/KI7wOr62QxbULDY9lgFxPPt9i8=,4OfswJ/WuaH9EVpk4/rINinCPzs=
-26,58,/KI7wOr62QxbULDY9lgFxPPt9i8=,JxciH/Ljn5AjUC928JEwyxsaIO8=
-25,58,/KI7wOr62QxbULDY9lgFxPPt9i8=,JxciH/Ljn5AjUC928JEwyxsaIO8=
-24,58,/KI7wOr62QxbULDY9lgFxPPt9i8=,iTfBmXcJffLeAgQ4puw5uQcrtPw=
-23,58,/KI7wOr62QxbULDY9lgFxPPt9i8=,iTfBmXcJffLeAgQ4puw5uQcrtPw=
-24,59,/KI7wOr62QxbULDY9lgFxPPt9i8=,iTfBmXcJffLeAgQ4puw5uQcrtPw=
-23,59,/KI7wOr62QxbULDY9lgFxPPt9i8=,iTfBmXcJffLeAgQ4puw5uQcrtPw=
-26,59,/KI7wOr62QxbULDY9lgFxPPt9i8=,JxciH/Ljn5AjUC928JEwyxsaIO8=
-25,59,/KI7wOr62QxbULDY9lgFxPPt9i8=,JxciH/Ljn5AjUC928JEwyxsaIO8=
-28,58,HTDXTV60nolnOzXKyIzy3dHgglM=,JxciH/Ljn5AjUC928JEwyxsaIO8=
-27,58,HTDXTV60nolnOzXKyIzy3dHgglM=,JxciH/Ljn5AjUC928JEwyxsaIO8=
-30,59,HTDXTV60nolnOzXKyIzy3dHgglM=,Qk4VYTMav+4V0XqsYV26QEWpheA=
-27,59,HTDXTV60nolnOzXKyIzy3dHgglM=,JxciH/Ljn5AjUC928JEwyxsaIO8=
-28,59,HTDXTV60nolnOzXKyIzy3dHgglM=,JxciH/Ljn5AjUC928JEwyxsaIO8=
-29,58,HTDXTV60nolnOzXKyIzy3dHgglM=,Qk4VYTMav+4V0XqsYV26QEWpheA=
-30,58,HTDXTV60nolnOzXKyIzy3dHgglM=,Qk4VYTMav+4V0XqsYV26QEWpheA=
-29,59,HTDXTV60nolnOzXKyIzy3dHgglM=,Qk4VYTMav+4V0XqsYV26QEWpheA=
-18,62,HTDXTV60nolnOzXKyIzy3dHgglM=,xxTywRf85mAa6eneUUOWLotbYCY=
-17,62,HTDXTV60nolnOzXKyIzy3dHgglM=,xxTywRf85mAa6eneUUOWLotbYCY=
-18,63,HTDXTV60nolnOzXKyIzy3dHgglM=,xxTywRf85mAa6eneUUOWLotbYCY=
-17,63,HTDXTV60nolnOzXKyIzy3dHgglM=,xxTywRf85mAa6eneUUOWLotbYCY=
-20,62,HTDXTV60nolnOzXKyIzy3dHgglM=,xxTywRf85mAa6eneUUOWLotbYCY=
-19,63,HTDXTV60nolnOzXKyIzy3dHgglM=,xxTywRf85mAa6eneUUOWLotbYCY=
-20,63,HTDXTV60nolnOzXKyIzy3dHgglM=,xxTywRf85mAa6eneUUOWLotbYCY=
-19,62,HTDXTV60nolnOzXKyIzy3dHgglM=,xxTywRf85mAa6eneUUOWLotbYCY=
-18,52,HTDXTV60nolnOzXKyIzy3dHgglM=,Q/WsOc5tmac9qqqRDYjWNUtSetw=
-17,52,HTDXTV60nolnOzXKyIzy3dHgglM=,Q/WsOc5tmac9qqqRDYjWNUtSetw=
-18,48,HTDXTV60nolnOzXKyIzy3dHgglM=,YY8D1viroaPt/GvMFvkGoDN9f98=
-18,51,HTDXTV60nolnOzXKyIzy3dHgglM=,YY8D1viroaPt/GvMFvkGoDN9f98=
-17,51,HTDXTV60nolnOzXKyIzy3dHgglM=,YY8D1viroaPt/GvMFvkGoDN9f98=
-17,53,HTDXTV60nolnOzXKyIzy3dHgglM=,Q/WsOc5tmac9qqqRDYjWNUtSetw=
-18,50,HTDXTV60nolnOzXKyIzy3dHgglM=,YY8D1viroaPt/GvMFvkGoDN9f98=
-18,53,HTDXTV60nolnOzXKyIzy3dHgglM=,Q/WsOc5tmac9qqqRDYjWNUtSetw=
-18,49,HTDXTV60nolnOzXKyIzy3dHgglM=,YY8D1viroaPt/GvMFvkGoDN9f98=
-17,50,HTDXTV60nolnOzXKyIzy3dHgglM=,YY8D1viroaPt/GvMFvkGoDN9f98=
-32,59,HTDXTV60nolnOzXKyIzy3dHgglM=,Qk4VYTMav+4V0XqsYV26QEWpheA=
-31,58,HTDXTV60nolnOzXKyIzy3dHgglM=,Qk4VYTMav+4V0XqsYV26QEWpheA=
-32,58,HTDXTV60nolnOzXKyIzy3dHgglM=,Qk4VYTMav+4V0XqsYV26QEWpheA=
-31,59,HTDXTV60nolnOzXKyIzy3dHgglM=,Qk4VYTMav+4V0XqsYV26QEWpheA=
-17,48,HTDXTV60nolnOzXKyIzy3dHgglM=,YY8D1viroaPt/GvMFvkGoDN9f98=
-17,49,HTDXTV60nolnOzXKyIzy3dHgglM=,YY8D1viroaPt/GvMFvkGoDN9f98=
-32,48,HTDXTV60nolnOzXKyIzy3dHgglM=,4OfswJ/WuaH9EVpk4/rINinCPzs=
-32,49,HTDXTV60nolnOzXKyIzy3dHgglM=,4OfswJ/WuaH9EVpk4/rINinCPzs=
-31,49,HTDXTV60nolnOzXKyIzy3dHgglM=,4OfswJ/WuaH9EVpk4/rINinCPzs=
-31,48,HTDXTV60nolnOzXKyIzy3dHgglM=,4OfswJ/WuaH9EVpk4/rINinCPzs=
-22,57,HTDXTV60nolnOzXKyIzy3dHgglM=,iTfBmXcJffLeAgQ4puw5uQcrtPw=
-21,57,HTDXTV60nolnOzXKyIzy3dHgglM=,iTfBmXcJffLeAgQ4puw5uQcrtPw=
-21,59,HTDXTV60nolnOzXKyIzy3dHgglM=,iTfBmXcJffLeAgQ4puw5uQcrtPw=
-20,59,HTDXTV60nolnOzXKyIzy3dHgglM=,6QZtWmq59MmDjF1S5I7PMUsNj7A=
-19,59,HTDXTV60nolnOzXKyIzy3dHgglM=,6QZtWmq59MmDjF1S5I7PMUsNj7A=
-22,59,HTDXTV60nolnOzXKyIzy3dHgglM=,iTfBmXcJffLeAgQ4puw5uQcrtPw=
-17,61,HTDXTV60nolnOzXKyIzy3dHgglM=,xxTywRf85mAa6eneUUOWLotbYCY=
-18,61,HTDXTV60nolnOzXKyIzy3dHgglM=,xxTywRf85mAa6eneUUOWLotbYCY=
-18,59,HTDXTV60nolnOzXKyIzy3dHgglM=,6QZtWmq59MmDjF1S5I7PMUsNj7A=
-17,59,HTDXTV60nolnOzXKyIzy3dHgglM=,6QZtWmq59MmDjF1S5I7PMUsNj7A=
-21,58,HTDXTV60nolnOzXKyIzy3dHgglM=,iTfBmXcJffLeAgQ4puw5uQcrtPw=
-22,58,HTDXTV60nolnOzXKyIzy3dHgglM=,iTfBmXcJffLeAgQ4puw5uQcrtPw=
-19,61,HTDXTV60nolnOzXKyIzy3dHgglM=,xxTywRf85mAa6eneUUOWLotbYCY=
-20,56,HTDXTV60nolnOzXKyIzy3dHgglM=,6QZtWmq59MmDjF1S5I7PMUsNj7A=
-20,61,HTDXTV60nolnOzXKyIzy3dHgglM=,xxTywRf85mAa6eneUUOWLotbYCY=
-19,58,HTDXTV60nolnOzXKyIzy3dHgglM=,6QZtWmq59MmDjF1S5I7PMUsNj7A=
-20,58,HTDXTV60nolnOzXKyIzy3dHgglM=,6QZtWmq59MmDjF1S5I7PMUsNj7A=
-17,60,HTDXTV60nolnOzXKyIzy3dHgglM=,xxTywRf85mAa6eneUUOWLotbYCY=
-20,55,HTDXTV60nolnOzXKyIzy3dHgglM=,Q/WsOc5tmac9qqqRDYjWNUtSetw=
-18,60,HTDXTV60nolnOzXKyIzy3dHgglM=,xxTywRf85mAa6eneUUOWLotbYCY=
-19,60,HTDXTV60nolnOzXKyIzy3dHgglM=,xxTywRf85mAa6eneUUOWLotbYCY=
-20,60,HTDXTV60nolnOzXKyIzy3dHgglM=,xxTywRf85mAa6eneUUOWLotbYCY=
-18,54,HTDXTV60nolnOzXKyIzy3dHgglM=,Q/WsOc5tmac9qqqRDYjWNUtSetw=
-17,55,HTDXTV60nolnOzXKyIzy3dHgglM=,Q/WsOc5tmac9qqqRDYjWNUtSetw=
-21,56,HTDXTV60nolnOzXKyIzy3dHgglM=,iTfBmXcJffLeAgQ4puw5uQcrtPw=
-18,58,HTDXTV60nolnOzXKyIzy3dHgglM=,6QZtWmq59MmDjF1S5I7PMUsNj7A=
-18,55,HTDXTV60nolnOzXKyIzy3dHgglM=,Q/WsOc5tmac9qqqRDYjWNUtSetw=
-17,58,HTDXTV60nolnOzXKyIzy3dHgglM=,6QZtWmq59MmDjF1S5I7PMUsNj7A=
-19,55,HTDXTV60nolnOzXKyIzy3dHgglM=,Q/WsOc5tmac9qqqRDYjWNUtSetw=
-19,54,HTDXTV60nolnOzXKyIzy3dHgglM=,Q/WsOc5tmac9qqqRDYjWNUtSetw=
-19,57,HTDXTV60nolnOzXKyIzy3dHgglM=,6QZtWmq59MmDjF1S5I7PMUsNj7A=
-20,57,HTDXTV60nolnOzXKyIzy3dHgglM=,6QZtWmq59MmDjF1S5I7PMUsNj7A=
-20,54,HTDXTV60nolnOzXKyIzy3dHgglM=,Q/WsOc5tmac9qqqRDYjWNUtSetw=
-22,56,HTDXTV60nolnOzXKyIzy3dHgglM=,iTfBmXcJffLeAgQ4puw5uQcrtPw=
-17,57,HTDXTV60nolnOzXKyIzy3dHgglM=,6QZtWmq59MmDjF1S5I7PMUsNj7A=
-19,56,HTDXTV60nolnOzXKyIzy3dHgglM=,6QZtWmq59MmDjF1S5I7PMUsNj7A=
-21,55,HTDXTV60nolnOzXKyIzy3dHgglM=,5mnyzQgCh+A4ezcg+HVG+F9y/dM=
-22,55,HTDXTV60nolnOzXKyIzy3dHgglM=,5mnyzQgCh+A4ezcg+HVG+F9y/dM=
-17,56,HTDXTV60nolnOzXKyIzy3dHgglM=,6QZtWmq59MmDjF1S5I7PMUsNj7A=
-18,57,HTDXTV60nolnOzXKyIzy3dHgglM=,6QZtWmq59MmDjF1S5I7PMUsNj7A=
-21,54,HTDXTV60nolnOzXKyIzy3dHgglM=,5mnyzQgCh+A4ezcg+HVG+F9y/dM=
-17,54,HTDXTV60nolnOzXKyIzy3dHgglM=,Q/WsOc5tmac9qqqRDYjWNUtSetw=
-18,56,HTDXTV60nolnOzXKyIzy3dHgglM=,6QZtWmq59MmDjF1S5I7PMUsNj7A=
-22,54,HTDXTV60nolnOzXKyIzy3dHgglM=,5mnyzQgCh+A4ezcg+HVG+F9y/dM=
-4,52,6x2lWbJInjsNny0rIcsplavwH6A=,WL+1aob4qUPEduFJEcYsWAN549U=
-4,51,6x2lWbJInjsNny0rIcsplavwH6A=,Ecbtf5U7szse6hH8KRXPXRMj6FE=
-3,53,6x2lWbJInjsNny0rIcsplavwH6A=,WL+1aob4qUPEduFJEcYsWAN549U=
-5,53,6x2lWbJInjsNny0rIcsplavwH6A=,nGRn/vLUsDHBXN1mjPJFEI0bQKU=
-3,51,6x2lWbJInjsNny0rIcsplavwH6A=,Ecbtf5U7szse6hH8KRXPXRMj6FE=
-3,50,6x2lWbJInjsNny0rIcsplavwH6A=,Ecbtf5U7szse6hH8KRXPXRMj6FE=
-6,51,6x2lWbJInjsNny0rIcsplavwH6A=,pAUCGr/JX5OMlvNkJpKi5tUmwCw=
-6,50,6x2lWbJInjsNny0rIcsplavwH6A=,pAUCGr/JX5OMlvNkJpKi5tUmwCw=
-5,51,6x2lWbJInjsNny0rIcsplavwH6A=,pAUCGr/JX5OMlvNkJpKi5tUmwCw=
-4,53,6x2lWbJInjsNny0rIcsplavwH6A=,WL+1aob4qUPEduFJEcYsWAN549U=
-5,50,6x2lWbJInjsNny0rIcsplavwH6A=,pAUCGr/JX5OMlvNkJpKi5tUmwCw=
-4,50,6x2lWbJInjsNny0rIcsplavwH6A=,Ecbtf5U7szse6hH8KRXPXRMj6FE=
-6,53,6x2lWbJInjsNny0rIcsplavwH6A=,nGRn/vLUsDHBXN1mjPJFEI0bQKU=
-5,52,6x2lWbJInjsNny0rIcsplavwH6A=,nGRn/vLUsDHBXN1mjPJFEI0bQKU=
-6,52,6x2lWbJInjsNny0rIcsplavwH6A=,nGRn/vLUsDHBXN1mjPJFEI0bQKU=
-3,52,6x2lWbJInjsNny0rIcsplavwH6A=,WL+1aob4qUPEduFJEcYsWAN549U=
-5,59,AuQ0b38bs6PdLn2MOYLhn6KFgUc=,NgNobFmEr/JQQBV1AkDp8B/3nWo=
-4,60,AuQ0b38bs6PdLn2MOYLhn6KFgUc=,GUtX5lB4a8s6bvH3JaVMO484obE=
-6,59,AuQ0b38bs6PdLn2MOYLhn6KFgUc=,NgNobFmEr/JQQBV1AkDp8B/3nWo=
-3,55,AuQ0b38bs6PdLn2MOYLhn6KFgUc=,WL+1aob4qUPEduFJEcYsWAN549U=
-3,60,AuQ0b38bs6PdLn2MOYLhn6KFgUc=,GUtX5lB4a8s6bvH3JaVMO484obE=
-5,55,AuQ0b38bs6PdLn2MOYLhn6KFgUc=,nGRn/vLUsDHBXN1mjPJFEI0bQKU=
-5,56,AuQ0b38bs6PdLn2MOYLhn6KFgUc=,NgNobFmEr/JQQBV1AkDp8B/3nWo=
-6,55,AuQ0b38bs6PdLn2MOYLhn6KFgUc=,nGRn/vLUsDHBXN1mjPJFEI0bQKU=
-6,56,AuQ0b38bs6PdLn2MOYLhn6KFgUc=,NgNobFmEr/JQQBV1AkDp8B/3nWo=
-4,59,AuQ0b38bs6PdLn2MOYLhn6KFgUc=,5j2fLPZTbcqhcL2pexltPZEfEJQ=
-3,54,AuQ0b38bs6PdLn2MOYLhn6KFgUc=,WL+1aob4qUPEduFJEcYsWAN549U=
-4,55,AuQ0b38bs6PdLn2MOYLhn6KFgUc=,WL+1aob4qUPEduFJEcYsWAN549U=
-4,58,AuQ0b38bs6PdLn2MOYLhn6KFgUc=,5j2fLPZTbcqhcL2pexltPZEfEJQ=
-4,54,AuQ0b38bs6PdLn2MOYLhn6KFgUc=,WL+1aob4qUPEduFJEcYsWAN549U=
-3,58,AuQ0b38bs6PdLn2MOYLhn6KFgUc=,5j2fLPZTbcqhcL2pexltPZEfEJQ=
-6,57,AuQ0b38bs6PdLn2MOYLhn6KFgUc=,NgNobFmEr/JQQBV1AkDp8B/3nWo=
-5,54,AuQ0b38bs6PdLn2MOYLhn6KFgUc=,nGRn/vLUsDHBXN1mjPJFEI0bQKU=
-6,54,AuQ0b38bs6PdLn2MOYLhn6KFgUc=,nGRn/vLUsDHBXN1mjPJFEI0bQKU=
-3,59,AuQ0b38bs6PdLn2MOYLhn6KFgUc=,5j2fLPZTbcqhcL2pexltPZEfEJQ=
-5,58,AuQ0b38bs6PdLn2MOYLhn6KFgUc=,NgNobFmEr/JQQBV1AkDp8B/3nWo=
-5,61,AuQ0b38bs6PdLn2MOYLhn6KFgUc=,WRnjncT+U/ZLrFWYxvIDFHcGHOU=
-3,57,AuQ0b38bs6PdLn2MOYLhn6KFgUc=,5j2fLPZTbcqhcL2pexltPZEfEJQ=
-4,61,AuQ0b38bs6PdLn2MOYLhn6KFgUc=,GUtX5lB4a8s6bvH3JaVMO484obE=
-6,58,AuQ0b38bs6PdLn2MOYLhn6KFgUc=,NgNobFmEr/JQQBV1AkDp8B/3nWo=
-4,57,AuQ0b38bs6PdLn2MOYLhn6KFgUc=,5j2fLPZTbcqhcL2pexltPZEfEJQ=
-6,60,AuQ0b38bs6PdLn2MOYLhn6KFgUc=,WRnjncT+U/ZLrFWYxvIDFHcGHOU=
-5,60,AuQ0b38bs6PdLn2MOYLhn6KFgUc=,WRnjncT+U/ZLrFWYxvIDFHcGHOU=
-3,56,AuQ0b38bs6PdLn2MOYLhn6KFgUc=,5j2fLPZTbcqhcL2pexltPZEfEJQ=
-5,57,AuQ0b38bs6PdLn2MOYLhn6KFgUc=,NgNobFmEr/JQQBV1AkDp8B/3nWo=
-6,61,AuQ0b38bs6PdLn2MOYLhn6KFgUc=,WRnjncT+U/ZLrFWYxvIDFHcGHOU=
-3,61,AuQ0b38bs6PdLn2MOYLhn6KFgUc=,GUtX5lB4a8s6bvH3JaVMO484obE=
-4,56,AuQ0b38bs6PdLn2MOYLhn6KFgUc=,5j2fLPZTbcqhcL2pexltPZEfEJQ=
-8,57,IuJtind4BYfi1MTApv9FQwJ/OCI=,NgNobFmEr/JQQBV1AkDp8B/3nWo=
-7,57,IuJtind4BYfi1MTApv9FQwJ/OCI=,NgNobFmEr/JQQBV1AkDp8B/3nWo=
-10,54,IuJtind4BYfi1MTApv9FQwJ/OCI=,DQb8buNsR6Vg92GdxcvsjD7Aft8=
-8,55,IuJtind4BYfi1MTApv9FQwJ/OCI=,nGRn/vLUsDHBXN1mjPJFEI0bQKU=
-7,55,IuJtind4BYfi1MTApv9FQwJ/OCI=,nGRn/vLUsDHBXN1mjPJFEI0bQKU=
-9,54,IuJtind4BYfi1MTApv9FQwJ/OCI=,DQb8buNsR6Vg92GdxcvsjD7Aft8=
-9,56,IuJtind4BYfi1MTApv9FQwJ/OCI=,D4H2n/wge2c5joC1pDv3dia4108=
-10,56,IuJtind4BYfi1MTApv9FQwJ/OCI=,D4H2n/wge2c5joC1pDv3dia4108=
-7,56,IuJtind4BYfi1MTApv9FQwJ/OCI=,NgNobFmEr/JQQBV1AkDp8B/3nWo=
-10,55,IuJtind4BYfi1MTApv9FQwJ/OCI=,DQb8buNsR6Vg92GdxcvsjD7Aft8=
-9,55,IuJtind4BYfi1MTApv9FQwJ/OCI=,DQb8buNsR6Vg92GdxcvsjD7Aft8=
-7,54,IuJtind4BYfi1MTApv9FQwJ/OCI=,nGRn/vLUsDHBXN1mjPJFEI0bQKU=
-10,57,IuJtind4BYfi1MTApv9FQwJ/OCI=,D4H2n/wge2c5joC1pDv3dia4108=
-8,56,IuJtind4BYfi1MTApv9FQwJ/OCI=,NgNobFmEr/JQQBV1AkDp8B/3nWo=
-9,57,IuJtind4BYfi1MTApv9FQwJ/OCI=,D4H2n/wge2c5joC1pDv3dia4108=
-8,54,IuJtind4BYfi1MTApv9FQwJ/OCI=,nGRn/vLUsDHBXN1mjPJFEI0bQKU=
-8,52,IuJtind4BYfi1MTApv9FQwJ/OCI=,nGRn/vLUsDHBXN1mjPJFEI0bQKU=
-9,53,IuJtind4BYfi1MTApv9FQwJ/OCI=,DQb8buNsR6Vg92GdxcvsjD7Aft8=
-10,53,IuJtind4BYfi1MTApv9FQwJ/OCI=,DQb8buNsR6Vg92GdxcvsjD7Aft8=
-9,52,IuJtind4BYfi1MTApv9FQwJ/OCI=,DQb8buNsR6Vg92GdxcvsjD7Aft8=
-7,52,IuJtind4BYfi1MTApv9FQwJ/OCI=,nGRn/vLUsDHBXN1mjPJFEI0bQKU=
-10,52,IuJtind4BYfi1MTApv9FQwJ/OCI=,DQb8buNsR6Vg92GdxcvsjD7Aft8=
-8,51,IuJtind4BYfi1MTApv9FQwJ/OCI=,pAUCGr/JX5OMlvNkJpKi5tUmwCw=
-10,50,IuJtind4BYfi1MTApv9FQwJ/OCI=,SVkd49kvY1IVlwsKal2OUAPDJeg=
-7,51,IuJtind4BYfi1MTApv9FQwJ/OCI=,pAUCGr/JX5OMlvNkJpKi5tUmwCw=
-8,53,IuJtind4BYfi1MTApv9FQwJ/OCI=,nGRn/vLUsDHBXN1mjPJFEI0bQKU=
-10,51,IuJtind4BYfi1MTApv9FQwJ/OCI=,SVkd49kvY1IVlwsKal2OUAPDJeg=
-9,50,IuJtind4BYfi1MTApv9FQwJ/OCI=,SVkd49kvY1IVlwsKal2OUAPDJeg=
-9,51,IuJtind4BYfi1MTApv9FQwJ/OCI=,SVkd49kvY1IVlwsKal2OUAPDJeg=
-7,50,IuJtind4BYfi1MTApv9FQwJ/OCI=,pAUCGr/JX5OMlvNkJpKi5tUmwCw=
-8,50,IuJtind4BYfi1MTApv9FQwJ/OCI=,pAUCGr/JX5OMlvNkJpKi5tUmwCw=
-7,53,IuJtind4BYfi1MTApv9FQwJ/OCI=,nGRn/vLUsDHBXN1mjPJFEI0bQKU=
-12,57,QtDkKSimk25EhN/kYskr2DghuMk=,D4H2n/wge2c5joC1pDv3dia4108=
-13,54,QtDkKSimk25EhN/kYskr2DghuMk=,ADrW7K+vuxwrF+5zzJR6O9eLXvs=
-14,54,QtDkKSimk25EhN/kYskr2DghuMk=,ADrW7K+vuxwrF+5zzJR6O9eLXvs=
-16,54,QtDkKSimk25EhN/kYskr2DghuMk=,ADrW7K+vuxwrF+5zzJR6O9eLXvs=
-11,57,QtDkKSimk25EhN/kYskr2DghuMk=,D4H2n/wge2c5joC1pDv3dia4108=
-12,54,QtDkKSimk25EhN/kYskr2DghuMk=,DQb8buNsR6Vg92GdxcvsjD7Aft8=
-15,54,QtDkKSimk25EhN/kYskr2DghuMk=,ADrW7K+vuxwrF+5zzJR6O9eLXvs=
-13,56,QtDkKSimk25EhN/kYskr2DghuMk=,3NAlai2rvkXqm2J15l0wYNJSj6Y=
-14,56,QtDkKSimk25EhN/kYskr2DghuMk=,3NAlai2rvkXqm2J15l0wYNJSj6Y=
-11,55,QtDkKSimk25EhN/kYskr2DghuMk=,DQb8buNsR6Vg92GdxcvsjD7Aft8=
-12,55,QtDkKSimk25EhN/kYskr2DghuMk=,DQb8buNsR6Vg92GdxcvsjD7Aft8=
-11,56,QtDkKSimk25EhN/kYskr2DghuMk=,D4H2n/wge2c5joC1pDv3dia4108=
-13,57,QtDkKSimk25EhN/kYskr2DghuMk=,3NAlai2rvkXqm2J15l0wYNJSj6Y=
-12,56,QtDkKSimk25EhN/kYskr2DghuMk=,D4H2n/wge2c5joC1pDv3dia4108=
-13,55,QtDkKSimk25EhN/kYskr2DghuMk=,ADrW7K+vuxwrF+5zzJR6O9eLXvs=
-14,55,QtDkKSimk25EhN/kYskr2DghuMk=,ADrW7K+vuxwrF+5zzJR6O9eLXvs=
-15,56,QtDkKSimk25EhN/kYskr2DghuMk=,3NAlai2rvkXqm2J15l0wYNJSj6Y=
-16,56,QtDkKSimk25EhN/kYskr2DghuMk=,3NAlai2rvkXqm2J15l0wYNJSj6Y=
-14,57,QtDkKSimk25EhN/kYskr2DghuMk=,3NAlai2rvkXqm2J15l0wYNJSj6Y=
-15,55,QtDkKSimk25EhN/kYskr2DghuMk=,ADrW7K+vuxwrF+5zzJR6O9eLXvs=
-16,55,QtDkKSimk25EhN/kYskr2DghuMk=,ADrW7K+vuxwrF+5zzJR6O9eLXvs=
-11,54,QtDkKSimk25EhN/kYskr2DghuMk=,DQb8buNsR6Vg92GdxcvsjD7Aft8=
-15,57,QtDkKSimk25EhN/kYskr2DghuMk=,3NAlai2rvkXqm2J15l0wYNJSj6Y=
-16,57,QtDkKSimk25EhN/kYskr2DghuMk=,3NAlai2rvkXqm2J15l0wYNJSj6Y=
-14,51,QtDkKSimk25EhN/kYskr2DghuMk=,q9eJGhimC6FfaZjT5EpHEZ17/Qw=
-13,51,QtDkKSimk25EhN/kYskr2DghuMk=,q9eJGhimC6FfaZjT5EpHEZ17/Qw=
-12,51,QtDkKSimk25EhN/kYskr2DghuMk=,SVkd49kvY1IVlwsKal2OUAPDJeg=
-16,51,QtDkKSimk25EhN/kYskr2DghuMk=,q9eJGhimC6FfaZjT5EpHEZ17/Qw=
-11,51,QtDkKSimk25EhN/kYskr2DghuMk=,SVkd49kvY1IVlwsKal2OUAPDJeg=
-14,53,QtDkKSimk25EhN/kYskr2DghuMk=,ADrW7K+vuxwrF+5zzJR6O9eLXvs=
-15,51,QtDkKSimk25EhN/kYskr2DghuMk=,q9eJGhimC6FfaZjT5EpHEZ17/Qw=
-13,53,QtDkKSimk25EhN/kYskr2DghuMk=,ADrW7K+vuxwrF+5zzJR6O9eLXvs=
-16,53,QtDkKSimk25EhN/kYskr2DghuMk=,ADrW7K+vuxwrF+5zzJR6O9eLXvs=
-15,53,QtDkKSimk25EhN/kYskr2DghuMk=,ADrW7K+vuxwrF+5zzJR6O9eLXvs=
-12,52,QtDkKSimk25EhN/kYskr2DghuMk=,DQb8buNsR6Vg92GdxcvsjD7Aft8=
-16,50,QtDkKSimk25EhN/kYskr2DghuMk=,q9eJGhimC6FfaZjT5EpHEZ17/Qw=
-11,52,QtDkKSimk25EhN/kYskr2DghuMk=,DQb8buNsR6Vg92GdxcvsjD7Aft8=
-15,50,QtDkKSimk25EhN/kYskr2DghuMk=,q9eJGhimC6FfaZjT5EpHEZ17/Qw=
-14,52,QtDkKSimk25EhN/kYskr2DghuMk=,ADrW7K+vuxwrF+5zzJR6O9eLXvs=
-16,52,QtDkKSimk25EhN/kYskr2DghuMk=,ADrW7K+vuxwrF+5zzJR6O9eLXvs=
-13,52,QtDkKSimk25EhN/kYskr2DghuMk=,ADrW7K+vuxwrF+5zzJR6O9eLXvs=
-15,52,QtDkKSimk25EhN/kYskr2DghuMk=,ADrW7K+vuxwrF+5zzJR6O9eLXvs=
-12,50,QtDkKSimk25EhN/kYskr2DghuMk=,SVkd49kvY1IVlwsKal2OUAPDJeg=
-11,50,QtDkKSimk25EhN/kYskr2DghuMk=,SVkd49kvY1IVlwsKal2OUAPDJeg=
-14,50,QtDkKSimk25EhN/kYskr2DghuMk=,q9eJGhimC6FfaZjT5EpHEZ17/Qw=
-13,50,QtDkKSimk25EhN/kYskr2DghuMk=,q9eJGhimC6FfaZjT5EpHEZ17/Qw=
-12,53,QtDkKSimk25EhN/kYskr2DghuMk=,DQb8buNsR6Vg92GdxcvsjD7Aft8=
-11,53,QtDkKSimk25EhN/kYskr2DghuMk=,DQb8buNsR6Vg92GdxcvsjD7Aft8=
-12,59,QtDkKSimk25EhN/kYskr2DghuMk=,D4H2n/wge2c5joC1pDv3dia4108=
-11,59,QtDkKSimk25EhN/kYskr2DghuMk=,D4H2n/wge2c5joC1pDv3dia4108=
-12,61,QtDkKSimk25EhN/kYskr2DghuMk=,bLuVQQGF+Y7MK+T1vDkMAPlaTsk=
-11,61,QtDkKSimk25EhN/kYskr2DghuMk=,bLuVQQGF+Y7MK+T1vDkMAPlaTsk=
-8,60,QtDkKSimk25EhN/kYskr2DghuMk=,WRnjncT+U/ZLrFWYxvIDFHcGHOU=
-7,60,QtDkKSimk25EhN/kYskr2DghuMk=,WRnjncT+U/ZLrFWYxvIDFHcGHOU=
-14,59,QtDkKSimk25EhN/kYskr2DghuMk=,3NAlai2rvkXqm2J15l0wYNJSj6Y=
-13,59,QtDkKSimk25EhN/kYskr2DghuMk=,3NAlai2rvkXqm2J15l0wYNJSj6Y=
-8,58,QtDkKSimk25EhN/kYskr2DghuMk=,NgNobFmEr/JQQBV1AkDp8B/3nWo=
-7,58,QtDkKSimk25EhN/kYskr2DghuMk=,NgNobFmEr/JQQBV1AkDp8B/3nWo=
-10,61,QtDkKSimk25EhN/kYskr2DghuMk=,bLuVQQGF+Y7MK+T1vDkMAPlaTsk=
-9,61,QtDkKSimk25EhN/kYskr2DghuMk=,bLuVQQGF+Y7MK+T1vDkMAPlaTsk=
-10,59,HVWOL9P7VO8Yf4gho/qOmdrmu4Q=,D4H2n/wge2c5joC1pDv3dia4108=
-9,59,HVWOL9P7VO8Yf4gho/qOmdrmu4Q=,D4H2n/wge2c5joC1pDv3dia4108=
-14,58,HVWOL9P7VO8Yf4gho/qOmdrmu4Q=,3NAlai2rvkXqm2J15l0wYNJSj6Y=
-13,58,HVWOL9P7VO8Yf4gho/qOmdrmu4Q=,3NAlai2rvkXqm2J15l0wYNJSj6Y=
-8,61,HVWOL9P7VO8Yf4gho/qOmdrmu4Q=,WRnjncT+U/ZLrFWYxvIDFHcGHOU=
-7,61,HVWOL9P7VO8Yf4gho/qOmdrmu4Q=,WRnjncT+U/ZLrFWYxvIDFHcGHOU=
-8,59,HVWOL9P7VO8Yf4gho/qOmdrmu4Q=,NgNobFmEr/JQQBV1AkDp8B/3nWo=
-7,59,HVWOL9P7VO8Yf4gho/qOmdrmu4Q=,NgNobFmEr/JQQBV1AkDp8B/3nWo=
-12,60,HVWOL9P7VO8Yf4gho/qOmdrmu4Q=,bLuVQQGF+Y7MK+T1vDkMAPlaTsk=
-11,60,HVWOL9P7VO8Yf4gho/qOmdrmu4Q=,bLuVQQGF+Y7MK+T1vDkMAPlaTsk=
-14,60,HVWOL9P7VO8Yf4gho/qOmdrmu4Q=,p/oWvMQkupPyYQfBTJyvAXEFh3Q=
-13,60,HVWOL9P7VO8Yf4gho/qOmdrmu4Q=,p/oWvMQkupPyYQfBTJyvAXEFh3Q=
-12,58,HVWOL9P7VO8Yf4gho/qOmdrmu4Q=,D4H2n/wge2c5joC1pDv3dia4108=
-11,58,HVWOL9P7VO8Yf4gho/qOmdrmu4Q=,D4H2n/wge2c5joC1pDv3dia4108=
-14,61,HVWOL9P7VO8Yf4gho/qOmdrmu4Q=,p/oWvMQkupPyYQfBTJyvAXEFh3Q=
-13,61,HVWOL9P7VO8Yf4gho/qOmdrmu4Q=,p/oWvMQkupPyYQfBTJyvAXEFh3Q=
-10,60,HVWOL9P7VO8Yf4gho/qOmdrmu4Q=,bLuVQQGF+Y7MK+T1vDkMAPlaTsk=
-10,63,HVWOL9P7VO8Yf4gho/qOmdrmu4Q=,bLuVQQGF+Y7MK+T1vDkMAPlaTsk=
-9,60,HVWOL9P7VO8Yf4gho/qOmdrmu4Q=,bLuVQQGF+Y7MK+T1vDkMAPlaTsk=
-9,63,HVWOL9P7VO8Yf4gho/qOmdrmu4Q=,bLuVQQGF+Y7MK+T1vDkMAPlaTsk=
-10,58,HVWOL9P7VO8Yf4gho/qOmdrmu4Q=,D4H2n/wge2c5joC1pDv3dia4108=
-9,58,HVWOL9P7VO8Yf4gho/qOmdrmu4Q=,D4H2n/wge2c5joC1pDv3dia4108=
-8,62,HVWOL9P7VO8Yf4gho/qOmdrmu4Q=,WRnjncT+U/ZLrFWYxvIDFHcGHOU=
-7,62,HVWOL9P7VO8Yf4gho/qOmdrmu4Q=,WRnjncT+U/ZLrFWYxvIDFHcGHOU=
-8,63,HVWOL9P7VO8Yf4gho/qOmdrmu4Q=,WRnjncT+U/ZLrFWYxvIDFHcGHOU=
-7,63,HVWOL9P7VO8Yf4gho/qOmdrmu4Q=,WRnjncT+U/ZLrFWYxvIDFHcGHOU=
-10,62,HVWOL9P7VO8Yf4gho/qOmdrmu4Q=,bLuVQQGF+Y7MK+T1vDkMAPlaTsk=
-9,62,HVWOL9P7VO8Yf4gho/qOmdrmu4Q=,bLuVQQGF+Y7MK+T1vDkMAPlaTsk=
-14,48,HVWOL9P7VO8Yf4gho/qOmdrmu4Q=,q9eJGhimC6FfaZjT5EpHEZ17/Qw=
-13,48,HVWOL9P7VO8Yf4gho/qOmdrmu4Q=,q9eJGhimC6FfaZjT5EpHEZ17/Qw=
-12,49,HVWOL9P7VO8Yf4gho/qOmdrmu4Q=,SVkd49kvY1IVlwsKal2OUAPDJeg=
-11,49,HVWOL9P7VO8Yf4gho/qOmdrmu4Q=,SVkd49kvY1IVlwsKal2OUAPDJeg=
-14,49,HVWOL9P7VO8Yf4gho/qOmdrmu4Q=,q9eJGhimC6FfaZjT5EpHEZ17/Qw=
-13,49,HVWOL9P7VO8Yf4gho/qOmdrmu4Q=,q9eJGhimC6FfaZjT5EpHEZ17/Qw=
-8,48,HVWOL9P7VO8Yf4gho/qOmdrmu4Q=,pAUCGr/JX5OMlvNkJpKi5tUmwCw=
-12,48,HVWOL9P7VO8Yf4gho/qOmdrmu4Q=,SVkd49kvY1IVlwsKal2OUAPDJeg=
-11,48,HVWOL9P7VO8Yf4gho/qOmdrmu4Q=,SVkd49kvY1IVlwsKal2OUAPDJeg=
-7,48,HVWOL9P7VO8Yf4gho/qOmdrmu4Q=,pAUCGr/JX5OMlvNkJpKi5tUmwCw=
-8,49,fuqpu2DlwztRtHY1gQl9HSdSvKI=,pAUCGr/JX5OMlvNkJpKi5tUmwCw=
-4,62,fuqpu2DlwztRtHY1gQl9HSdSvKI=,GUtX5lB4a8s6bvH3JaVMO484obE=
-7,49,fuqpu2DlwztRtHY1gQl9HSdSvKI=,pAUCGr/JX5OMlvNkJpKi5tUmwCw=
-3,62,fuqpu2DlwztRtHY1gQl9HSdSvKI=,GUtX5lB4a8s6bvH3JaVMO484obE=
-6,62,fuqpu2DlwztRtHY1gQl9HSdSvKI=,WRnjncT+U/ZLrFWYxvIDFHcGHOU=
-10,49,fuqpu2DlwztRtHY1gQl9HSdSvKI=,SVkd49kvY1IVlwsKal2OUAPDJeg=
-5,62,fuqpu2DlwztRtHY1gQl9HSdSvKI=,WRnjncT+U/ZLrFWYxvIDFHcGHOU=
-4,63,fuqpu2DlwztRtHY1gQl9HSdSvKI=,GUtX5lB4a8s6bvH3JaVMO484obE=
-9,49,fuqpu2DlwztRtHY1gQl9HSdSvKI=,SVkd49kvY1IVlwsKal2OUAPDJeg=
-10,48,fuqpu2DlwztRtHY1gQl9HSdSvKI=,SVkd49kvY1IVlwsKal2OUAPDJeg=
-3,63,fuqpu2DlwztRtHY1gQl9HSdSvKI=,GUtX5lB4a8s6bvH3JaVMO484obE=
-6,63,fuqpu2DlwztRtHY1gQl9HSdSvKI=,WRnjncT+U/ZLrFWYxvIDFHcGHOU=
-9,48,fuqpu2DlwztRtHY1gQl9HSdSvKI=,SVkd49kvY1IVlwsKal2OUAPDJeg=
-5,63,fuqpu2DlwztRtHY1gQl9HSdSvKI=,WRnjncT+U/ZLrFWYxvIDFHcGHOU=
-4,48,fuqpu2DlwztRtHY1gQl9HSdSvKI=,Ecbtf5U7szse6hH8KRXPXRMj6FE=
-3,48,fuqpu2DlwztRtHY1gQl9HSdSvKI=,Ecbtf5U7szse6hH8KRXPXRMj6FE=
-6,48,fuqpu2DlwztRtHY1gQl9HSdSvKI=,pAUCGr/JX5OMlvNkJpKi5tUmwCw=
-5,48,fuqpu2DlwztRtHY1gQl9HSdSvKI=,pAUCGr/JX5OMlvNkJpKi5tUmwCw=
-6,49,fuqpu2DlwztRtHY1gQl9HSdSvKI=,pAUCGr/JX5OMlvNkJpKi5tUmwCw=
-5,49,fuqpu2DlwztRtHY1gQl9HSdSvKI=,pAUCGr/JX5OMlvNkJpKi5tUmwCw=
-4,49,fuqpu2DlwztRtHY1gQl9HSdSvKI=,Ecbtf5U7szse6hH8KRXPXRMj6FE=
-3,49,fuqpu2DlwztRtHY1gQl9HSdSvKI=,Ecbtf5U7szse6hH8KRXPXRMj6FE=
-16,59,pSISzYuo6oew1rkoVuokj54u4eI=,3NAlai2rvkXqm2J15l0wYNJSj6Y=
-15,59,pSISzYuo6oew1rkoVuokj54u4eI=,3NAlai2rvkXqm2J15l0wYNJSj6Y=
-16,58,pSISzYuo6oew1rkoVuokj54u4eI=,3NAlai2rvkXqm2J15l0wYNJSj6Y=
-15,58,pSISzYuo6oew1rkoVuokj54u4eI=,3NAlai2rvkXqm2J15l0wYNJSj6Y=
-16,60,pSISzYuo6oew1rkoVuokj54u4eI=,p/oWvMQkupPyYQfBTJyvAXEFh3Q=
-15,60,pSISzYuo6oew1rkoVuokj54u4eI=,p/oWvMQkupPyYQfBTJyvAXEFh3Q=
-16,61,pSISzYuo6oew1rkoVuokj54u4eI=,p/oWvMQkupPyYQfBTJyvAXEFh3Q=
-15,61,pSISzYuo6oew1rkoVuokj54u4eI=,p/oWvMQkupPyYQfBTJyvAXEFh3Q=
-12,63,pSISzYuo6oew1rkoVuokj54u4eI=,bLuVQQGF+Y7MK+T1vDkMAPlaTsk=
-11,63,pSISzYuo6oew1rkoVuokj54u4eI=,bLuVQQGF+Y7MK+T1vDkMAPlaTsk=
-14,62,pSISzYuo6oew1rkoVuokj54u4eI=,p/oWvMQkupPyYQfBTJyvAXEFh3Q=
-13,62,pSISzYuo6oew1rkoVuokj54u4eI=,p/oWvMQkupPyYQfBTJyvAXEFh3Q=
-14,63,pSISzYuo6oew1rkoVuokj54u4eI=,p/oWvMQkupPyYQfBTJyvAXEFh3Q=
-13,63,pSISzYuo6oew1rkoVuokj54u4eI=,p/oWvMQkupPyYQfBTJyvAXEFh3Q=
-12,62,pSISzYuo6oew1rkoVuokj54u4eI=,bLuVQQGF+Y7MK+T1vDkMAPlaTsk=
-11,62,pSISzYuo6oew1rkoVuokj54u4eI=,bLuVQQGF+Y7MK+T1vDkMAPlaTsk=
-16,62,pSISzYuo6oew1rkoVuokj54u4eI=,p/oWvMQkupPyYQfBTJyvAXEFh3Q=
-15,62,pSISzYuo6oew1rkoVuokj54u4eI=,p/oWvMQkupPyYQfBTJyvAXEFh3Q=
-16,63,pSISzYuo6oew1rkoVuokj54u4eI=,p/oWvMQkupPyYQfBTJyvAXEFh3Q=
-15,63,pSISzYuo6oew1rkoVuokj54u4eI=,p/oWvMQkupPyYQfBTJyvAXEFh3Q=
-2,56,pSISzYuo6oew1rkoVuokj54u4eI=,5j2fLPZTbcqhcL2pexltPZEfEJQ=
-2,52,pSISzYuo6oew1rkoVuokj54u4eI=,WL+1aob4qUPEduFJEcYsWAN549U=
-1,56,pSISzYuo6oew1rkoVuokj54u4eI=,5j2fLPZTbcqhcL2pexltPZEfEJQ=
-1,52,pSISzYuo6oew1rkoVuokj54u4eI=,WL+1aob4qUPEduFJEcYsWAN549U=
-2,57,pSISzYuo6oew1rkoVuokj54u4eI=,5j2fLPZTbcqhcL2pexltPZEfEJQ=
-2,53,pSISzYuo6oew1rkoVuokj54u4eI=,WL+1aob4qUPEduFJEcYsWAN549U=
-1,57,pSISzYuo6oew1rkoVuokj54u4eI=,5j2fLPZTbcqhcL2pexltPZEfEJQ=
-1,53,pSISzYuo6oew1rkoVuokj54u4eI=,WL+1aob4qUPEduFJEcYsWAN549U=
-1,50,pSISzYuo6oew1rkoVuokj54u4eI=,Ecbtf5U7szse6hH8KRXPXRMj6FE=
-1,54,pSISzYuo6oew1rkoVuokj54u4eI=,WL+1aob4qUPEduFJEcYsWAN549U=
-2,54,pSISzYuo6oew1rkoVuokj54u4eI=,WL+1aob4qUPEduFJEcYsWAN549U=
-2,51,pSISzYuo6oew1rkoVuokj54u4eI=,Ecbtf5U7szse6hH8KRXPXRMj6FE=
-2,55,pSISzYuo6oew1rkoVuokj54u4eI=,WL+1aob4qUPEduFJEcYsWAN549U=
-2,50,pSISzYuo6oew1rkoVuokj54u4eI=,Ecbtf5U7szse6hH8KRXPXRMj6FE=
-1,51,pSISzYuo6oew1rkoVuokj54u4eI=,Ecbtf5U7szse6hH8KRXPXRMj6FE=
-1,55,pSISzYuo6oew1rkoVuokj54u4eI=,WL+1aob4qUPEduFJEcYsWAN549U=
-2,48,pSISzYuo6oew1rkoVuokj54u4eI=,Ecbtf5U7szse6hH8KRXPXRMj6FE=
-1,48,pSISzYuo6oew1rkoVuokj54u4eI=,Ecbtf5U7szse6hH8KRXPXRMj6FE=
-2,60,pSISzYuo6oew1rkoVuokj54u4eI=,GUtX5lB4a8s6bvH3JaVMO484obE=
-2,49,pSISzYuo6oew1rkoVuokj54u4eI=,Ecbtf5U7szse6hH8KRXPXRMj6FE=
-1,60,pSISzYuo6oew1rkoVuokj54u4eI=,GUtX5lB4a8s6bvH3JaVMO484obE=
-1,49,pSISzYuo6oew1rkoVuokj54u4eI=,Ecbtf5U7szse6hH8KRXPXRMj6FE=
-1,59,pSISzYuo6oew1rkoVuokj54u4eI=,5j2fLPZTbcqhcL2pexltPZEfEJQ=
-2,59,pSISzYuo6oew1rkoVuokj54u4eI=,5j2fLPZTbcqhcL2pexltPZEfEJQ=
-16,48,pSISzYuo6oew1rkoVuokj54u4eI=,q9eJGhimC6FfaZjT5EpHEZ17/Qw=
-1,63,pSISzYuo6oew1rkoVuokj54u4eI=,GUtX5lB4a8s6bvH3JaVMO484obE=
-2,61,pSISzYuo6oew1rkoVuokj54u4eI=,GUtX5lB4a8s6bvH3JaVMO484obE=
-2,63,pSISzYuo6oew1rkoVuokj54u4eI=,GUtX5lB4a8s6bvH3JaVMO484obE=
-1,58,pSISzYuo6oew1rkoVuokj54u4eI=,5j2fLPZTbcqhcL2pexltPZEfEJQ=
-15,49,pSISzYuo6oew1rkoVuokj54u4eI=,q9eJGhimC6FfaZjT5EpHEZ17/Qw=
-2,58,pSISzYuo6oew1rkoVuokj54u4eI=,5j2fLPZTbcqhcL2pexltPZEfEJQ=
-16,49,pSISzYuo6oew1rkoVuokj54u4eI=,q9eJGhimC6FfaZjT5EpHEZ17/Qw=
-15,48,pSISzYuo6oew1rkoVuokj54u4eI=,q9eJGhimC6FfaZjT5EpHEZ17/Qw=
-1,62,pSISzYuo6oew1rkoVuokj54u4eI=,GUtX5lB4a8s6bvH3JaVMO484obE=
-1,61,pSISzYuo6oew1rkoVuokj54u4eI=,GUtX5lB4a8s6bvH3JaVMO484obE=
-2,62,pSISzYuo6oew1rkoVuokj54u4eI=,GUtX5lB4a8s6bvH3JaVMO484obE=
-12,44,jkbjARmWlVOVR+gHpDNrUUgJyxI=,dFXpWU2FCD09vQXe/EoTMheapEQ=
-11,44,jkbjARmWlVOVR+gHpDNrUUgJyxI=,dFXpWU2FCD09vQXe/EoTMheapEQ=
-12,45,jkbjARmWlVOVR+gHpDNrUUgJyxI=,dFXpWU2FCD09vQXe/EoTMheapEQ=
-11,45,jkbjARmWlVOVR+gHpDNrUUgJyxI=,dFXpWU2FCD09vQXe/EoTMheapEQ=
-14,42,jkbjARmWlVOVR+gHpDNrUUgJyxI=,VwksLjmTgYXZcicI6IqWziJ/tz0=
-13,42,jkbjARmWlVOVR+gHpDNrUUgJyxI=,VwksLjmTgYXZcicI6IqWziJ/tz0=
-12,42,jkbjARmWlVOVR+gHpDNrUUgJyxI=,1uKAs2OXjeS3StAGoiAHznGE6RM=
-11,42,jkbjARmWlVOVR+gHpDNrUUgJyxI=,1uKAs2OXjeS3StAGoiAHznGE6RM=
-13,45,jkbjARmWlVOVR+gHpDNrUUgJyxI=,V+xRiDFZROK/Zdhqq+xWmyg3OB0=
-13,43,jkbjARmWlVOVR+gHpDNrUUgJyxI=,VwksLjmTgYXZcicI6IqWziJ/tz0=
-14,45,jkbjARmWlVOVR+gHpDNrUUgJyxI=,V+xRiDFZROK/Zdhqq+xWmyg3OB0=
-11,43,jkbjARmWlVOVR+gHpDNrUUgJyxI=,1uKAs2OXjeS3StAGoiAHznGE6RM=
-12,43,jkbjARmWlVOVR+gHpDNrUUgJyxI=,1uKAs2OXjeS3StAGoiAHznGE6RM=
-14,43,jkbjARmWlVOVR+gHpDNrUUgJyxI=,VwksLjmTgYXZcicI6IqWziJ/tz0=
-14,44,jkbjARmWlVOVR+gHpDNrUUgJyxI=,V+xRiDFZROK/Zdhqq+xWmyg3OB0=
-13,44,jkbjARmWlVOVR+gHpDNrUUgJyxI=,V+xRiDFZROK/Zdhqq+xWmyg3OB0=
-12,40,OencaiVEWnz7gN+iX7GkARbC334=,1uKAs2OXjeS3StAGoiAHznGE6RM=
-11,40,OencaiVEWnz7gN+iX7GkARbC334=,1uKAs2OXjeS3StAGoiAHznGE6RM=
-12,41,OencaiVEWnz7gN+iX7GkARbC334=,1uKAs2OXjeS3StAGoiAHznGE6RM=
-11,41,YmzCc2ZKMkrmUGPxDkd4Y7yxupM=,1uKAs2OXjeS3StAGoiAHznGE6RM=
-12,38,YmzCc2ZKMkrmUGPxDkd4Y7yxupM=,V0viVMh24tzeFC0EAcnprq6x6vg=
-11,38,YmzCc2ZKMkrmUGPxDkd4Y7yxupM=,V0viVMh24tzeFC0EAcnprq6x6vg=
-14,40,YmzCc2ZKMkrmUGPxDkd4Y7yxupM=,VwksLjmTgYXZcicI6IqWziJ/tz0=
-13,40,YmzCc2ZKMkrmUGPxDkd4Y7yxupM=,VwksLjmTgYXZcicI6IqWziJ/tz0=
-14,38,YmzCc2ZKMkrmUGPxDkd4Y7yxupM=,hsiismyJjmHrDEEs79QIrwOcNYY=
-13,38,YmzCc2ZKMkrmUGPxDkd4Y7yxupM=,hsiismyJjmHrDEEs79QIrwOcNYY=
-12,39,YmzCc2ZKMkrmUGPxDkd4Y7yxupM=,V0viVMh24tzeFC0EAcnprq6x6vg=
-11,39,YmzCc2ZKMkrmUGPxDkd4Y7yxupM=,V0viVMh24tzeFC0EAcnprq6x6vg=
-14,39,YmzCc2ZKMkrmUGPxDkd4Y7yxupM=,hsiismyJjmHrDEEs79QIrwOcNYY=
-13,39,YmzCc2ZKMkrmUGPxDkd4Y7yxupM=,hsiismyJjmHrDEEs79QIrwOcNYY=
-14,41,YmzCc2ZKMkrmUGPxDkd4Y7yxupM=,VwksLjmTgYXZcicI6IqWziJ/tz0=
-13,41,YmzCc2ZKMkrmUGPxDkd4Y7yxupM=,VwksLjmTgYXZcicI6IqWziJ/tz0=
-8,36,xobyBBazVlQ1D2sYao3Uuo6coek=,dsfzcOdVKLoL7Xi3kS55JnBSQok=
-9,37,xobyBBazVlQ1D2sYao3Uuo6coek=,V0viVMh24tzeFC0EAcnprq6x6vg=
-7,36,xobyBBazVlQ1D2sYao3Uuo6coek=,dsfzcOdVKLoL7Xi3kS55JnBSQok=
-10,34,xobyBBazVlQ1D2sYao3Uuo6coek=,0CUb/dIQhv+V22hk8N4XBJcYttg=
-9,34,xobyBBazVlQ1D2sYao3Uuo6coek=,0CUb/dIQhv+V22hk8N4XBJcYttg=
-10,37,xobyBBazVlQ1D2sYao3Uuo6coek=,V0viVMh24tzeFC0EAcnprq6x6vg=
-8,37,xobyBBazVlQ1D2sYao3Uuo6coek=,dsfzcOdVKLoL7Xi3kS55JnBSQok=
-9,35,xobyBBazVlQ1D2sYao3Uuo6coek=,0CUb/dIQhv+V22hk8N4XBJcYttg=
-7,37,xobyBBazVlQ1D2sYao3Uuo6coek=,dsfzcOdVKLoL7Xi3kS55JnBSQok=
-8,34,xobyBBazVlQ1D2sYao3Uuo6coek=,oyi4+NhByA35NlYVKt/rwCIjhbc=
-7,34,xobyBBazVlQ1D2sYao3Uuo6coek=,oyi4+NhByA35NlYVKt/rwCIjhbc=
-8,35,xobyBBazVlQ1D2sYao3Uuo6coek=,oyi4+NhByA35NlYVKt/rwCIjhbc=
-7,35,xobyBBazVlQ1D2sYao3Uuo6coek=,oyi4+NhByA35NlYVKt/rwCIjhbc=
-10,36,xobyBBazVlQ1D2sYao3Uuo6coek=,V0viVMh24tzeFC0EAcnprq6x6vg=
-10,35,xobyBBazVlQ1D2sYao3Uuo6coek=,0CUb/dIQhv+V22hk8N4XBJcYttg=
-9,36,xobyBBazVlQ1D2sYao3Uuo6coek=,V0viVMh24tzeFC0EAcnprq6x6vg=
-4,36,idAYc/iAZ/kFlKBaUlFshbSAKaM=,1m+zshn7R1uzcV3zDz09E39zD6g=
-3,36,idAYc/iAZ/kFlKBaUlFshbSAKaM=,1m+zshn7R1uzcV3zDz09E39zD6g=
-6,36,idAYc/iAZ/kFlKBaUlFshbSAKaM=,dsfzcOdVKLoL7Xi3kS55JnBSQok=
-6,37,idAYc/iAZ/kFlKBaUlFshbSAKaM=,dsfzcOdVKLoL7Xi3kS55JnBSQok=
-5,36,idAYc/iAZ/kFlKBaUlFshbSAKaM=,dsfzcOdVKLoL7Xi3kS55JnBSQok=
-5,37,idAYc/iAZ/kFlKBaUlFshbSAKaM=,dsfzcOdVKLoL7Xi3kS55JnBSQok=
-3,34,idAYc/iAZ/kFlKBaUlFshbSAKaM=,A/OFTQBsrnOMvEGDOK2/NC4usKk=
-6,35,idAYc/iAZ/kFlKBaUlFshbSAKaM=,oyi4+NhByA35NlYVKt/rwCIjhbc=
-4,34,idAYc/iAZ/kFlKBaUlFshbSAKaM=,A/OFTQBsrnOMvEGDOK2/NC4usKk=
-3,35,idAYc/iAZ/kFlKBaUlFshbSAKaM=,A/OFTQBsrnOMvEGDOK2/NC4usKk=
-6,34,idAYc/iAZ/kFlKBaUlFshbSAKaM=,oyi4+NhByA35NlYVKt/rwCIjhbc=
-4,35,idAYc/iAZ/kFlKBaUlFshbSAKaM=,A/OFTQBsrnOMvEGDOK2/NC4usKk=
-3,37,idAYc/iAZ/kFlKBaUlFshbSAKaM=,1m+zshn7R1uzcV3zDz09E39zD6g=
-4,37,idAYc/iAZ/kFlKBaUlFshbSAKaM=,1m+zshn7R1uzcV3zDz09E39zD6g=
-5,35,idAYc/iAZ/kFlKBaUlFshbSAKaM=,oyi4+NhByA35NlYVKt/rwCIjhbc=
-5,34,idAYc/iAZ/kFlKBaUlFshbSAKaM=,oyi4+NhByA35NlYVKt/rwCIjhbc=
-10,40,Fg3Kyv/MJ5Kz3HK1RE8Btl+hP7M=,1uKAs2OXjeS3StAGoiAHznGE6RM=
-9,40,Fg3Kyv/MJ5Kz3HK1RE8Btl+hP7M=,1uKAs2OXjeS3StAGoiAHznGE6RM=
-10,41,Fg3Kyv/MJ5Kz3HK1RE8Btl+hP7M=,1uKAs2OXjeS3StAGoiAHznGE6RM=
-9,41,Fg3Kyv/MJ5Kz3HK1RE8Btl+hP7M=,1uKAs2OXjeS3StAGoiAHznGE6RM=
-8,40,Fg3Kyv/MJ5Kz3HK1RE8Btl+hP7M=,TpRputXm5N2U9FxmAAhcXAy7DHg=
-7,40,Fg3Kyv/MJ5Kz3HK1RE8Btl+hP7M=,TpRputXm5N2U9FxmAAhcXAy7DHg=
-10,38,Fg3Kyv/MJ5Kz3HK1RE8Btl+hP7M=,V0viVMh24tzeFC0EAcnprq6x6vg=
-7,38,Fg3Kyv/MJ5Kz3HK1RE8Btl+hP7M=,dsfzcOdVKLoL7Xi3kS55JnBSQok=
-8,38,Fg3Kyv/MJ5Kz3HK1RE8Btl+hP7M=,dsfzcOdVKLoL7Xi3kS55JnBSQok=
-9,38,Fg3Kyv/MJ5Kz3HK1RE8Btl+hP7M=,V0viVMh24tzeFC0EAcnprq6x6vg=
-7,41,Fg3Kyv/MJ5Kz3HK1RE8Btl+hP7M=,TpRputXm5N2U9FxmAAhcXAy7DHg=
-8,41,Fg3Kyv/MJ5Kz3HK1RE8Btl+hP7M=,TpRputXm5N2U9FxmAAhcXAy7DHg=
-8,39,Fg3Kyv/MJ5Kz3HK1RE8Btl+hP7M=,dsfzcOdVKLoL7Xi3kS55JnBSQok=
-7,39,Fg3Kyv/MJ5Kz3HK1RE8Btl+hP7M=,dsfzcOdVKLoL7Xi3kS55JnBSQok=
-10,39,Fg3Kyv/MJ5Kz3HK1RE8Btl+hP7M=,V0viVMh24tzeFC0EAcnprq6x6vg=
-9,39,Fg3Kyv/MJ5Kz3HK1RE8Btl+hP7M=,V0viVMh24tzeFC0EAcnprq6x6vg=
-10,44,5d0TTs3v3vAM3KgTtmCQegOe5Dc=,dFXpWU2FCD09vQXe/EoTMheapEQ=
-9,44,5d0TTs3v3vAM3KgTtmCQegOe5Dc=,dFXpWU2FCD09vQXe/EoTMheapEQ=
-8,44,5d0TTs3v3vAM3KgTtmCQegOe5Dc=,xEF6/rY3XpnSsyDsH2mtoXkzQr4=
-7,44,5d0TTs3v3vAM3KgTtmCQegOe5Dc=,xEF6/rY3XpnSsyDsH2mtoXkzQr4=
-10,42,5d0TTs3v3vAM3KgTtmCQegOe5Dc=,1uKAs2OXjeS3StAGoiAHznGE6RM=
-7,42,5d0TTs3v3vAM3KgTtmCQegOe5Dc=,TpRputXm5N2U9FxmAAhcXAy7DHg=
-9,42,5d0TTs3v3vAM3KgTtmCQegOe5Dc=,1uKAs2OXjeS3StAGoiAHznGE6RM=
-8,43,5d0TTs3v3vAM3KgTtmCQegOe5Dc=,TpRputXm5N2U9FxmAAhcXAy7DHg=
-8,42,5d0TTs3v3vAM3KgTtmCQegOe5Dc=,TpRputXm5N2U9FxmAAhcXAy7DHg=
-7,43,5d0TTs3v3vAM3KgTtmCQegOe5Dc=,TpRputXm5N2U9FxmAAhcXAy7DHg=
-10,45,5d0TTs3v3vAM3KgTtmCQegOe5Dc=,dFXpWU2FCD09vQXe/EoTMheapEQ=
-9,45,5d0TTs3v3vAM3KgTtmCQegOe5Dc=,dFXpWU2FCD09vQXe/EoTMheapEQ=
-7,45,5d0TTs3v3vAM3KgTtmCQegOe5Dc=,xEF6/rY3XpnSsyDsH2mtoXkzQr4=
-10,43,5d0TTs3v3vAM3KgTtmCQegOe5Dc=,1uKAs2OXjeS3StAGoiAHznGE6RM=
-9,43,5d0TTs3v3vAM3KgTtmCQegOe5Dc=,1uKAs2OXjeS3StAGoiAHznGE6RM=
-8,45,JCkTVshWC5MIdaupRnjzAnab8mc=,xEF6/rY3XpnSsyDsH2mtoXkzQr4=
-4,44,JCkTVshWC5MIdaupRnjzAnab8mc=,Az7Uelet06lIuYif+nIawAdE9iA=
-3,44,JCkTVshWC5MIdaupRnjzAnab8mc=,Az7Uelet06lIuYif+nIawAdE9iA=
-4,40,JCkTVshWC5MIdaupRnjzAnab8mc=,wUsH2iH5TrlhjCTZDwaFgcCfpEs=
-3,40,JCkTVshWC5MIdaupRnjzAnab8mc=,wUsH2iH5TrlhjCTZDwaFgcCfpEs=
-6,44,JCkTVshWC5MIdaupRnjzAnab8mc=,xEF6/rY3XpnSsyDsH2mtoXkzQr4=
-5,44,JCkTVshWC5MIdaupRnjzAnab8mc=,xEF6/rY3XpnSsyDsH2mtoXkzQr4=
-4,41,JCkTVshWC5MIdaupRnjzAnab8mc=,wUsH2iH5TrlhjCTZDwaFgcCfpEs=
-3,41,JCkTVshWC5MIdaupRnjzAnab8mc=,wUsH2iH5TrlhjCTZDwaFgcCfpEs=
-4,45,JCkTVshWC5MIdaupRnjzAnab8mc=,Az7Uelet06lIuYif+nIawAdE9iA=
-3,45,JCkTVshWC5MIdaupRnjzAnab8mc=,Az7Uelet06lIuYif+nIawAdE9iA=
-4,46,JCkTVshWC5MIdaupRnjzAnab8mc=,Az7Uelet06lIuYif+nIawAdE9iA=
-5,43,JCkTVshWC5MIdaupRnjzAnab8mc=,TpRputXm5N2U9FxmAAhcXAy7DHg=
-3,46,JCkTVshWC5MIdaupRnjzAnab8mc=,Az7Uelet06lIuYif+nIawAdE9iA=
-4,42,JCkTVshWC5MIdaupRnjzAnab8mc=,wUsH2iH5TrlhjCTZDwaFgcCfpEs=
-6,46,JCkTVshWC5MIdaupRnjzAnab8mc=,xEF6/rY3XpnSsyDsH2mtoXkzQr4=
-3,42,JCkTVshWC5MIdaupRnjzAnab8mc=,wUsH2iH5TrlhjCTZDwaFgcCfpEs=
-6,40,JCkTVshWC5MIdaupRnjzAnab8mc=,TpRputXm5N2U9FxmAAhcXAy7DHg=
-6,41,JCkTVshWC5MIdaupRnjzAnab8mc=,TpRputXm5N2U9FxmAAhcXAy7DHg=
-6,38,JCkTVshWC5MIdaupRnjzAnab8mc=,dsfzcOdVKLoL7Xi3kS55JnBSQok=
-5,41,JCkTVshWC5MIdaupRnjzAnab8mc=,TpRputXm5N2U9FxmAAhcXAy7DHg=
-6,42,JCkTVshWC5MIdaupRnjzAnab8mc=,TpRputXm5N2U9FxmAAhcXAy7DHg=
-5,46,JCkTVshWC5MIdaupRnjzAnab8mc=,xEF6/rY3XpnSsyDsH2mtoXkzQr4=
-5,45,JCkTVshWC5MIdaupRnjzAnab8mc=,xEF6/rY3XpnSsyDsH2mtoXkzQr4=
-5,38,JCkTVshWC5MIdaupRnjzAnab8mc=,dsfzcOdVKLoL7Xi3kS55JnBSQok=
-4,43,JCkTVshWC5MIdaupRnjzAnab8mc=,wUsH2iH5TrlhjCTZDwaFgcCfpEs=
-5,42,JCkTVshWC5MIdaupRnjzAnab8mc=,TpRputXm5N2U9FxmAAhcXAy7DHg=
-6,45,JCkTVshWC5MIdaupRnjzAnab8mc=,xEF6/rY3XpnSsyDsH2mtoXkzQr4=
-5,40,JCkTVshWC5MIdaupRnjzAnab8mc=,TpRputXm5N2U9FxmAAhcXAy7DHg=
-6,39,JCkTVshWC5MIdaupRnjzAnab8mc=,dsfzcOdVKLoL7Xi3kS55JnBSQok=
-6,43,JCkTVshWC5MIdaupRnjzAnab8mc=,TpRputXm5N2U9FxmAAhcXAy7DHg=
-4,38,JCkTVshWC5MIdaupRnjzAnab8mc=,1m+zshn7R1uzcV3zDz09E39zD6g=
-3,38,JCkTVshWC5MIdaupRnjzAnab8mc=,1m+zshn7R1uzcV3zDz09E39zD6g=
-3,43,JCkTVshWC5MIdaupRnjzAnab8mc=,wUsH2iH5TrlhjCTZDwaFgcCfpEs=
-5,39,JCkTVshWC5MIdaupRnjzAnab8mc=,dsfzcOdVKLoL7Xi3kS55JnBSQok=
-4,47,JCkTVshWC5MIdaupRnjzAnab8mc=,Az7Uelet06lIuYif+nIawAdE9iA=
-3,39,JCkTVshWC5MIdaupRnjzAnab8mc=,1m+zshn7R1uzcV3zDz09E39zD6g=
-4,39,JCkTVshWC5MIdaupRnjzAnab8mc=,1m+zshn7R1uzcV3zDz09E39zD6g=
-3,47,JCkTVshWC5MIdaupRnjzAnab8mc=,Az7Uelet06lIuYif+nIawAdE9iA=
-6,47,JCkTVshWC5MIdaupRnjzAnab8mc=,xEF6/rY3XpnSsyDsH2mtoXkzQr4=
-5,47,JCkTVshWC5MIdaupRnjzAnab8mc=,xEF6/rY3XpnSsyDsH2mtoXkzQr4=
-2,44,JCkTVshWC5MIdaupRnjzAnab8mc=,Az7Uelet06lIuYif+nIawAdE9iA=
-1,43,JCkTVshWC5MIdaupRnjzAnab8mc=,wUsH2iH5TrlhjCTZDwaFgcCfpEs=
-1,44,JCkTVshWC5MIdaupRnjzAnab8mc=,Az7Uelet06lIuYif+nIawAdE9iA=
-2,43,JCkTVshWC5MIdaupRnjzAnab8mc=,wUsH2iH5TrlhjCTZDwaFgcCfpEs=
-2,42,JCkTVshWC5MIdaupRnjzAnab8mc=,wUsH2iH5TrlhjCTZDwaFgcCfpEs=
-1,45,JCkTVshWC5MIdaupRnjzAnab8mc=,Az7Uelet06lIuYif+nIawAdE9iA=
-1,42,JCkTVshWC5MIdaupRnjzAnab8mc=,wUsH2iH5TrlhjCTZDwaFgcCfpEs=
-2,45,JCkTVshWC5MIdaupRnjzAnab8mc=,Az7Uelet06lIuYif+nIawAdE9iA=
-1,47,JCkTVshWC5MIdaupRnjzAnab8mc=,Az7Uelet06lIuYif+nIawAdE9iA=
-2,47,JCkTVshWC5MIdaupRnjzAnab8mc=,Az7Uelet06lIuYif+nIawAdE9iA=
-1,46,JCkTVshWC5MIdaupRnjzAnab8mc=,Az7Uelet06lIuYif+nIawAdE9iA=
-2,46,i/VWYwvktf7KUCvYUEHU2RshKV0=,Az7Uelet06lIuYif+nIawAdE9iA=
-2,40,i/VWYwvktf7KUCvYUEHU2RshKV0=,wUsH2iH5TrlhjCTZDwaFgcCfpEs=
-1,40,i/VWYwvktf7KUCvYUEHU2RshKV0=,wUsH2iH5TrlhjCTZDwaFgcCfpEs=
-2,41,i/VWYwvktf7KUCvYUEHU2RshKV0=,wUsH2iH5TrlhjCTZDwaFgcCfpEs=
-1,41,i/VWYwvktf7KUCvYUEHU2RshKV0=,wUsH2iH5TrlhjCTZDwaFgcCfpEs=
-2,38,i/VWYwvktf7KUCvYUEHU2RshKV0=,1m+zshn7R1uzcV3zDz09E39zD6g=
-1,38,i/VWYwvktf7KUCvYUEHU2RshKV0=,1m+zshn7R1uzcV3zDz09E39zD6g=
-2,39,i/VWYwvktf7KUCvYUEHU2RshKV0=,1m+zshn7R1uzcV3zDz09E39zD6g=
-1,39,i/VWYwvktf7KUCvYUEHU2RshKV0=,1m+zshn7R1uzcV3zDz09E39zD6g=
-2,36,i/VWYwvktf7KUCvYUEHU2RshKV0=,1m+zshn7R1uzcV3zDz09E39zD6g=
-1,36,i/VWYwvktf7KUCvYUEHU2RshKV0=,1m+zshn7R1uzcV3zDz09E39zD6g=
-2,34,i/VWYwvktf7KUCvYUEHU2RshKV0=,A/OFTQBsrnOMvEGDOK2/NC4usKk=
-1,34,i/VWYwvktf7KUCvYUEHU2RshKV0=,A/OFTQBsrnOMvEGDOK2/NC4usKk=
-2,37,i/VWYwvktf7KUCvYUEHU2RshKV0=,1m+zshn7R1uzcV3zDz09E39zD6g=
-1,37,xbJV2pdZ5XTrsGu2OuocMTAk5O0=,1m+zshn7R1uzcV3zDz09E39zD6g=
-2,35,xbJV2pdZ5XTrsGu2OuocMTAk5O0=,A/OFTQBsrnOMvEGDOK2/NC4usKk=
-1,35,xbJV2pdZ5XTrsGu2OuocMTAk5O0=,A/OFTQBsrnOMvEGDOK2/NC4usKk=
-4,32,xbJV2pdZ5XTrsGu2OuocMTAk5O0=,A/OFTQBsrnOMvEGDOK2/NC4usKk=
-3,32,xbJV2pdZ5XTrsGu2OuocMTAk5O0=,A/OFTQBsrnOMvEGDOK2/NC4usKk=
-6,32,xbJV2pdZ5XTrsGu2OuocMTAk5O0=,oyi4+NhByA35NlYVKt/rwCIjhbc=
-5,32,xbJV2pdZ5XTrsGu2OuocMTAk5O0=,oyi4+NhByA35NlYVKt/rwCIjhbc=
-4,33,xbJV2pdZ5XTrsGu2OuocMTAk5O0=,A/OFTQBsrnOMvEGDOK2/NC4usKk=
-3,33,xbJV2pdZ5XTrsGu2OuocMTAk5O0=,A/OFTQBsrnOMvEGDOK2/NC4usKk=
-6,33,xbJV2pdZ5XTrsGu2OuocMTAk5O0=,oyi4+NhByA35NlYVKt/rwCIjhbc=
-5,33,xbJV2pdZ5XTrsGu2OuocMTAk5O0=,oyi4+NhByA35NlYVKt/rwCIjhbc=
-8,32,xbJV2pdZ5XTrsGu2OuocMTAk5O0=,oyi4+NhByA35NlYVKt/rwCIjhbc=
-7,32,xbJV2pdZ5XTrsGu2OuocMTAk5O0=,oyi4+NhByA35NlYVKt/rwCIjhbc=
-8,33,xbJV2pdZ5XTrsGu2OuocMTAk5O0=,oyi4+NhByA35NlYVKt/rwCIjhbc=
-7,33,xbJV2pdZ5XTrsGu2OuocMTAk5O0=,oyi4+NhByA35NlYVKt/rwCIjhbc=
-10,32,xbJV2pdZ5XTrsGu2OuocMTAk5O0=,0CUb/dIQhv+V22hk8N4XBJcYttg=
-9,32,xbJV2pdZ5XTrsGu2OuocMTAk5O0=,0CUb/dIQhv+V22hk8N4XBJcYttg=
-9,33,xbJV2pdZ5XTrsGu2OuocMTAk5O0=,0CUb/dIQhv+V22hk8N4XBJcYttg=
-10,33,xbJV2pdZ5XTrsGu2OuocMTAk5O0=,0CUb/dIQhv+V22hk8N4XBJcYttg=
-16,40,rIeYxenVFagmEEHbOeJ5SPWEtRA=,VwksLjmTgYXZcicI6IqWziJ/tz0=
-15,40,rIeYxenVFagmEEHbOeJ5SPWEtRA=,VwksLjmTgYXZcicI6IqWziJ/tz0=
-16,38,rIeYxenVFagmEEHbOeJ5SPWEtRA=,hsiismyJjmHrDEEs79QIrwOcNYY=
-15,38,rIeYxenVFagmEEHbOeJ5SPWEtRA=,hsiismyJjmHrDEEs79QIrwOcNYY=
-16,39,rIeYxenVFagmEEHbOeJ5SPWEtRA=,hsiismyJjmHrDEEs79QIrwOcNYY=
-15,39,rIeYxenVFagmEEHbOeJ5SPWEtRA=,hsiismyJjmHrDEEs79QIrwOcNYY=
-16,42,rIeYxenVFagmEEHbOeJ5SPWEtRA=,VwksLjmTgYXZcicI6IqWziJ/tz0=
-16,41,rIeYxenVFagmEEHbOeJ5SPWEtRA=,VwksLjmTgYXZcicI6IqWziJ/tz0=
-15,42,rIeYxenVFagmEEHbOeJ5SPWEtRA=,VwksLjmTgYXZcicI6IqWziJ/tz0=
-16,44,rIeYxenVFagmEEHbOeJ5SPWEtRA=,V+xRiDFZROK/Zdhqq+xWmyg3OB0=
-15,41,rIeYxenVFagmEEHbOeJ5SPWEtRA=,VwksLjmTgYXZcicI6IqWziJ/tz0=
-15,44,rIeYxenVFagmEEHbOeJ5SPWEtRA=,V+xRiDFZROK/Zdhqq+xWmyg3OB0=
-16,45,rIeYxenVFagmEEHbOeJ5SPWEtRA=,V+xRiDFZROK/Zdhqq+xWmyg3OB0=
-15,45,rIeYxenVFagmEEHbOeJ5SPWEtRA=,V+xRiDFZROK/Zdhqq+xWmyg3OB0=
-16,43,rIeYxenVFagmEEHbOeJ5SPWEtRA=,VwksLjmTgYXZcicI6IqWziJ/tz0=
-15,43,rIeYxenVFagmEEHbOeJ5SPWEtRA=,VwksLjmTgYXZcicI6IqWziJ/tz0=
-16,46,FD72ywfQ8T7GZON20OK5RWfcZbE=,V+xRiDFZROK/Zdhqq+xWmyg3OB0=
-15,46,FD72ywfQ8T7GZON20OK5RWfcZbE=,V+xRiDFZROK/Zdhqq+xWmyg3OB0=
-16,47,FD72ywfQ8T7GZON20OK5RWfcZbE=,V+xRiDFZROK/Zdhqq+xWmyg3OB0=
-15,47,FD72ywfQ8T7GZON20OK5RWfcZbE=,V+xRiDFZROK/Zdhqq+xWmyg3OB0=
-12,46,FD72ywfQ8T7GZON20OK5RWfcZbE=,dFXpWU2FCD09vQXe/EoTMheapEQ=
-11,46,FD72ywfQ8T7GZON20OK5RWfcZbE=,dFXpWU2FCD09vQXe/EoTMheapEQ=
-10,46,FD72ywfQ8T7GZON20OK5RWfcZbE=,dFXpWU2FCD09vQXe/EoTMheapEQ=
-9,46,FD72ywfQ8T7GZON20OK5RWfcZbE=,dFXpWU2FCD09vQXe/EoTMheapEQ=
-14,46,FD72ywfQ8T7GZON20OK5RWfcZbE=,V+xRiDFZROK/Zdhqq+xWmyg3OB0=
-13,46,FD72ywfQ8T7GZON20OK5RWfcZbE=,V+xRiDFZROK/Zdhqq+xWmyg3OB0=
-12,47,FD72ywfQ8T7GZON20OK5RWfcZbE=,dFXpWU2FCD09vQXe/EoTMheapEQ=
-11,47,FD72ywfQ8T7GZON20OK5RWfcZbE=,dFXpWU2FCD09vQXe/EoTMheapEQ=
-14,47,FD72ywfQ8T7GZON20OK5RWfcZbE=,V+xRiDFZROK/Zdhqq+xWmyg3OB0=
-13,47,FD72ywfQ8T7GZON20OK5RWfcZbE=,V+xRiDFZROK/Zdhqq+xWmyg3OB0=
-2,32,FD72ywfQ8T7GZON20OK5RWfcZbE=,A/OFTQBsrnOMvEGDOK2/NC4usKk=
-8,46,FD72ywfQ8T7GZON20OK5RWfcZbE=,xEF6/rY3XpnSsyDsH2mtoXkzQr4=
-1,32,FD72ywfQ8T7GZON20OK5RWfcZbE=,A/OFTQBsrnOMvEGDOK2/NC4usKk=
-7,46,FD72ywfQ8T7GZON20OK5RWfcZbE=,xEF6/rY3XpnSsyDsH2mtoXkzQr4=
-8,47,FD72ywfQ8T7GZON20OK5RWfcZbE=,xEF6/rY3XpnSsyDsH2mtoXkzQr4=
-2,33,FD72ywfQ8T7GZON20OK5RWfcZbE=,A/OFTQBsrnOMvEGDOK2/NC4usKk=
-7,47,FD72ywfQ8T7GZON20OK5RWfcZbE=,xEF6/rY3XpnSsyDsH2mtoXkzQr4=
-10,47,FD72ywfQ8T7GZON20OK5RWfcZbE=,dFXpWU2FCD09vQXe/EoTMheapEQ=
-1,33,FD72ywfQ8T7GZON20OK5RWfcZbE=,A/OFTQBsrnOMvEGDOK2/NC4usKk=
-9,47,FD72ywfQ8T7GZON20OK5RWfcZbE=,dFXpWU2FCD09vQXe/EoTMheapEQ=
-16,32,FD72ywfQ8T7GZON20OK5RWfcZbE=,NPLtPXuVr1b0b6kUrx27CeUaSVk=
-15,32,FD72ywfQ8T7GZON20OK5RWfcZbE=,NPLtPXuVr1b0b6kUrx27CeUaSVk=
-16,35,FD72ywfQ8T7GZON20OK5RWfcZbE=,NPLtPXuVr1b0b6kUrx27CeUaSVk=
-15,35,FD72ywfQ8T7GZON20OK5RWfcZbE=,NPLtPXuVr1b0b6kUrx27CeUaSVk=
-12,32,FD72ywfQ8T7GZON20OK5RWfcZbE=,0CUb/dIQhv+V22hk8N4XBJcYttg=
-11,32,FD72ywfQ8T7GZON20OK5RWfcZbE=,0CUb/dIQhv+V22hk8N4XBJcYttg=
-16,34,FD72ywfQ8T7GZON20OK5RWfcZbE=,NPLtPXuVr1b0b6kUrx27CeUaSVk=
-15,34,FD72ywfQ8T7GZON20OK5RWfcZbE=,NPLtPXuVr1b0b6kUrx27CeUaSVk=
-13,36,FD72ywfQ8T7GZON20OK5RWfcZbE=,hsiismyJjmHrDEEs79QIrwOcNYY=
-14,36,FD72ywfQ8T7GZON20OK5RWfcZbE=,hsiismyJjmHrDEEs79QIrwOcNYY=
-11,35,FD72ywfQ8T7GZON20OK5RWfcZbE=,0CUb/dIQhv+V22hk8N4XBJcYttg=
-11,37,FD72ywfQ8T7GZON20OK5RWfcZbE=,V0viVMh24tzeFC0EAcnprq6x6vg=
-11,36,FD72ywfQ8T7GZON20OK5RWfcZbE=,V0viVMh24tzeFC0EAcnprq6x6vg=
-12,37,FD72ywfQ8T7GZON20OK5RWfcZbE=,V0viVMh24tzeFC0EAcnprq6x6vg=
-12,36,FD72ywfQ8T7GZON20OK5RWfcZbE=,V0viVMh24tzeFC0EAcnprq6x6vg=
-12,35,FD72ywfQ8T7GZON20OK5RWfcZbE=,0CUb/dIQhv+V22hk8N4XBJcYttg=
-12,34,FD72ywfQ8T7GZON20OK5RWfcZbE=,0CUb/dIQhv+V22hk8N4XBJcYttg=
-13,33,FD72ywfQ8T7GZON20OK5RWfcZbE=,NPLtPXuVr1b0b6kUrx27CeUaSVk=
-11,34,FD72ywfQ8T7GZON20OK5RWfcZbE=,0CUb/dIQhv+V22hk8N4XBJcYttg=
-16,37,FD72ywfQ8T7GZON20OK5RWfcZbE=,hsiismyJjmHrDEEs79QIrwOcNYY=
-15,37,FD72ywfQ8T7GZON20OK5RWfcZbE=,hsiismyJjmHrDEEs79QIrwOcNYY=
-16,33,FD72ywfQ8T7GZON20OK5RWfcZbE=,NPLtPXuVr1b0b6kUrx27CeUaSVk=
-15,36,FD72ywfQ8T7GZON20OK5RWfcZbE=,hsiismyJjmHrDEEs79QIrwOcNYY=
-16,36,FD72ywfQ8T7GZON20OK5RWfcZbE=,hsiismyJjmHrDEEs79QIrwOcNYY=
-14,33,FD72ywfQ8T7GZON20OK5RWfcZbE=,NPLtPXuVr1b0b6kUrx27CeUaSVk=
-14,32,FD72ywfQ8T7GZON20OK5RWfcZbE=,NPLtPXuVr1b0b6kUrx27CeUaSVk=
-13,37,FD72ywfQ8T7GZON20OK5RWfcZbE=,hsiismyJjmHrDEEs79QIrwOcNYY=
-14,37,FD72ywfQ8T7GZON20OK5RWfcZbE=,hsiismyJjmHrDEEs79QIrwOcNYY=
-12,33,FD72ywfQ8T7GZON20OK5RWfcZbE=,0CUb/dIQhv+V22hk8N4XBJcYttg=
-11,33,FD72ywfQ8T7GZON20OK5RWfcZbE=,0CUb/dIQhv+V22hk8N4XBJcYttg=
-13,34,FD72ywfQ8T7GZON20OK5RWfcZbE=,NPLtPXuVr1b0b6kUrx27CeUaSVk=
-13,32,FD72ywfQ8T7GZON20OK5RWfcZbE=,NPLtPXuVr1b0b6kUrx27CeUaSVk=
-14,34,FD72ywfQ8T7GZON20OK5RWfcZbE=,NPLtPXuVr1b0b6kUrx27CeUaSVk=
-13,35,FD72ywfQ8T7GZON20OK5RWfcZbE=,NPLtPXuVr1b0b6kUrx27CeUaSVk=
-15,33,FD72ywfQ8T7GZON20OK5RWfcZbE=,NPLtPXuVr1b0b6kUrx27CeUaSVk=
-14,35,FD72ywfQ8T7GZON20OK5RWfcZbE=,NPLtPXuVr1b0b6kUrx27CeUaSVk=
