-12,-4,BoBW5PEXJp7O4/qvRwLvjpVizqk=,V5S4wnWRLabKASnTENtOg0qwXK4=
-11,-5,BoBW5PEXJp7O4/qvRwLvjpVizqk=,Ffmo0squawYNYE3iPGKsYtp+j3Q=
-11,-6,BoBW5PEXJp7O4/qvRwLvjpVizqk=,Ffmo0squawYNYE3iPGKsYtp+j3Q=
-13,-5,BoBW5PEXJp7O4/qvRwLvjpVizqk=,0oVVpCCjSlLgEFhLVcK5Cb5FQ/c=
-11,-4,BoBW5PEXJp7O4/qvRwLvjpVizqk=,V5S4wnWRLabKASnTENtOg0qwXK4=
-14,-5,BoBW5PEXJp7O4/qvRwLvjpVizqk=,0oVVpCCjSlLgEFhLVcK5Cb5FQ/c=
-12,-5,BoBW5PEXJp7O4/qvRwLvjpVizqk=,Ffmo0squawYNYE3iPGKsYtp+j3Q=
-13,-6,BoBW5PEXJp7O4/qvRwLvjpVizqk=,0oVVpCCjSlLgEFhLVcK5Cb5FQ/c=
-12,-6,BoBW5PEXJp7O4/qvRwLvjpVizqk=,Ffmo0squawYNYE3iPGKsYtp+j3Q=
-13,-3,BoBW5PEXJp7O4/qvRwLvjpVizqk=,3OfvQLtd26giOQb7HRaLkto6toI=
-14,-3,BoBW5PEXJp7O4/qvRwLvjpVizqk=,3OfvQLtd26giOQb7HRaLkto6toI=
-11,-3,BoBW5PEXJp7O4/qvRwLvjpVizqk=,V5S4wnWRLabKASnTENtOg0qwXK4=
-14,-6,BoBW5PEXJp7O4/qvRwLvjpVizqk=,0oVVpCCjSlLgEFhLVcK5Cb5FQ/c=
-13,-4,BoBW5PEXJp7O4/qvRwLvjpVizqk=,3OfvQLtd26giOQb7HRaLkto6toI=
-12,-3,BoBW5PEXJp7O4/qvRwLvjpVizqk=,V5S4wnWRLabKASnTENtOg0qwXK4=
-14,-4,BoBW5PEXJp7O4/qvRwLvjpVizqk=,3OfvQLtd26giOQb7HRaLkto6toI=
-8,-8,YwHAFO8CVCX5rbJ7H73KbV8TgyA=,Msp06/BjmLFolEyXzyDr3W/u/qc=
-10,-9,YwHAFO8CVCX5rbJ7H73KbV8TgyA=,uQdIxZop2sc1YdQaRMS21qFwXKo=
-9,-9,YwHAFO8CVCX5rbJ7H73KbV8TgyA=,uQdIxZop2sc1YdQaRMS21qFwXKo=
-9,-10,YwHAFO8CVCX5rbJ7H73KbV8TgyA=,uQdIxZop2sc1YdQaRMS21qFwXKo=
-10,-10,YwHAFO8CVCX5rbJ7H73KbV8TgyA=,uQdIxZop2sc1YdQaRMS21qFwXKo=
-7,-9,YwHAFO8CVCX5rbJ7H73KbV8TgyA=,seF0Hq2aPp2qod4CqE5XxP2785Q=
-8,-9,YwHAFO8CVCX5rbJ7H73KbV8TgyA=,seF0Hq2aPp2qod4CqE5XxP2785Q=
-7,-10,YwHAFO8CVCX5rbJ7H73KbV8TgyA=,seF0Hq2aPp2qod4CqE5XxP2785Q=
-8,-10,YwHAFO8CVCX5rbJ7H73KbV8TgyA=,seF0Hq2aPp2qod4CqE5XxP2785Q=
-7,-8,YwHAFO8CVCX5rbJ7H73KbV8TgyA=,Msp06/BjmLFolEyXzyDr3W/u/qc=
-8,-7,YwHAFO8CVCX5rbJ7H73KbV8TgyA=,Msp06/BjmLFolEyXzyDr3W/u/qc=
-8,-6,YwHAFO8CVCX5rbJ7H73KbV8TgyA=,Msp06/BjmLFolEyXzyDr3W/u/qc=
-10,-5,YwHAFO8CVCX5rbJ7H73KbV8TgyA=,Ffmo0squawYNYE3iPGKsYtp+j3Q=
-9,-5,YwHAFO8CVCX5rbJ7H73KbV8TgyA=,Ffmo0squawYNYE3iPGKsYtp+j3Q=
-9,-6,YwHAFO8CVCX5rbJ7H73KbV8TgyA=,Ffmo0squawYNYE3iPGKsYtp+j3Q=
-7,-3,YwHAFO8CVCX5rbJ7H73KbV8TgyA=,vwleM/ll3B41SEBw/V2SiIIeYNU=
-7,-5,YwHAFO8CVCX5rbJ7H73KbV8TgyA=,Msp06/BjmLFolEyXzyDr3W/u/qc=
-10,-6,YwHAFO8CVCX5rbJ7H73KbV8TgyA=,Ffmo0squawYNYE3iPGKsYtp+j3Q=
-8,-5,YwHAFO8CVCX5rbJ7H73KbV8TgyA=,Msp06/BjmLFolEyXzyDr3W/u/qc=
-9,-3,YwHAFO8CVCX5rbJ7H73KbV8TgyA=,V5S4wnWRLabKASnTENtOg0qwXK4=
-8,-3,YwHAFO8CVCX5rbJ7H73KbV8TgyA=,vwleM/ll3B41SEBw/V2SiIIeYNU=
-7,-7,YwHAFO8CVCX5rbJ7H73KbV8TgyA=,Msp06/BjmLFolEyXzyDr3W/u/qc=
-7,-6,YwHAFO8CVCX5rbJ7H73KbV8TgyA=,Msp06/BjmLFolEyXzyDr3W/u/qc=
-9,-8,YwHAFO8CVCX5rbJ7H73KbV8TgyA=,Ffmo0squawYNYE3iPGKsYtp+j3Q=
-10,-8,YwHAFO8CVCX5rbJ7H73KbV8TgyA=,Ffmo0squawYNYE3iPGKsYtp+j3Q=
-9,-7,YwHAFO8CVCX5rbJ7H73KbV8TgyA=,Ffmo0squawYNYE3iPGKsYtp+j3Q=
-10,-7,YwHAFO8CVCX5rbJ7H73KbV8TgyA=,Ffmo0squawYNYE3iPGKsYtp+j3Q=
-10,-3,YwHAFO8CVCX5rbJ7H73KbV8TgyA=,V5S4wnWRLabKASnTENtOg0qwXK4=
-10,-4,YwHAFO8CVCX5rbJ7H73KbV8TgyA=,V5S4wnWRLabKASnTENtOg0qwXK4=
-9,-4,YwHAFO8CVCX5rbJ7H73KbV8TgyA=,V5S4wnWRLabKASnTENtOg0qwXK4=
-7,-4,YwHAFO8CVCX5rbJ7H73KbV8TgyA=,vwleM/ll3B41SEBw/V2SiIIeYNU=
-8,-4,YwHAFO8CVCX5rbJ7H73KbV8TgyA=,vwleM/ll3B41SEBw/V2SiIIeYNU=
-4,-8,YwHAFO8CVCX5rbJ7H73KbV8TgyA=,MLmphv02TsikESWCNfr5FRT2clE=
-6,-8,YwHAFO8CVCX5rbJ7H73KbV8TgyA=,Msp06/BjmLFolEyXzyDr3W/u/qc=
-3,-8,YwHAFO8CVCX5rbJ7H73KbV8TgyA=,MLmphv02TsikESWCNfr5FRT2clE=
-4,-14,YwHAFO8CVCX5rbJ7H73KbV8TgyA=,9ZtMhLXQf53J3R9UGyrMH0RJb0w=
-3,-14,YwHAFO8CVCX5rbJ7H73KbV8TgyA=,9ZtMhLXQf53J3R9UGyrMH0RJb0w=
-6,-12,YwHAFO8CVCX5rbJ7H73KbV8TgyA=,seF0Hq2aPp2qod4CqE5XxP2785Q=
-5,-12,YwHAFO8CVCX5rbJ7H73KbV8TgyA=,seF0Hq2aPp2qod4CqE5XxP2785Q=
-5,-8,YwHAFO8CVCX5rbJ7H73KbV8TgyA=,Msp06/BjmLFolEyXzyDr3W/u/qc=
-5,-13,YwHAFO8CVCX5rbJ7H73KbV8TgyA=,fz4PaikzZN4EU2Ah1eN1JnwOKTI=
-6,-13,YwHAFO8CVCX5rbJ7H73KbV8TgyA=,fz4PaikzZN4EU2Ah1eN1JnwOKTI=
-5,-14,YwHAFO8CVCX5rbJ7H73KbV8TgyA=,fz4PaikzZN4EU2Ah1eN1JnwOKTI=
-6,-14,YwHAFO8CVCX5rbJ7H73KbV8TgyA=,fz4PaikzZN4EU2Ah1eN1JnwOKTI=
-5,-11,YwHAFO8CVCX5rbJ7H73KbV8TgyA=,seF0Hq2aPp2qod4CqE5XxP2785Q=
-6,-11,YwHAFO8CVCX5rbJ7H73KbV8TgyA=,seF0Hq2aPp2qod4CqE5XxP2785Q=
-4,-13,YwHAFO8CVCX5rbJ7H73KbV8TgyA=,9ZtMhLXQf53J3R9UGyrMH0RJb0w=
-3,-13,YwHAFO8CVCX5rbJ7H73KbV8TgyA=,9ZtMhLXQf53J3R9UGyrMH0RJb0w=
-6,-9,YwHAFO8CVCX5rbJ7H73KbV8TgyA=,seF0Hq2aPp2qod4CqE5XxP2785Q=
-6,-10,YwHAFO8CVCX5rbJ7H73KbV8TgyA=,seF0Hq2aPp2qod4CqE5XxP2785Q=
-5,-10,YwHAFO8CVCX5rbJ7H73KbV8TgyA=,seF0Hq2aPp2qod4CqE5XxP2785Q=
-4,-12,YwHAFO8CVCX5rbJ7H73KbV8TgyA=,FhqzPgu9A4I+/AYl0Hr58Yv09Cs=
-5,-9,YwHAFO8CVCX5rbJ7H73KbV8TgyA=,seF0Hq2aPp2qod4CqE5XxP2785Q=
-3,-11,YwHAFO8CVCX5rbJ7H73KbV8TgyA=,FhqzPgu9A4I+/AYl0Hr58Yv09Cs=
-6,-7,YwHAFO8CVCX5rbJ7H73KbV8TgyA=,Msp06/BjmLFolEyXzyDr3W/u/qc=
-4,-7,YwHAFO8CVCX5rbJ7H73KbV8TgyA=,MLmphv02TsikESWCNfr5FRT2clE=
-4,-9,YwHAFO8CVCX5rbJ7H73KbV8TgyA=,FhqzPgu9A4I+/AYl0Hr58Yv09Cs=
-3,-10,YwHAFO8CVCX5rbJ7H73KbV8TgyA=,FhqzPgu9A4I+/AYl0Hr58Yv09Cs=
-3,-12,YwHAFO8CVCX5rbJ7H73KbV8TgyA=,FhqzPgu9A4I+/AYl0Hr58Yv09Cs=
-5,-7,YwHAFO8CVCX5rbJ7H73KbV8TgyA=,Msp06/BjmLFolEyXzyDr3W/u/qc=
-4,-11,YwHAFO8CVCX5rbJ7H73KbV8TgyA=,FhqzPgu9A4I+/AYl0Hr58Yv09Cs=
-4,-10,YwHAFO8CVCX5rbJ7H73KbV8TgyA=,FhqzPgu9A4I+/AYl0Hr58Yv09Cs=
-3,-9,YwHAFO8CVCX5rbJ7H73KbV8TgyA=,FhqzPgu9A4I+/AYl0Hr58Yv09Cs=
-3,-7,YwHAFO8CVCX5rbJ7H73KbV8TgyA=,MLmphv02TsikESWCNfr5FRT2clE=
-2,-8,Xr8EOpLkBuJUWs8MmcATSt78JbY=,MLmphv02TsikESWCNfr5FRT2clE=
-1,-8,Xr8EOpLkBuJUWs8MmcATSt78JbY=,MLmphv02TsikESWCNfr5FRT2clE=
-2,-10,Xr8EOpLkBuJUWs8MmcATSt78JbY=,FhqzPgu9A4I+/AYl0Hr58Yv09Cs=
-1,-10,Xr8EOpLkBuJUWs8MmcATSt78JbY=,FhqzPgu9A4I+/AYl0Hr58Yv09Cs=
-2,-7,Xr8EOpLkBuJUWs8MmcATSt78JbY=,MLmphv02TsikESWCNfr5FRT2clE=
-1,-7,Xr8EOpLkBuJUWs8MmcATSt78JbY=,MLmphv02TsikESWCNfr5FRT2clE=
-2,-9,Xr8EOpLkBuJUWs8MmcATSt78JbY=,FhqzPgu9A4I+/AYl0Hr58Yv09Cs=
-1,-9,Xr8EOpLkBuJUWs8MmcATSt78JbY=,FhqzPgu9A4I+/AYl0Hr58Yv09Cs=
-8,-2,Xr8EOpLkBuJUWs8MmcATSt78JbY=,vwleM/ll3B41SEBw/V2SiIIeYNU=
-7,-2,Xr8EOpLkBuJUWs8MmcATSt78JbY=,vwleM/ll3B41SEBw/V2SiIIeYNU=
-8,-1,Xr8EOpLkBuJUWs8MmcATSt78JbY=,vwleM/ll3B41SEBw/V2SiIIeYNU=
-9,-1,Xr8EOpLkBuJUWs8MmcATSt78JbY=,V5S4wnWRLabKASnTENtOg0qwXK4=
-4,-2,Xr8EOpLkBuJUWs8MmcATSt78JbY=,dMojFN897cLsnR9GV34qx1TL4Sw=
-10,-1,Xr8EOpLkBuJUWs8MmcATSt78JbY=,V5S4wnWRLabKASnTENtOg0qwXK4=
-6,-3,Xr8EOpLkBuJUWs8MmcATSt78JbY=,vwleM/ll3B41SEBw/V2SiIIeYNU=
-3,-5,Xr8EOpLkBuJUWs8MmcATSt78JbY=,MLmphv02TsikESWCNfr5FRT2clE=
-10,-2,Xr8EOpLkBuJUWs8MmcATSt78JbY=,V5S4wnWRLabKASnTENtOg0qwXK4=
-9,-2,Xr8EOpLkBuJUWs8MmcATSt78JbY=,V5S4wnWRLabKASnTENtOg0qwXK4=
-4,-5,Xr8EOpLkBuJUWs8MmcATSt78JbY=,MLmphv02TsikESWCNfr5FRT2clE=
-7,-1,Xr8EOpLkBuJUWs8MmcATSt78JbY=,vwleM/ll3B41SEBw/V2SiIIeYNU=
-5,-5,Xr8EOpLkBuJUWs8MmcATSt78JbY=,Msp06/BjmLFolEyXzyDr3W/u/qc=
-1,-5,Xr8EOpLkBuJUWs8MmcATSt78JbY=,MLmphv02TsikESWCNfr5FRT2clE=
-6,-5,Xr8EOpLkBuJUWs8MmcATSt78JbY=,Msp06/BjmLFolEyXzyDr3W/u/qc=
-1,-6,Xr8EOpLkBuJUWs8MmcATSt78JbY=,MLmphv02TsikESWCNfr5FRT2clE=
-3,-6,Xr8EOpLkBuJUWs8MmcATSt78JbY=,MLmphv02TsikESWCNfr5FRT2clE=
-3,-4,Xr8EOpLkBuJUWs8MmcATSt78JbY=,dMojFN897cLsnR9GV34qx1TL4Sw=
-2,-6,Xr8EOpLkBuJUWs8MmcATSt78JbY=,MLmphv02TsikESWCNfr5FRT2clE=
-3,-2,Xr8EOpLkBuJUWs8MmcATSt78JbY=,dMojFN897cLsnR9GV34qx1TL4Sw=
-5,-4,Xr8EOpLkBuJUWs8MmcATSt78JbY=,vwleM/ll3B41SEBw/V2SiIIeYNU=
-6,-4,Xr8EOpLkBuJUWs8MmcATSt78JbY=,vwleM/ll3B41SEBw/V2SiIIeYNU=
-2,-4,Xr8EOpLkBuJUWs8MmcATSt78JbY=,dMojFN897cLsnR9GV34qx1TL4Sw=
-1,-4,Xr8EOpLkBuJUWs8MmcATSt78JbY=,dMojFN897cLsnR9GV34qx1TL4Sw=
-1,-3,Xr8EOpLkBuJUWs8MmcATSt78JbY=,dMojFN897cLsnR9GV34qx1TL4Sw=
-4,-3,Xr8EOpLkBuJUWs8MmcATSt78JbY=,dMojFN897cLsnR9GV34qx1TL4Sw=
-11,-1,Xr8EOpLkBuJUWs8MmcATSt78JbY=,V5S4wnWRLabKASnTENtOg0qwXK4=
-12,-2,Xr8EOpLkBuJUWs8MmcATSt78JbY=,V5S4wnWRLabKASnTENtOg0qwXK4=
-5,-1,Xr8EOpLkBuJUWs8MmcATSt78JbY=,vwleM/ll3B41SEBw/V2SiIIeYNU=
-13,-1,Xr8EOpLkBuJUWs8MmcATSt78JbY=,3OfvQLtd26giOQb7HRaLkto6toI=
-6,-1,Xr8EOpLkBuJUWs8MmcATSt78JbY=,vwleM/ll3B41SEBw/V2SiIIeYNU=
-2,-3,Xr8EOpLkBuJUWs8MmcATSt78JbY=,dMojFN897cLsnR9GV34qx1TL4Sw=
-13,-2,Xr8EOpLkBuJUWs8MmcATSt78JbY=,3OfvQLtd26giOQb7HRaLkto6toI=
-14,-1,Xr8EOpLkBuJUWs8MmcATSt78JbY=,3OfvQLtd26giOQb7HRaLkto6toI=
-3,-1,Xr8EOpLkBuJUWs8MmcATSt78JbY=,dMojFN897cLsnR9GV34qx1TL4Sw=
-5,-3,Xr8EOpLkBuJUWs8MmcATSt78JbY=,vwleM/ll3B41SEBw/V2SiIIeYNU=
-3,-3,Xr8EOpLkBuJUWs8MmcATSt78JbY=,dMojFN897cLsnR9GV34qx1TL4Sw=
-11,-2,Xr8EOpLkBuJUWs8MmcATSt78JbY=,V5S4wnWRLabKASnTENtOg0qwXK4=
-12,-1,Xr8EOpLkBuJUWs8MmcATSt78JbY=,V5S4wnWRLabKASnTENtOg0qwXK4=
-14,-2,Xr8EOpLkBuJUWs8MmcATSt78JbY=,3OfvQLtd26giOQb7HRaLkto6toI=
-2,-5,Xr8EOpLkBuJUWs8MmcATSt78JbY=,MLmphv02TsikESWCNfr5FRT2clE=
-4,-1,Xr8EOpLkBuJUWs8MmcATSt78JbY=,dMojFN897cLsnR9GV34qx1TL4Sw=
-4,-6,Xr8EOpLkBuJUWs8MmcATSt78JbY=,MLmphv02TsikESWCNfr5FRT2clE=
-6,-2,Xr8EOpLkBuJUWs8MmcATSt78JbY=,vwleM/ll3B41SEBw/V2SiIIeYNU=
-5,-6,Xr8EOpLkBuJUWs8MmcATSt78JbY=,Msp06/BjmLFolEyXzyDr3W/u/qc=
-6,-6,Xr8EOpLkBuJUWs8MmcATSt78JbY=,Msp06/BjmLFolEyXzyDr3W/u/qc=
-4,-4,Xr8EOpLkBuJUWs8MmcATSt78JbY=,dMojFN897cLsnR9GV34qx1TL4Sw=
-5,-2,Xr8EOpLkBuJUWs8MmcATSt78JbY=,vwleM/ll3B41SEBw/V2SiIIeYNU=
-10,-12,Xr8EOpLkBuJUWs8MmcATSt78JbY=,uQdIxZop2sc1YdQaRMS21qFwXKo=
-9,-12,Xr8EOpLkBuJUWs8MmcATSt78JbY=,uQdIxZop2sc1YdQaRMS21qFwXKo=
-8,-12,Xr8EOpLkBuJUWs8MmcATSt78JbY=,seF0Hq2aPp2qod4CqE5XxP2785Q=
-10,-11,Xr8EOpLkBuJUWs8MmcATSt78JbY=,uQdIxZop2sc1YdQaRMS21qFwXKo=
-7,-12,Xr8EOpLkBuJUWs8MmcATSt78JbY=,seF0Hq2aPp2qod4CqE5XxP2785Q=
-9,-11,Xr8EOpLkBuJUWs8MmcATSt78JbY=,uQdIxZop2sc1YdQaRMS21qFwXKo=
-8,-11,Xr8EOpLkBuJUWs8MmcATSt78JbY=,seF0Hq2aPp2qod4CqE5XxP2785Q=
-7,-11,Xr8EOpLkBuJUWs8MmcATSt78JbY=,seF0Hq2aPp2qod4CqE5XxP2785Q=
-8,-14,Xr8EOpLkBuJUWs8MmcATSt78JbY=,fz4PaikzZN4EU2Ah1eN1JnwOKTI=
-7,-14,Xr8EOpLkBuJUWs8MmcATSt78JbY=,fz4PaikzZN4EU2Ah1eN1JnwOKTI=
-8,-13,Xr8EOpLkBuJUWs8MmcATSt78JbY=,fz4PaikzZN4EU2Ah1eN1JnwOKTI=
-7,-13,Xr8EOpLkBuJUWs8MmcATSt78JbY=,fz4PaikzZN4EU2Ah1eN1JnwOKTI=
-2,-14,Xr8EOpLkBuJUWs8MmcATSt78JbY=,9ZtMhLXQf53J3R9UGyrMH0RJb0w=
-1,-14,Xr8EOpLkBuJUWs8MmcATSt78JbY=,9ZtMhLXQf53J3R9UGyrMH0RJb0w=
-1,-13,Xr8EOpLkBuJUWs8MmcATSt78JbY=,9ZtMhLXQf53J3R9UGyrMH0RJb0w=
-2,-12,Xr8EOpLkBuJUWs8MmcATSt78JbY=,FhqzPgu9A4I+/AYl0Hr58Yv09Cs=
-2,-11,Xr8EOpLkBuJUWs8MmcATSt78JbY=,FhqzPgu9A4I+/AYl0Hr58Yv09Cs=
-1,-11,Xr8EOpLkBuJUWs8MmcATSt78JbY=,FhqzPgu9A4I+/AYl0Hr58Yv09Cs=
-6,-16,Xr8EOpLkBuJUWs8MmcATSt78JbY=,fz4PaikzZN4EU2Ah1eN1JnwOKTI=
-5,-15,Xr8EOpLkBuJUWs8MmcATSt78JbY=,fz4PaikzZN4EU2Ah1eN1JnwOKTI=
-5,-16,Xr8EOpLkBuJUWs8MmcATSt78JbY=,fz4PaikzZN4EU2Ah1eN1JnwOKTI=
-4,-16,Xr8EOpLkBuJUWs8MmcATSt78JbY=,9ZtMhLXQf53J3R9UGyrMH0RJb0w=
-3,-16,Xr8EOpLkBuJUWs8MmcATSt78JbY=,9ZtMhLXQf53J3R9UGyrMH0RJb0w=
-4,-15,Xr8EOpLkBuJUWs8MmcATSt78JbY=,9ZtMhLXQf53J3R9UGyrMH0RJb0w=
-6,-15,Xr8EOpLkBuJUWs8MmcATSt78JbY=,fz4PaikzZN4EU2Ah1eN1JnwOKTI=
-3,-15,Xr8EOpLkBuJUWs8MmcATSt78JbY=,9ZtMhLXQf53J3R9UGyrMH0RJb0w=
-2,-13,Xr8EOpLkBuJUWs8MmcATSt78JbY=,9ZtMhLXQf53J3R9UGyrMH0RJb0w=
-1,-12,Xr8EOpLkBuJUWs8MmcATSt78JbY=,FhqzPgu9A4I+/AYl0Hr58Yv09Cs=
-15,-6,Xr8EOpLkBuJUWs8MmcATSt78JbY=,0oVVpCCjSlLgEFhLVcK5Cb5FQ/c=
-16,-4,Xr8EOpLkBuJUWs8MmcATSt78JbY=,3OfvQLtd26giOQb7HRaLkto6toI=
-15,-5,Xr8EOpLkBuJUWs8MmcATSt78JbY=,0oVVpCCjSlLgEFhLVcK5Cb5FQ/c=
-16,-5,Xr8EOpLkBuJUWs8MmcATSt78JbY=,0oVVpCCjSlLgEFhLVcK5Cb5FQ/c=
-2,-16,Xr8EOpLkBuJUWs8MmcATSt78JbY=,9ZtMhLXQf53J3R9UGyrMH0RJb0w=
-1,-16,Xr8EOpLkBuJUWs8MmcATSt78JbY=,9ZtMhLXQf53J3R9UGyrMH0RJb0w=
-2,-15,Xr8EOpLkBuJUWs8MmcATSt78JbY=,9ZtMhLXQf53J3R9UGyrMH0RJb0w=
-1,-15,Xr8EOpLkBuJUWs8MmcATSt78JbY=,9ZtMhLXQf53J3R9UGyrMH0RJb0w=
-16,-6,Xr8EOpLkBuJUWs8MmcATSt78JbY=,0oVVpCCjSlLgEFhLVcK5Cb5FQ/c=
-15,-3,Xr8EOpLkBuJUWs8MmcATSt78JbY=,3OfvQLtd26giOQb7HRaLkto6toI=
-15,-4,Xr8EOpLkBuJUWs8MmcATSt78JbY=,3OfvQLtd26giOQb7HRaLkto6toI=
-16,-3,Xr8EOpLkBuJUWs8MmcATSt78JbY=,3OfvQLtd26giOQb7HRaLkto6toI=
-8,-16,Xr8EOpLkBuJUWs8MmcATSt78JbY=,fz4PaikzZN4EU2Ah1eN1JnwOKTI=
-7,-16,Xr8EOpLkBuJUWs8MmcATSt78JbY=,fz4PaikzZN4EU2Ah1eN1JnwOKTI=
-8,-15,Xr8EOpLkBuJUWs8MmcATSt78JbY=,fz4PaikzZN4EU2Ah1eN1JnwOKTI=
-7,-15,Xr8EOpLkBuJUWs8MmcATSt78JbY=,fz4PaikzZN4EU2Ah1eN1JnwOKTI=
-16,-2,Xr8EOpLkBuJUWs8MmcATSt78JbY=,3OfvQLtd26giOQb7HRaLkto6toI=
-15,-2,Xr8EOpLkBuJUWs8MmcATSt78JbY=,3OfvQLtd26giOQb7HRaLkto6toI=
-16,-1,6RO6ov1mgHz1kTL0vTUCbBMG2ss=,3OfvQLtd26giOQb7HRaLkto6toI=
-2,-2,6RO6ov1mgHz1kTL0vTUCbBMG2ss=,dMojFN897cLsnR9GV34qx1TL4Sw=
-15,-1,6RO6ov1mgHz1kTL0vTUCbBMG2ss=,3OfvQLtd26giOQb7HRaLkto6toI=
-1,-1,6RO6ov1mgHz1kTL0vTUCbBMG2ss=,dMojFN897cLsnR9GV34qx1TL4Sw=
-2,-1,6RO6ov1mgHz1kTL0vTUCbBMG2ss=,dMojFN897cLsnR9GV34qx1TL4Sw=
-1,-2,6RO6ov1mgHz1kTL0vTUCbBMG2ss=,dMojFN897cLsnR9GV34qx1TL4Sw=
-11,-10,6RO6ov1mgHz1kTL0vTUCbBMG2ss=,uQdIxZop2sc1YdQaRMS21qFwXKo=
-12,-10,6RO6ov1mgHz1kTL0vTUCbBMG2ss=,uQdIxZop2sc1YdQaRMS21qFwXKo=
-11,-9,6RO6ov1mgHz1kTL0vTUCbBMG2ss=,uQdIxZop2sc1YdQaRMS21qFwXKo=
-13,-11,6RO6ov1mgHz1kTL0vTUCbBMG2ss=,DobVUAtufh/2UzAZe2WBeZj/wjY=
-13,-10,6RO6ov1mgHz1kTL0vTUCbBMG2ss=,DobVUAtufh/2UzAZe2WBeZj/wjY=
-14,-10,6RO6ov1mgHz1kTL0vTUCbBMG2ss=,DobVUAtufh/2UzAZe2WBeZj/wjY=
-14,-11,6RO6ov1mgHz1kTL0vTUCbBMG2ss=,DobVUAtufh/2UzAZe2WBeZj/wjY=
-15,-10,6RO6ov1mgHz1kTL0vTUCbBMG2ss=,DobVUAtufh/2UzAZe2WBeZj/wjY=
-16,-10,6RO6ov1mgHz1kTL0vTUCbBMG2ss=,DobVUAtufh/2UzAZe2WBeZj/wjY=
-12,-9,6RO6ov1mgHz1kTL0vTUCbBMG2ss=,uQdIxZop2sc1YdQaRMS21qFwXKo=
-15,-11,6RO6ov1mgHz1kTL0vTUCbBMG2ss=,DobVUAtufh/2UzAZe2WBeZj/wjY=
-16,-11,6RO6ov1mgHz1kTL0vTUCbBMG2ss=,DobVUAtufh/2UzAZe2WBeZj/wjY=
-13,-12,6RO6ov1mgHz1kTL0vTUCbBMG2ss=,DobVUAtufh/2UzAZe2WBeZj/wjY=
-14,-12,6RO6ov1mgHz1kTL0vTUCbBMG2ss=,DobVUAtufh/2UzAZe2WBeZj/wjY=
-11,-11,6RO6ov1mgHz1kTL0vTUCbBMG2ss=,uQdIxZop2sc1YdQaRMS21qFwXKo=
-12,-11,6RO6ov1mgHz1kTL0vTUCbBMG2ss=,uQdIxZop2sc1YdQaRMS21qFwXKo=
-15,-9,6RO6ov1mgHz1kTL0vTUCbBMG2ss=,DobVUAtufh/2UzAZe2WBeZj/wjY=
-16,-9,6RO6ov1mgHz1kTL0vTUCbBMG2ss=,DobVUAtufh/2UzAZe2WBeZj/wjY=
-15,-12,6RO6ov1mgHz1kTL0vTUCbBMG2ss=,DobVUAtufh/2UzAZe2WBeZj/wjY=
-13,-7,6RO6ov1mgHz1kTL0vTUCbBMG2ss=,0oVVpCCjSlLgEFhLVcK5Cb5FQ/c=
-16,-12,6RO6ov1mgHz1kTL0vTUCbBMG2ss=,DobVUAtufh/2UzAZe2WBeZj/wjY=
-13,-9,6RO6ov1mgHz1kTL0vTUCbBMG2ss=,DobVUAtufh/2UzAZe2WBeZj/wjY=
-16,-8,6RO6ov1mgHz1kTL0vTUCbBMG2ss=,0oVVpCCjSlLgEFhLVcK5Cb5FQ/c=
-12,-12,6RO6ov1mgHz1kTL0vTUCbBMG2ss=,uQdIxZop2sc1YdQaRMS21qFwXKo=
-11,-12,6RO6ov1mgHz1kTL0vTUCbBMG2ss=,uQdIxZop2sc1YdQaRMS21qFwXKo=
-14,-9,6RO6ov1mgHz1kTL0vTUCbBMG2ss=,DobVUAtufh/2UzAZe2WBeZj/wjY=
-14,-7,6RO6ov1mgHz1kTL0vTUCbBMG2ss=,0oVVpCCjSlLgEFhLVcK5Cb5FQ/c=
-12,-7,6RO6ov1mgHz1kTL0vTUCbBMG2ss=,Ffmo0squawYNYE3iPGKsYtp+j3Q=
-11,-7,6RO6ov1mgHz1kTL0vTUCbBMG2ss=,Ffmo0squawYNYE3iPGKsYtp+j3Q=
-15,-7,6RO6ov1mgHz1kTL0vTUCbBMG2ss=,0oVVpCCjSlLgEFhLVcK5Cb5FQ/c=
-11,-8,6RO6ov1mgHz1kTL0vTUCbBMG2ss=,Ffmo0squawYNYE3iPGKsYtp+j3Q=
-16,-7,6RO6ov1mgHz1kTL0vTUCbBMG2ss=,0oVVpCCjSlLgEFhLVcK5Cb5FQ/c=
-13,-8,6RO6ov1mgHz1kTL0vTUCbBMG2ss=,0oVVpCCjSlLgEFhLVcK5Cb5FQ/c=
-14,-8,6RO6ov1mgHz1kTL0vTUCbBMG2ss=,0oVVpCCjSlLgEFhLVcK5Cb5FQ/c=
-15,-8,6RO6ov1mgHz1kTL0vTUCbBMG2ss=,0oVVpCCjSlLgEFhLVcK5Cb5FQ/c=
-12,-8,6RO6ov1mgHz1kTL0vTUCbBMG2ss=,Ffmo0squawYNYE3iPGKsYtp+j3Q=
-28,-25,XCx+BAy1lsla5R/CT42ZDzlU6Hw=,RpmC2qBEulZ13T79Wj7yA0AbZoo=
-27,-25,XCx+BAy1lsla5R/CT42ZDzlU6Hw=,RpmC2qBEulZ13T79Wj7yA0AbZoo=
-30,-24,XCx+BAy1lsla5R/CT42ZDzlU6Hw=,ATekP9SsygK8FO66mZhVW6bMt4g=
-29,-24,XCx+BAy1lsla5R/CT42ZDzlU6Hw=,ATekP9SsygK8FO66mZhVW6bMt4g=
-28,-26,XCx+BAy1lsla5R/CT42ZDzlU6Hw=,RpmC2qBEulZ13T79Wj7yA0AbZoo=
-27,-26,XCx+BAy1lsla5R/CT42ZDzlU6Hw=,RpmC2qBEulZ13T79Wj7yA0AbZoo=
-30,-26,XCx+BAy1lsla5R/CT42ZDzlU6Hw=,42qDKxpJo9aukuPJRnwy5wJ7PRM=
-30,-23,XCx+BAy1lsla5R/CT42ZDzlU6Hw=,ATekP9SsygK8FO66mZhVW6bMt4g=
-29,-23,XCx+BAy1lsla5R/CT42ZDzlU6Hw=,ATekP9SsygK8FO66mZhVW6bMt4g=
-29,-26,XCx+BAy1lsla5R/CT42ZDzlU6Hw=,42qDKxpJo9aukuPJRnwy5wJ7PRM=
-29,-25,XCx+BAy1lsla5R/CT42ZDzlU6Hw=,42qDKxpJo9aukuPJRnwy5wJ7PRM=
-30,-25,XCx+BAy1lsla5R/CT42ZDzlU6Hw=,42qDKxpJo9aukuPJRnwy5wJ7PRM=
-28,-24,XCx+BAy1lsla5R/CT42ZDzlU6Hw=,G07u3cPe6/M6fl1qtQNndzSPFGA=
-27,-24,XCx+BAy1lsla5R/CT42ZDzlU6Hw=,G07u3cPe6/M6fl1qtQNndzSPFGA=
-27,-23,XCx+BAy1lsla5R/CT42ZDzlU6Hw=,G07u3cPe6/M6fl1qtQNndzSPFGA=
-28,-23,XCx+BAy1lsla5R/CT42ZDzlU6Hw=,G07u3cPe6/M6fl1qtQNndzSPFGA=
-20,-19,XCx+BAy1lsla5R/CT42ZDzlU6Hw=,9ApfaDgOs+xSFEw80tTGgmHOOuk=
-19,-19,XCx+BAy1lsla5R/CT42ZDzlU6Hw=,9ApfaDgOs+xSFEw80tTGgmHOOuk=
-20,-20,XCx+BAy1lsla5R/CT42ZDzlU6Hw=,9ApfaDgOs+xSFEw80tTGgmHOOuk=
-22,-22,XCx+BAy1lsla5R/CT42ZDzlU6Hw=,SpSQckQdSxB+74kUSIPjGf5CiDU=
-19,-20,XCx+BAy1lsla5R/CT42ZDzlU6Hw=,9ApfaDgOs+xSFEw80tTGgmHOOuk=
-21,-22,XCx+BAy1lsla5R/CT42ZDzlU6Hw=,SpSQckQdSxB+74kUSIPjGf5CiDU=
-22,-21,XCx+BAy1lsla5R/CT42ZDzlU6Hw=,SpSQckQdSxB+74kUSIPjGf5CiDU=
-21,-21,XCx+BAy1lsla5R/CT42ZDzlU6Hw=,SpSQckQdSxB+74kUSIPjGf5CiDU=
-22,-20,XCx+BAy1lsla5R/CT42ZDzlU6Hw=,xAtoUFkh5vk7zlDVBGdewQ2H9bE=
-21,-20,XCx+BAy1lsla5R/CT42ZDzlU6Hw=,xAtoUFkh5vk7zlDVBGdewQ2H9bE=
-22,-19,XCx+BAy1lsla5R/CT42ZDzlU6Hw=,xAtoUFkh5vk7zlDVBGdewQ2H9bE=
-21,-19,XCx+BAy1lsla5R/CT42ZDzlU6Hw=,xAtoUFkh5vk7zlDVBGdewQ2H9bE=
-25,-22,lSYJ3FymQq6FrtpIMD7dqHGectE=,G07u3cPe6/M6fl1qtQNndzSPFGA=
-26,-22,lSYJ3FymQq6FrtpIMD7dqHGectE=,G07u3cPe6/M6fl1qtQNndzSPFGA=
-30,-22,lSYJ3FymQq6FrtpIMD7dqHGectE=,ATekP9SsygK8FO66mZhVW6bMt4g=
-20,-18,lSYJ3FymQq6FrtpIMD7dqHGectE=,9ApfaDgOs+xSFEw80tTGgmHOOuk=
-19,-18,lSYJ3FymQq6FrtpIMD7dqHGectE=,9ApfaDgOs+xSFEw80tTGgmHOOuk=
-22,-18,lSYJ3FymQq6FrtpIMD7dqHGectE=,xAtoUFkh5vk7zlDVBGdewQ2H9bE=
-21,-18,lSYJ3FymQq6FrtpIMD7dqHGectE=,xAtoUFkh5vk7zlDVBGdewQ2H9bE=
-20,-17,lSYJ3FymQq6FrtpIMD7dqHGectE=,9ApfaDgOs+xSFEw80tTGgmHOOuk=
-19,-17,lSYJ3FymQq6FrtpIMD7dqHGectE=,9ApfaDgOs+xSFEw80tTGgmHOOuk=
-22,-17,lSYJ3FymQq6FrtpIMD7dqHGectE=,xAtoUFkh5vk7zlDVBGdewQ2H9bE=
-21,-17,lSYJ3FymQq6FrtpIMD7dqHGectE=,xAtoUFkh5vk7zlDVBGdewQ2H9bE=
-32,-20,lSYJ3FymQq6FrtpIMD7dqHGectE=,zxsCvxW9WTbyL6GvCskwM1PZHZc=
-29,-22,lSYJ3FymQq6FrtpIMD7dqHGectE=,ATekP9SsygK8FO66mZhVW6bMt4g=
-31,-20,lSYJ3FymQq6FrtpIMD7dqHGectE=,zxsCvxW9WTbyL6GvCskwM1PZHZc=
-32,-22,lSYJ3FymQq6FrtpIMD7dqHGectE=,ATekP9SsygK8FO66mZhVW6bMt4g=
-28,-20,lSYJ3FymQq6FrtpIMD7dqHGectE=,KoVK9ykh0YPP9uf3z8EfR7PGhSs=
-31,-22,lSYJ3FymQq6FrtpIMD7dqHGectE=,ATekP9SsygK8FO66mZhVW6bMt4g=
-32,-21,lSYJ3FymQq6FrtpIMD7dqHGectE=,ATekP9SsygK8FO66mZhVW6bMt4g=
-31,-21,lSYJ3FymQq6FrtpIMD7dqHGectE=,ATekP9SsygK8FO66mZhVW6bMt4g=
-27,-20,lSYJ3FymQq6FrtpIMD7dqHGectE=,KoVK9ykh0YPP9uf3z8EfR7PGhSs=
-24,-22,lSYJ3FymQq6FrtpIMD7dqHGectE=,SpSQckQdSxB+74kUSIPjGf5CiDU=
-23,-22,lSYJ3FymQq6FrtpIMD7dqHGectE=,SpSQckQdSxB+74kUSIPjGf5CiDU=
-24,-21,lSYJ3FymQq6FrtpIMD7dqHGectE=,SpSQckQdSxB+74kUSIPjGf5CiDU=
-23,-21,lSYJ3FymQq6FrtpIMD7dqHGectE=,SpSQckQdSxB+74kUSIPjGf5CiDU=
-32,-19,lSYJ3FymQq6FrtpIMD7dqHGectE=,zxsCvxW9WTbyL6GvCskwM1PZHZc=
-26,-20,lSYJ3FymQq6FrtpIMD7dqHGectE=,KoVK9ykh0YPP9uf3z8EfR7PGhSs=
-31,-19,lSYJ3FymQq6FrtpIMD7dqHGectE=,zxsCvxW9WTbyL6GvCskwM1PZHZc=
-24,-23,lSYJ3FymQq6FrtpIMD7dqHGectE=,SpSQckQdSxB+74kUSIPjGf5CiDU=
-23,-23,lSYJ3FymQq6FrtpIMD7dqHGectE=,SpSQckQdSxB+74kUSIPjGf5CiDU=
-26,-25,lSYJ3FymQq6FrtpIMD7dqHGectE=,RpmC2qBEulZ13T79Wj7yA0AbZoo=
-25,-25,lSYJ3FymQq6FrtpIMD7dqHGectE=,RpmC2qBEulZ13T79Wj7yA0AbZoo=
-26,-26,lSYJ3FymQq6FrtpIMD7dqHGectE=,RpmC2qBEulZ13T79Wj7yA0AbZoo=
-25,-26,lSYJ3FymQq6FrtpIMD7dqHGectE=,RpmC2qBEulZ13T79Wj7yA0AbZoo=
-26,-23,lSYJ3FymQq6FrtpIMD7dqHGectE=,G07u3cPe6/M6fl1qtQNndzSPFGA=
-25,-23,lSYJ3FymQq6FrtpIMD7dqHGectE=,G07u3cPe6/M6fl1qtQNndzSPFGA=
-26,-24,lSYJ3FymQq6FrtpIMD7dqHGectE=,G07u3cPe6/M6fl1qtQNndzSPFGA=
-26,-28,lSYJ3FymQq6FrtpIMD7dqHGectE=,RpmC2qBEulZ13T79Wj7yA0AbZoo=
-24,-24,lSYJ3FymQq6FrtpIMD7dqHGectE=,SpSQckQdSxB+74kUSIPjGf5CiDU=
-25,-20,lSYJ3FymQq6FrtpIMD7dqHGectE=,KoVK9ykh0YPP9uf3z8EfR7PGhSs=
-24,-20,lSYJ3FymQq6FrtpIMD7dqHGectE=,xAtoUFkh5vk7zlDVBGdewQ2H9bE=
-23,-20,lSYJ3FymQq6FrtpIMD7dqHGectE=,xAtoUFkh5vk7zlDVBGdewQ2H9bE=
-23,-24,lSYJ3FymQq6FrtpIMD7dqHGectE=,SpSQckQdSxB+74kUSIPjGf5CiDU=
-25,-28,lSYJ3FymQq6FrtpIMD7dqHGectE=,RpmC2qBEulZ13T79Wj7yA0AbZoo=
-25,-24,lSYJ3FymQq6FrtpIMD7dqHGectE=,G07u3cPe6/M6fl1qtQNndzSPFGA=
-26,-27,lSYJ3FymQq6FrtpIMD7dqHGectE=,RpmC2qBEulZ13T79Wj7yA0AbZoo=
-25,-27,lSYJ3FymQq6FrtpIMD7dqHGectE=,RpmC2qBEulZ13T79Wj7yA0AbZoo=
-30,-27,lSYJ3FymQq6FrtpIMD7dqHGectE=,42qDKxpJo9aukuPJRnwy5wJ7PRM=
-25,-21,lSYJ3FymQq6FrtpIMD7dqHGectE=,G07u3cPe6/M6fl1qtQNndzSPFGA=
-29,-27,lSYJ3FymQq6FrtpIMD7dqHGectE=,42qDKxpJo9aukuPJRnwy5wJ7PRM=
-28,-27,lSYJ3FymQq6FrtpIMD7dqHGectE=,RpmC2qBEulZ13T79Wj7yA0AbZoo=
-27,-27,lSYJ3FymQq6FrtpIMD7dqHGectE=,RpmC2qBEulZ13T79Wj7yA0AbZoo=
-28,-28,lSYJ3FymQq6FrtpIMD7dqHGectE=,RpmC2qBEulZ13T79Wj7yA0AbZoo=
-26,-21,lSYJ3FymQq6FrtpIMD7dqHGectE=,G07u3cPe6/M6fl1qtQNndzSPFGA=
-27,-28,lSYJ3FymQq6FrtpIMD7dqHGectE=,RpmC2qBEulZ13T79Wj7yA0AbZoo=
-30,-28,lSYJ3FymQq6FrtpIMD7dqHGectE=,42qDKxpJo9aukuPJRnwy5wJ7PRM=
-29,-28,lSYJ3FymQq6FrtpIMD7dqHGectE=,42qDKxpJo9aukuPJRnwy5wJ7PRM=
-22,-23,lSYJ3FymQq6FrtpIMD7dqHGectE=,SpSQckQdSxB+74kUSIPjGf5CiDU=
-21,-23,lSYJ3FymQq6FrtpIMD7dqHGectE=,SpSQckQdSxB+74kUSIPjGf5CiDU=
-22,-24,lSYJ3FymQq6FrtpIMD7dqHGectE=,SpSQckQdSxB+74kUSIPjGf5CiDU=
-21,-24,lSYJ3FymQq6FrtpIMD7dqHGectE=,SpSQckQdSxB+74kUSIPjGf5CiDU=
-32,-24,lSYJ3FymQq6FrtpIMD7dqHGectE=,ATekP9SsygK8FO66mZhVW6bMt4g=
-27,-22,lSYJ3FymQq6FrtpIMD7dqHGectE=,G07u3cPe6/M6fl1qtQNndzSPFGA=
-30,-20,lSYJ3FymQq6FrtpIMD7dqHGectE=,zxsCvxW9WTbyL6GvCskwM1PZHZc=
-28,-22,lSYJ3FymQq6FrtpIMD7dqHGectE=,G07u3cPe6/M6fl1qtQNndzSPFGA=
-30,-21,lSYJ3FymQq6FrtpIMD7dqHGectE=,ATekP9SsygK8FO66mZhVW6bMt4g=
-31,-24,lSYJ3FymQq6FrtpIMD7dqHGectE=,ATekP9SsygK8FO66mZhVW6bMt4g=
-32,-26,lSYJ3FymQq6FrtpIMD7dqHGectE=,42qDKxpJo9aukuPJRnwy5wJ7PRM=
-23,-19,lSYJ3FymQq6FrtpIMD7dqHGectE=,xAtoUFkh5vk7zlDVBGdewQ2H9bE=
-32,-27,lSYJ3FymQq6FrtpIMD7dqHGectE=,42qDKxpJo9aukuPJRnwy5wJ7PRM=
-31,-26,lSYJ3FymQq6FrtpIMD7dqHGectE=,42qDKxpJo9aukuPJRnwy5wJ7PRM=
-31,-27,lSYJ3FymQq6FrtpIMD7dqHGectE=,42qDKxpJo9aukuPJRnwy5wJ7PRM=
-24,-19,lSYJ3FymQq6FrtpIMD7dqHGectE=,xAtoUFkh5vk7zlDVBGdewQ2H9bE=
-32,-23,lSYJ3FymQq6FrtpIMD7dqHGectE=,ATekP9SsygK8FO66mZhVW6bMt4g=
-26,-17,lSYJ3FymQq6FrtpIMD7dqHGectE=,KoVK9ykh0YPP9uf3z8EfR7PGhSs=
-31,-28,lSYJ3FymQq6FrtpIMD7dqHGectE=,42qDKxpJo9aukuPJRnwy5wJ7PRM=
-32,-28,lSYJ3FymQq6FrtpIMD7dqHGectE=,42qDKxpJo9aukuPJRnwy5wJ7PRM=
-31,-25,lSYJ3FymQq6FrtpIMD7dqHGectE=,42qDKxpJo9aukuPJRnwy5wJ7PRM=
-32,-25,lSYJ3FymQq6FrtpIMD7dqHGectE=,42qDKxpJo9aukuPJRnwy5wJ7PRM=
-29,-20,lSYJ3FymQq6FrtpIMD7dqHGectE=,zxsCvxW9WTbyL6GvCskwM1PZHZc=
-25,-17,lSYJ3FymQq6FrtpIMD7dqHGectE=,KoVK9ykh0YPP9uf3z8EfR7PGhSs=
-24,-18,lSYJ3FymQq6FrtpIMD7dqHGectE=,xAtoUFkh5vk7zlDVBGdewQ2H9bE=
-23,-18,lSYJ3FymQq6FrtpIMD7dqHGectE=,xAtoUFkh5vk7zlDVBGdewQ2H9bE=
-24,-17,lSYJ3FymQq6FrtpIMD7dqHGectE=,xAtoUFkh5vk7zlDVBGdewQ2H9bE=
-23,-17,lSYJ3FymQq6FrtpIMD7dqHGectE=,xAtoUFkh5vk7zlDVBGdewQ2H9bE=
-31,-23,lSYJ3FymQq6FrtpIMD7dqHGectE=,ATekP9SsygK8FO66mZhVW6bMt4g=
-29,-21,lSYJ3FymQq6FrtpIMD7dqHGectE=,ATekP9SsygK8FO66mZhVW6bMt4g=
-25,-19,lSYJ3FymQq6FrtpIMD7dqHGectE=,KoVK9ykh0YPP9uf3z8EfR7PGhSs=
-18,-18,lSYJ3FymQq6FrtpIMD7dqHGectE=,9ApfaDgOs+xSFEw80tTGgmHOOuk=
-32,-18,lSYJ3FymQq6FrtpIMD7dqHGectE=,zxsCvxW9WTbyL6GvCskwM1PZHZc=
-17,-18,lSYJ3FymQq6FrtpIMD7dqHGectE=,9ApfaDgOs+xSFEw80tTGgmHOOuk=
-30,-19,lSYJ3FymQq6FrtpIMD7dqHGectE=,zxsCvxW9WTbyL6GvCskwM1PZHZc=
-18,-17,lSYJ3FymQq6FrtpIMD7dqHGectE=,9ApfaDgOs+xSFEw80tTGgmHOOuk=
-29,-19,lSYJ3FymQq6FrtpIMD7dqHGectE=,zxsCvxW9WTbyL6GvCskwM1PZHZc=
-17,-17,lSYJ3FymQq6FrtpIMD7dqHGectE=,9ApfaDgOs+xSFEw80tTGgmHOOuk=
-28,-21,lSYJ3FymQq6FrtpIMD7dqHGectE=,G07u3cPe6/M6fl1qtQNndzSPFGA=
-27,-21,lSYJ3FymQq6FrtpIMD7dqHGectE=,G07u3cPe6/M6fl1qtQNndzSPFGA=
-27,-19,lSYJ3FymQq6FrtpIMD7dqHGectE=,KoVK9ykh0YPP9uf3z8EfR7PGhSs=
-18,-19,lSYJ3FymQq6FrtpIMD7dqHGectE=,9ApfaDgOs+xSFEw80tTGgmHOOuk=
-17,-20,lSYJ3FymQq6FrtpIMD7dqHGectE=,9ApfaDgOs+xSFEw80tTGgmHOOuk=
-18,-20,lSYJ3FymQq6FrtpIMD7dqHGectE=,9ApfaDgOs+xSFEw80tTGgmHOOuk=
-32,-17,lSYJ3FymQq6FrtpIMD7dqHGectE=,zxsCvxW9WTbyL6GvCskwM1PZHZc=
-17,-19,lSYJ3FymQq6FrtpIMD7dqHGectE=,9ApfaDgOs+xSFEw80tTGgmHOOuk=
-26,-19,lSYJ3FymQq6FrtpIMD7dqHGectE=,KoVK9ykh0YPP9uf3z8EfR7PGhSs=
-27,-17,lSYJ3FymQq6FrtpIMD7dqHGectE=,KoVK9ykh0YPP9uf3z8EfR7PGhSs=
-31,-17,lSYJ3FymQq6FrtpIMD7dqHGectE=,zxsCvxW9WTbyL6GvCskwM1PZHZc=
-27,-18,lSYJ3FymQq6FrtpIMD7dqHGectE=,KoVK9ykh0YPP9uf3z8EfR7PGhSs=
-31,-18,lSYJ3FymQq6FrtpIMD7dqHGectE=,zxsCvxW9WTbyL6GvCskwM1PZHZc=
-28,-19,lSYJ3FymQq6FrtpIMD7dqHGectE=,KoVK9ykh0YPP9uf3z8EfR7PGhSs=
-28,-18,lSYJ3FymQq6FrtpIMD7dqHGectE=,KoVK9ykh0YPP9uf3z8EfR7PGhSs=
-28,-17,lSYJ3FymQq6FrtpIMD7dqHGectE=,KoVK9ykh0YPP9uf3z8EfR7PGhSs=
-29,-17,lSYJ3FymQq6FrtpIMD7dqHGectE=,zxsCvxW9WTbyL6GvCskwM1PZHZc=
-26,-18,lSYJ3FymQq6FrtpIMD7dqHGectE=,KoVK9ykh0YPP9uf3z8EfR7PGhSs=
-25,-18,lSYJ3FymQq6FrtpIMD7dqHGectE=,KoVK9ykh0YPP9uf3z8EfR7PGhSs=
-30,-17,lSYJ3FymQq6FrtpIMD7dqHGectE=,zxsCvxW9WTbyL6GvCskwM1PZHZc=
-29,-18,lSYJ3FymQq6FrtpIMD7dqHGectE=,zxsCvxW9WTbyL6GvCskwM1PZHZc=
-30,-18,lSYJ3FymQq6FrtpIMD7dqHGectE=,zxsCvxW9WTbyL6GvCskwM1PZHZc=
-24,-7,boyL6405a8pyju1plc2ctW8Vpdg=,ymkrF4mXtsfsmXWVsrWHtg+k28c=
-25,-9,boyL6405a8pyju1plc2ctW8Vpdg=,frksBGUsoE2xy0FqzhVyc3nbLas=
-23,-7,boyL6405a8pyju1plc2ctW8Vpdg=,ymkrF4mXtsfsmXWVsrWHtg+k28c=
-26,-9,boyL6405a8pyju1plc2ctW8Vpdg=,frksBGUsoE2xy0FqzhVyc3nbLas=
-23,-9,boyL6405a8pyju1plc2ctW8Vpdg=,nr6C9rB8X/EMdhK/y2CRorB2lfs=
-23,-8,boyL6405a8pyju1plc2ctW8Vpdg=,ymkrF4mXtsfsmXWVsrWHtg+k28c=
-24,-8,boyL6405a8pyju1plc2ctW8Vpdg=,ymkrF4mXtsfsmXWVsrWHtg+k28c=
-24,-9,boyL6405a8pyju1plc2ctW8Vpdg=,nr6C9rB8X/EMdhK/y2CRorB2lfs=
-26,-8,boyL6405a8pyju1plc2ctW8Vpdg=,CdXMWq65M8DiJLqAyyz2Ym8yJMo=
-26,-10,boyL6405a8pyju1plc2ctW8Vpdg=,frksBGUsoE2xy0FqzhVyc3nbLas=
-25,-10,boyL6405a8pyju1plc2ctW8Vpdg=,frksBGUsoE2xy0FqzhVyc3nbLas=
-23,-10,boyL6405a8pyju1plc2ctW8Vpdg=,nr6C9rB8X/EMdhK/y2CRorB2lfs=
-24,-10,boyL6405a8pyju1plc2ctW8Vpdg=,nr6C9rB8X/EMdhK/y2CRorB2lfs=
-25,-7,boyL6405a8pyju1plc2ctW8Vpdg=,CdXMWq65M8DiJLqAyyz2Ym8yJMo=
-25,-8,boyL6405a8pyju1plc2ctW8Vpdg=,CdXMWq65M8DiJLqAyyz2Ym8yJMo=
-26,-7,boyL6405a8pyju1plc2ctW8Vpdg=,CdXMWq65M8DiJLqAyyz2Ym8yJMo=
-28,-8,1SFVMyukZr2/hSxedcqXjsViyew=,CdXMWq65M8DiJLqAyyz2Ym8yJMo=
-27,-8,1SFVMyukZr2/hSxedcqXjsViyew=,CdXMWq65M8DiJLqAyyz2Ym8yJMo=
-28,-7,1SFVMyukZr2/hSxedcqXjsViyew=,CdXMWq65M8DiJLqAyyz2Ym8yJMo=
-27,-7,1SFVMyukZr2/hSxedcqXjsViyew=,CdXMWq65M8DiJLqAyyz2Ym8yJMo=
-30,-8,1SFVMyukZr2/hSxedcqXjsViyew=,cySfDRNVxTco5MITlLj/ASajDWs=
-29,-8,1SFVMyukZr2/hSxedcqXjsViyew=,cySfDRNVxTco5MITlLj/ASajDWs=
-30,-7,1SFVMyukZr2/hSxedcqXjsViyew=,cySfDRNVxTco5MITlLj/ASajDWs=
-29,-7,1SFVMyukZr2/hSxedcqXjsViyew=,cySfDRNVxTco5MITlLj/ASajDWs=
-28,-10,1SFVMyukZr2/hSxedcqXjsViyew=,frksBGUsoE2xy0FqzhVyc3nbLas=
-27,-10,1SFVMyukZr2/hSxedcqXjsViyew=,frksBGUsoE2xy0FqzhVyc3nbLas=
-28,-9,1SFVMyukZr2/hSxedcqXjsViyew=,frksBGUsoE2xy0FqzhVyc3nbLas=
-27,-9,1SFVMyukZr2/hSxedcqXjsViyew=,frksBGUsoE2xy0FqzhVyc3nbLas=
-30,-10,1SFVMyukZr2/hSxedcqXjsViyew=,/MuZl+pWSTiRNc9zfpVWOYPaog4=
-29,-10,1SFVMyukZr2/hSxedcqXjsViyew=,/MuZl+pWSTiRNc9zfpVWOYPaog4=
-30,-9,1SFVMyukZr2/hSxedcqXjsViyew=,/MuZl+pWSTiRNc9zfpVWOYPaog4=
-29,-9,1SFVMyukZr2/hSxedcqXjsViyew=,/MuZl+pWSTiRNc9zfpVWOYPaog4=
-20,-12,xyf20P6HbzUW+sBQq7Csl0VNc40=,Tt7dGDq4StAtITcrzPARJzpnBB4=
-19,-12,xyf20P6HbzUW+sBQq7Csl0VNc40=,Tt7dGDq4StAtITcrzPARJzpnBB4=
-26,-12,xyf20P6HbzUW+sBQq7Csl0VNc40=,frksBGUsoE2xy0FqzhVyc3nbLas=
-26,-16,xyf20P6HbzUW+sBQq7Csl0VNc40=,hpWQkyv91JXiAb3UXQQH+pNE4O8=
-25,-16,xyf20P6HbzUW+sBQq7Csl0VNc40=,hpWQkyv91JXiAb3UXQQH+pNE4O8=
-24,-16,xyf20P6HbzUW+sBQq7Csl0VNc40=,G8TbEA8URkYFPx1JWmXd2TIXHSc=
-23,-16,xyf20P6HbzUW+sBQq7Csl0VNc40=,G8TbEA8URkYFPx1JWmXd2TIXHSc=
-25,-12,xyf20P6HbzUW+sBQq7Csl0VNc40=,frksBGUsoE2xy0FqzhVyc3nbLas=
-24,-12,xyf20P6HbzUW+sBQq7Csl0VNc40=,nr6C9rB8X/EMdhK/y2CRorB2lfs=
-24,-15,xyf20P6HbzUW+sBQq7Csl0VNc40=,G8TbEA8URkYFPx1JWmXd2TIXHSc=
-23,-15,xyf20P6HbzUW+sBQq7Csl0VNc40=,G8TbEA8URkYFPx1JWmXd2TIXHSc=
-23,-12,xyf20P6HbzUW+sBQq7Csl0VNc40=,nr6C9rB8X/EMdhK/y2CRorB2lfs=
-26,-15,xyf20P6HbzUW+sBQq7Csl0VNc40=,hpWQkyv91JXiAb3UXQQH+pNE4O8=
-22,-12,xyf20P6HbzUW+sBQq7Csl0VNc40=,nr6C9rB8X/EMdhK/y2CRorB2lfs=
-25,-15,xyf20P6HbzUW+sBQq7Csl0VNc40=,hpWQkyv91JXiAb3UXQQH+pNE4O8=
-21,-12,xyf20P6HbzUW+sBQq7Csl0VNc40=,nr6C9rB8X/EMdhK/y2CRorB2lfs=
-26,-14,xyf20P6HbzUW+sBQq7Csl0VNc40=,hpWQkyv91JXiAb3UXQQH+pNE4O8=
-25,-14,xyf20P6HbzUW+sBQq7Csl0VNc40=,hpWQkyv91JXiAb3UXQQH+pNE4O8=
-20,-11,xyf20P6HbzUW+sBQq7Csl0VNc40=,Tt7dGDq4StAtITcrzPARJzpnBB4=
-19,-11,xyf20P6HbzUW+sBQq7Csl0VNc40=,Tt7dGDq4StAtITcrzPARJzpnBB4=
-20,-13,xyf20P6HbzUW+sBQq7Csl0VNc40=,7WFqIl4KuISZ5b8VZg+r4TU5S0c=
-19,-13,xyf20P6HbzUW+sBQq7Csl0VNc40=,7WFqIl4KuISZ5b8VZg+r4TU5S0c=
-26,-13,xyf20P6HbzUW+sBQq7Csl0VNc40=,hpWQkyv91JXiAb3UXQQH+pNE4O8=
-20,-14,xyf20P6HbzUW+sBQq7Csl0VNc40=,7WFqIl4KuISZ5b8VZg+r4TU5S0c=
-25,-13,xyf20P6HbzUW+sBQq7Csl0VNc40=,hpWQkyv91JXiAb3UXQQH+pNE4O8=
-19,-14,xyf20P6HbzUW+sBQq7Csl0VNc40=,7WFqIl4KuISZ5b8VZg+r4TU5S0c=
-26,-11,xyf20P6HbzUW+sBQq7Csl0VNc40=,frksBGUsoE2xy0FqzhVyc3nbLas=
-25,-11,xyf20P6HbzUW+sBQq7Csl0VNc40=,frksBGUsoE2xy0FqzhVyc3nbLas=
-24,-11,xyf20P6HbzUW+sBQq7Csl0VNc40=,nr6C9rB8X/EMdhK/y2CRorB2lfs=
-23,-11,xyf20P6HbzUW+sBQq7Csl0VNc40=,nr6C9rB8X/EMdhK/y2CRorB2lfs=
-22,-11,xyf20P6HbzUW+sBQq7Csl0VNc40=,nr6C9rB8X/EMdhK/y2CRorB2lfs=
-21,-11,xyf20P6HbzUW+sBQq7Csl0VNc40=,nr6C9rB8X/EMdhK/y2CRorB2lfs=
-24,-14,xyf20P6HbzUW+sBQq7Csl0VNc40=,G8TbEA8URkYFPx1JWmXd2TIXHSc=
-23,-14,xyf20P6HbzUW+sBQq7Csl0VNc40=,G8TbEA8URkYFPx1JWmXd2TIXHSc=
-22,-14,xyf20P6HbzUW+sBQq7Csl0VNc40=,G8TbEA8URkYFPx1JWmXd2TIXHSc=
-21,-14,xyf20P6HbzUW+sBQq7Csl0VNc40=,G8TbEA8URkYFPx1JWmXd2TIXHSc=
-24,-13,xyf20P6HbzUW+sBQq7Csl0VNc40=,G8TbEA8URkYFPx1JWmXd2TIXHSc=
-23,-13,xyf20P6HbzUW+sBQq7Csl0VNc40=,G8TbEA8URkYFPx1JWmXd2TIXHSc=
-22,-13,xyf20P6HbzUW+sBQq7Csl0VNc40=,G8TbEA8URkYFPx1JWmXd2TIXHSc=
-21,-13,xyf20P6HbzUW+sBQq7Csl0VNc40=,G8TbEA8URkYFPx1JWmXd2TIXHSc=
-28,-16,xyf20P6HbzUW+sBQq7Csl0VNc40=,hpWQkyv91JXiAb3UXQQH+pNE4O8=
-32,-12,xyf20P6HbzUW+sBQq7Csl0VNc40=,/MuZl+pWSTiRNc9zfpVWOYPaog4=
-28,-12,xyf20P6HbzUW+sBQq7Csl0VNc40=,frksBGUsoE2xy0FqzhVyc3nbLas=
-31,-12,xyf20P6HbzUW+sBQq7Csl0VNc40=,/MuZl+pWSTiRNc9zfpVWOYPaog4=
-31,-13,xyf20P6HbzUW+sBQq7Csl0VNc40=,0f30sda7TLzL0B6yDvFAgDY0F4Y=
-32,-13,xyf20P6HbzUW+sBQq7Csl0VNc40=,0f30sda7TLzL0B6yDvFAgDY0F4Y=
-31,-14,xyf20P6HbzUW+sBQq7Csl0VNc40=,0f30sda7TLzL0B6yDvFAgDY0F4Y=
-32,-14,xyf20P6HbzUW+sBQq7Csl0VNc40=,0f30sda7TLzL0B6yDvFAgDY0F4Y=
-30,-13,nwF2OC/9cu/s96xvchOw8Ud+eRU=,0f30sda7TLzL0B6yDvFAgDY0F4Y=
-27,-16,nwF2OC/9cu/s96xvchOw8Ud+eRU=,hpWQkyv91JXiAb3UXQQH+pNE4O8=
-29,-13,nwF2OC/9cu/s96xvchOw8Ud+eRU=,0f30sda7TLzL0B6yDvFAgDY0F4Y=
-30,-14,nwF2OC/9cu/s96xvchOw8Ud+eRU=,0f30sda7TLzL0B6yDvFAgDY0F4Y=
-28,-15,nwF2OC/9cu/s96xvchOw8Ud+eRU=,hpWQkyv91JXiAb3UXQQH+pNE4O8=
-29,-15,nwF2OC/9cu/s96xvchOw8Ud+eRU=,0f30sda7TLzL0B6yDvFAgDY0F4Y=
-29,-14,nwF2OC/9cu/s96xvchOw8Ud+eRU=,0f30sda7TLzL0B6yDvFAgDY0F4Y=
-27,-12,nwF2OC/9cu/s96xvchOw8Ud+eRU=,frksBGUsoE2xy0FqzhVyc3nbLas=
-31,-11,nwF2OC/9cu/s96xvchOw8Ud+eRU=,/MuZl+pWSTiRNc9zfpVWOYPaog4=
-32,-11,nwF2OC/9cu/s96xvchOw8Ud+eRU=,/MuZl+pWSTiRNc9zfpVWOYPaog4=
-31,-15,nwF2OC/9cu/s96xvchOw8Ud+eRU=,0f30sda7TLzL0B6yDvFAgDY0F4Y=
-32,-15,nwF2OC/9cu/s96xvchOw8Ud+eRU=,0f30sda7TLzL0B6yDvFAgDY0F4Y=
-30,-11,nwF2OC/9cu/s96xvchOw8Ud+eRU=,/MuZl+pWSTiRNc9zfpVWOYPaog4=
-29,-11,nwF2OC/9cu/s96xvchOw8Ud+eRU=,/MuZl+pWSTiRNc9zfpVWOYPaog4=
-27,-15,nwF2OC/9cu/s96xvchOw8Ud+eRU=,hpWQkyv91JXiAb3UXQQH+pNE4O8=
-27,-13,nwF2OC/9cu/s96xvchOw8Ud+eRU=,hpWQkyv91JXiAb3UXQQH+pNE4O8=
-28,-13,nwF2OC/9cu/s96xvchOw8Ud+eRU=,hpWQkyv91JXiAb3UXQQH+pNE4O8=
-30,-15,nwF2OC/9cu/s96xvchOw8Ud+eRU=,0f30sda7TLzL0B6yDvFAgDY0F4Y=
-32,-16,nwF2OC/9cu/s96xvchOw8Ud+eRU=,0f30sda7TLzL0B6yDvFAgDY0F4Y=
-31,-16,nwF2OC/9cu/s96xvchOw8Ud+eRU=,0f30sda7TLzL0B6yDvFAgDY0F4Y=
-27,-11,nwF2OC/9cu/s96xvchOw8Ud+eRU=,frksBGUsoE2xy0FqzhVyc3nbLas=
-29,-12,nwF2OC/9cu/s96xvchOw8Ud+eRU=,/MuZl+pWSTiRNc9zfpVWOYPaog4=
-28,-11,nwF2OC/9cu/s96xvchOw8Ud+eRU=,frksBGUsoE2xy0FqzhVyc3nbLas=
-27,-14,nwF2OC/9cu/s96xvchOw8Ud+eRU=,hpWQkyv91JXiAb3UXQQH+pNE4O8=
-30,-12,nwF2OC/9cu/s96xvchOw8Ud+eRU=,/MuZl+pWSTiRNc9zfpVWOYPaog4=
-28,-14,nwF2OC/9cu/s96xvchOw8Ud+eRU=,hpWQkyv91JXiAb3UXQQH+pNE4O8=
-30,-16,nwF2OC/9cu/s96xvchOw8Ud+eRU=,0f30sda7TLzL0B6yDvFAgDY0F4Y=
-29,-16,nwF2OC/9cu/s96xvchOw8Ud+eRU=,0f30sda7TLzL0B6yDvFAgDY0F4Y=
-20,-7,Oc44O+xynzaH1FexHl8A8VZykmI=,tUT1EihigFWUOABtmT/pATkGFQI=
-19,-7,Oc44O+xynzaH1FexHl8A8VZykmI=,tUT1EihigFWUOABtmT/pATkGFQI=
-22,-7,Oc44O+xynzaH1FexHl8A8VZykmI=,ymkrF4mXtsfsmXWVsrWHtg+k28c=
-21,-9,Oc44O+xynzaH1FexHl8A8VZykmI=,nr6C9rB8X/EMdhK/y2CRorB2lfs=
-22,-9,Oc44O+xynzaH1FexHl8A8VZykmI=,nr6C9rB8X/EMdhK/y2CRorB2lfs=
-19,-10,Oc44O+xynzaH1FexHl8A8VZykmI=,Tt7dGDq4StAtITcrzPARJzpnBB4=
-20,-9,Oc44O+xynzaH1FexHl8A8VZykmI=,Tt7dGDq4StAtITcrzPARJzpnBB4=
-21,-8,Oc44O+xynzaH1FexHl8A8VZykmI=,ymkrF4mXtsfsmXWVsrWHtg+k28c=
-22,-8,Oc44O+xynzaH1FexHl8A8VZykmI=,ymkrF4mXtsfsmXWVsrWHtg+k28c=
-19,-9,Oc44O+xynzaH1FexHl8A8VZykmI=,Tt7dGDq4StAtITcrzPARJzpnBB4=
-21,-7,Oc44O+xynzaH1FexHl8A8VZykmI=,ymkrF4mXtsfsmXWVsrWHtg+k28c=
-22,-10,Oc44O+xynzaH1FexHl8A8VZykmI=,nr6C9rB8X/EMdhK/y2CRorB2lfs=
-21,-10,Oc44O+xynzaH1FexHl8A8VZykmI=,nr6C9rB8X/EMdhK/y2CRorB2lfs=
-20,-8,Oc44O+xynzaH1FexHl8A8VZykmI=,tUT1EihigFWUOABtmT/pATkGFQI=
-19,-8,Oc44O+xynzaH1FexHl8A8VZykmI=,tUT1EihigFWUOABtmT/pATkGFQI=
-20,-10,Oc44O+xynzaH1FexHl8A8VZykmI=,Tt7dGDq4StAtITcrzPARJzpnBB4=
-22,-3,Oc44O+xynzaH1FexHl8A8VZykmI=,DpbKBlRLgX3s/Q/1qL8gMStzPyA=
-22,-4,Oc44O+xynzaH1FexHl8A8VZykmI=,DpbKBlRLgX3s/Q/1qL8gMStzPyA=
-20,-5,Oc44O+xynzaH1FexHl8A8VZykmI=,tUT1EihigFWUOABtmT/pATkGFQI=
-19,-5,Oc44O+xynzaH1FexHl8A8VZykmI=,tUT1EihigFWUOABtmT/pATkGFQI=
-21,-5,Oc44O+xynzaH1FexHl8A8VZykmI=,ymkrF4mXtsfsmXWVsrWHtg+k28c=
-21,-6,Oc44O+xynzaH1FexHl8A8VZykmI=,ymkrF4mXtsfsmXWVsrWHtg+k28c=
-22,-5,Oc44O+xynzaH1FexHl8A8VZykmI=,ymkrF4mXtsfsmXWVsrWHtg+k28c=
-21,-4,Oc44O+xynzaH1FexHl8A8VZykmI=,DpbKBlRLgX3s/Q/1qL8gMStzPyA=
-20,-3,Oc44O+xynzaH1FexHl8A8VZykmI=,ZMN8TnJOorI8SnzYRmcPVRGDzZA=
-22,-6,Oc44O+xynzaH1FexHl8A8VZykmI=,ymkrF4mXtsfsmXWVsrWHtg+k28c=
-21,-3,Oc44O+xynzaH1FexHl8A8VZykmI=,DpbKBlRLgX3s/Q/1qL8gMStzPyA=
-19,-3,Oc44O+xynzaH1FexHl8A8VZykmI=,ZMN8TnJOorI8SnzYRmcPVRGDzZA=
-20,-4,Oc44O+xynzaH1FexHl8A8VZykmI=,ZMN8TnJOorI8SnzYRmcPVRGDzZA=
-19,-4,Oc44O+xynzaH1FexHl8A8VZykmI=,ZMN8TnJOorI8SnzYRmcPVRGDzZA=
-20,-6,eZ9udYj7EmFCGWw0pr9OGSGhxXo=,tUT1EihigFWUOABtmT/pATkGFQI=
-19,-6,eZ9udYj7EmFCGWw0pr9OGSGhxXo=,tUT1EihigFWUOABtmT/pATkGFQI=
-24,-3,eZ9udYj7EmFCGWw0pr9OGSGhxXo=,DpbKBlRLgX3s/Q/1qL8gMStzPyA=
-18,-10,eZ9udYj7EmFCGWw0pr9OGSGhxXo=,Tt7dGDq4StAtITcrzPARJzpnBB4=
-23,-3,eZ9udYj7EmFCGWw0pr9OGSGhxXo=,DpbKBlRLgX3s/Q/1qL8gMStzPyA=
-17,-10,eZ9udYj7EmFCGWw0pr9OGSGhxXo=,Tt7dGDq4StAtITcrzPARJzpnBB4=
-24,-5,eZ9udYj7EmFCGWw0pr9OGSGhxXo=,ymkrF4mXtsfsmXWVsrWHtg+k28c=
-23,-5,eZ9udYj7EmFCGWw0pr9OGSGhxXo=,ymkrF4mXtsfsmXWVsrWHtg+k28c=
-18,-8,eZ9udYj7EmFCGWw0pr9OGSGhxXo=,tUT1EihigFWUOABtmT/pATkGFQI=
-26,-5,eZ9udYj7EmFCGWw0pr9OGSGhxXo=,CdXMWq65M8DiJLqAyyz2Ym8yJMo=
-25,-5,eZ9udYj7EmFCGWw0pr9OGSGhxXo=,CdXMWq65M8DiJLqAyyz2Ym8yJMo=
-23,-6,eZ9udYj7EmFCGWw0pr9OGSGhxXo=,ymkrF4mXtsfsmXWVsrWHtg+k28c=
-17,-8,eZ9udYj7EmFCGWw0pr9OGSGhxXo=,tUT1EihigFWUOABtmT/pATkGFQI=
-26,-4,eZ9udYj7EmFCGWw0pr9OGSGhxXo=,f5662/2nql/J6PK2+Ocw+tGzb/I=
-18,-7,eZ9udYj7EmFCGWw0pr9OGSGhxXo=,tUT1EihigFWUOABtmT/pATkGFQI=
-25,-4,eZ9udYj7EmFCGWw0pr9OGSGhxXo=,f5662/2nql/J6PK2+Ocw+tGzb/I=
-17,-7,eZ9udYj7EmFCGWw0pr9OGSGhxXo=,tUT1EihigFWUOABtmT/pATkGFQI=
-23,-4,eZ9udYj7EmFCGWw0pr9OGSGhxXo=,DpbKBlRLgX3s/Q/1qL8gMStzPyA=
-26,-6,eZ9udYj7EmFCGWw0pr9OGSGhxXo=,CdXMWq65M8DiJLqAyyz2Ym8yJMo=
-24,-4,eZ9udYj7EmFCGWw0pr9OGSGhxXo=,DpbKBlRLgX3s/Q/1qL8gMStzPyA=
-18,-9,eZ9udYj7EmFCGWw0pr9OGSGhxXo=,Tt7dGDq4StAtITcrzPARJzpnBB4=
-17,-9,eZ9udYj7EmFCGWw0pr9OGSGhxXo=,Tt7dGDq4StAtITcrzPARJzpnBB4=
-25,-6,eZ9udYj7EmFCGWw0pr9OGSGhxXo=,CdXMWq65M8DiJLqAyyz2Ym8yJMo=
-24,-6,eZ9udYj7EmFCGWw0pr9OGSGhxXo=,ymkrF4mXtsfsmXWVsrWHtg+k28c=
-26,-3,eZ9udYj7EmFCGWw0pr9OGSGhxXo=,f5662/2nql/J6PK2+Ocw+tGzb/I=
-25,-3,eZ9udYj7EmFCGWw0pr9OGSGhxXo=,f5662/2nql/J6PK2+Ocw+tGzb/I=
-32,-8,eZ9udYj7EmFCGWw0pr9OGSGhxXo=,cySfDRNVxTco5MITlLj/ASajDWs=
-31,-8,eZ9udYj7EmFCGWw0pr9OGSGhxXo=,cySfDRNVxTco5MITlLj/ASajDWs=
-32,-7,eZ9udYj7EmFCGWw0pr9OGSGhxXo=,cySfDRNVxTco5MITlLj/ASajDWs=
-31,-7,eZ9udYj7EmFCGWw0pr9OGSGhxXo=,cySfDRNVxTco5MITlLj/ASajDWs=
-32,-10,eZ9udYj7EmFCGWw0pr9OGSGhxXo=,/MuZl+pWSTiRNc9zfpVWOYPaog4=
-31,-10,eZ9udYj7EmFCGWw0pr9OGSGhxXo=,/MuZl+pWSTiRNc9zfpVWOYPaog4=
-32,-9,eZ9udYj7EmFCGWw0pr9OGSGhxXo=,/MuZl+pWSTiRNc9zfpVWOYPaog4=
-31,-9,eZ9udYj7EmFCGWw0pr9OGSGhxXo=,/MuZl+pWSTiRNc9zfpVWOYPaog4=
-32,-4,gH7HVj5t3Ml02/5Fd3m++ysqYKM=,ZpnYTgGIr0UBzaTxiWS4q/FP9ws=
-31,-4,gH7HVj5t3Ml02/5Fd3m++ysqYKM=,ZpnYTgGIr0UBzaTxiWS4q/FP9ws=
-30,-4,gH7HVj5t3Ml02/5Fd3m++ysqYKM=,ZpnYTgGIr0UBzaTxiWS4q/FP9ws=
-29,-4,gH7HVj5t3Ml02/5Fd3m++ysqYKM=,ZpnYTgGIr0UBzaTxiWS4q/FP9ws=
-18,-4,gH7HVj5t3Ml02/5Fd3m++ysqYKM=,ZMN8TnJOorI8SnzYRmcPVRGDzZA=
-32,-3,gH7HVj5t3Ml02/5Fd3m++ysqYKM=,ZpnYTgGIr0UBzaTxiWS4q/FP9ws=
-17,-5,gH7HVj5t3Ml02/5Fd3m++ysqYKM=,tUT1EihigFWUOABtmT/pATkGFQI=
-29,-1,gH7HVj5t3Ml02/5Fd3m++ysqYKM=,ZpnYTgGIr0UBzaTxiWS4q/FP9ws=
-27,-5,gH7HVj5t3Ml02/5Fd3m++ysqYKM=,CdXMWq65M8DiJLqAyyz2Ym8yJMo=
-30,-1,gH7HVj5t3Ml02/5Fd3m++ysqYKM=,ZpnYTgGIr0UBzaTxiWS4q/FP9ws=
-31,-1,gH7HVj5t3Ml02/5Fd3m++ysqYKM=,ZpnYTgGIr0UBzaTxiWS4q/FP9ws=
-17,-4,gH7HVj5t3Ml02/5Fd3m++ysqYKM=,ZMN8TnJOorI8SnzYRmcPVRGDzZA=
-25,-1,gH7HVj5t3Ml02/5Fd3m++ysqYKM=,f5662/2nql/J6PK2+Ocw+tGzb/I=
-26,-1,gH7HVj5t3Ml02/5Fd3m++ysqYKM=,f5662/2nql/J6PK2+Ocw+tGzb/I=
-18,-5,gH7HVj5t3Ml02/5Fd3m++ysqYKM=,tUT1EihigFWUOABtmT/pATkGFQI=
-24,-2,gH7HVj5t3Ml02/5Fd3m++ysqYKM=,DpbKBlRLgX3s/Q/1qL8gMStzPyA=
-27,-1,gH7HVj5t3Ml02/5Fd3m++ysqYKM=,f5662/2nql/J6PK2+Ocw+tGzb/I=
-17,-3,gH7HVj5t3Ml02/5Fd3m++ysqYKM=,ZMN8TnJOorI8SnzYRmcPVRGDzZA=
-31,-3,gH7HVj5t3Ml02/5Fd3m++ysqYKM=,ZpnYTgGIr0UBzaTxiWS4q/FP9ws=
-18,-6,gH7HVj5t3Ml02/5Fd3m++ysqYKM=,tUT1EihigFWUOABtmT/pATkGFQI=
-18,-3,gH7HVj5t3Ml02/5Fd3m++ysqYKM=,ZMN8TnJOorI8SnzYRmcPVRGDzZA=
-21,-1,gH7HVj5t3Ml02/5Fd3m++ysqYKM=,DpbKBlRLgX3s/Q/1qL8gMStzPyA=
-22,-1,gH7HVj5t3Ml02/5Fd3m++ysqYKM=,DpbKBlRLgX3s/Q/1qL8gMStzPyA=
-23,-1,gH7HVj5t3Ml02/5Fd3m++ysqYKM=,DpbKBlRLgX3s/Q/1qL8gMStzPyA=
-28,-5,gH7HVj5t3Ml02/5Fd3m++ysqYKM=,CdXMWq65M8DiJLqAyyz2Ym8yJMo=
-32,-6,gH7HVj5t3Ml02/5Fd3m++ysqYKM=,cySfDRNVxTco5MITlLj/ASajDWs=
-17,-6,gH7HVj5t3Ml02/5Fd3m++ysqYKM=,tUT1EihigFWUOABtmT/pATkGFQI=
-28,-1,gH7HVj5t3Ml02/5Fd3m++ysqYKM=,f5662/2nql/J6PK2+Ocw+tGzb/I=
-22,-2,gH7HVj5t3Ml02/5Fd3m++ysqYKM=,DpbKBlRLgX3s/Q/1qL8gMStzPyA=
-24,-1,gH7HVj5t3Ml02/5Fd3m++ysqYKM=,DpbKBlRLgX3s/Q/1qL8gMStzPyA=
-20,-2,gH7HVj5t3Ml02/5Fd3m++ysqYKM=,ZMN8TnJOorI8SnzYRmcPVRGDzZA=
-19,-1,gH7HVj5t3Ml02/5Fd3m++ysqYKM=,ZMN8TnJOorI8SnzYRmcPVRGDzZA=
-32,-1,gH7HVj5t3Ml02/5Fd3m++ysqYKM=,ZpnYTgGIr0UBzaTxiWS4q/FP9ws=
-26,-2,gH7HVj5t3Ml02/5Fd3m++ysqYKM=,f5662/2nql/J6PK2+Ocw+tGzb/I=
-29,-2,gH7HVj5t3Ml02/5Fd3m++ysqYKM=,ZpnYTgGIr0UBzaTxiWS4q/FP9ws=
-25,-2,gH7HVj5t3Ml02/5Fd3m++ysqYKM=,f5662/2nql/J6PK2+Ocw+tGzb/I=
-31,-2,gH7HVj5t3Ml02/5Fd3m++ysqYKM=,ZpnYTgGIr0UBzaTxiWS4q/FP9ws=
-28,-2,gH7HVj5t3Ml02/5Fd3m++ysqYKM=,f5662/2nql/J6PK2+Ocw+tGzb/I=
-30,-2,gH7HVj5t3Ml02/5Fd3m++ysqYKM=,ZpnYTgGIr0UBzaTxiWS4q/FP9ws=
-27,-2,gH7HVj5t3Ml02/5Fd3m++ysqYKM=,f5662/2nql/J6PK2+Ocw+tGzb/I=
-21,-2,gH7HVj5t3Ml02/5Fd3m++ysqYKM=,DpbKBlRLgX3s/Q/1qL8gMStzPyA=
-23,-2,gH7HVj5t3Ml02/5Fd3m++ysqYKM=,DpbKBlRLgX3s/Q/1qL8gMStzPyA=
-32,-2,gH7HVj5t3Ml02/5Fd3m++ysqYKM=,ZpnYTgGIr0UBzaTxiWS4q/FP9ws=
-27,-6,gH7HVj5t3Ml02/5Fd3m++ysqYKM=,CdXMWq65M8DiJLqAyyz2Ym8yJMo=
-29,-5,gH7HVj5t3Ml02/5Fd3m++ysqYKM=,cySfDRNVxTco5MITlLj/ASajDWs=
-31,-5,gH7HVj5t3Ml02/5Fd3m++ysqYKM=,cySfDRNVxTco5MITlLj/ASajDWs=
-27,-3,gH7HVj5t3Ml02/5Fd3m++ysqYKM=,f5662/2nql/J6PK2+Ocw+tGzb/I=
-29,-6,gH7HVj5t3Ml02/5Fd3m++ysqYKM=,cySfDRNVxTco5MITlLj/ASajDWs=
-18,-12,gH7HVj5t3Ml02/5Fd3m++ysqYKM=,Tt7dGDq4StAtITcrzPARJzpnBB4=
-17,-12,gH7HVj5t3Ml02/5Fd3m++ysqYKM=,Tt7dGDq4StAtITcrzPARJzpnBB4=
-18,-14,gH7HVj5t3Ml02/5Fd3m++ysqYKM=,7WFqIl4KuISZ5b8VZg+r4TU5S0c=
-17,-14,gH7HVj5t3Ml02/5Fd3m++ysqYKM=,7WFqIl4KuISZ5b8VZg+r4TU5S0c=
-18,-13,gH7HVj5t3Ml02/5Fd3m++ysqYKM=,7WFqIl4KuISZ5b8VZg+r4TU5S0c=
-17,-13,gH7HVj5t3Ml02/5Fd3m++ysqYKM=,7WFqIl4KuISZ5b8VZg+r4TU5S0c=
-30,-6,gH7HVj5t3Ml02/5Fd3m++ysqYKM=,cySfDRNVxTco5MITlLj/ASajDWs=
-29,-3,gH7HVj5t3Ml02/5Fd3m++ysqYKM=,ZpnYTgGIr0UBzaTxiWS4q/FP9ws=
-31,-6,gH7HVj5t3Ml02/5Fd3m++ysqYKM=,cySfDRNVxTco5MITlLj/ASajDWs=
-30,-3,gH7HVj5t3Ml02/5Fd3m++ysqYKM=,ZpnYTgGIr0UBzaTxiWS4q/FP9ws=
-27,-4,gH7HVj5t3Ml02/5Fd3m++ysqYKM=,f5662/2nql/J6PK2+Ocw+tGzb/I=
-17,-11,gH7HVj5t3Ml02/5Fd3m++ysqYKM=,Tt7dGDq4StAtITcrzPARJzpnBB4=
-18,-11,gH7HVj5t3Ml02/5Fd3m++ysqYKM=,Tt7dGDq4StAtITcrzPARJzpnBB4=
-28,-3,gH7HVj5t3Ml02/5Fd3m++ysqYKM=,f5662/2nql/J6PK2+Ocw+tGzb/I=
-19,-2,gH7HVj5t3Ml02/5Fd3m++ysqYKM=,ZMN8TnJOorI8SnzYRmcPVRGDzZA=
-28,-6,gH7HVj5t3Ml02/5Fd3m++ysqYKM=,CdXMWq65M8DiJLqAyyz2Ym8yJMo=
-30,-5,gH7HVj5t3Ml02/5Fd3m++ysqYKM=,cySfDRNVxTco5MITlLj/ASajDWs=
-32,-5,gH7HVj5t3Ml02/5Fd3m++ysqYKM=,cySfDRNVxTco5MITlLj/ASajDWs=
-28,-4,gH7HVj5t3Ml02/5Fd3m++ysqYKM=,f5662/2nql/J6PK2+Ocw+tGzb/I=
-20,-1,gH7HVj5t3Ml02/5Fd3m++ysqYKM=,ZMN8TnJOorI8SnzYRmcPVRGDzZA=
-18,-2,gH7HVj5t3Ml02/5Fd3m++ysqYKM=,ZMN8TnJOorI8SnzYRmcPVRGDzZA=
-21,-15,gH7HVj5t3Ml02/5Fd3m++ysqYKM=,G8TbEA8URkYFPx1JWmXd2TIXHSc=
-20,-16,gH7HVj5t3Ml02/5Fd3m++ysqYKM=,7WFqIl4KuISZ5b8VZg+r4TU5S0c=
-22,-15,gH7HVj5t3Ml02/5Fd3m++ysqYKM=,G8TbEA8URkYFPx1JWmXd2TIXHSc=
-21,-16,gH7HVj5t3Ml02/5Fd3m++ysqYKM=,G8TbEA8URkYFPx1JWmXd2TIXHSc=
-20,-15,gH7HVj5t3Ml02/5Fd3m++ysqYKM=,7WFqIl4KuISZ5b8VZg+r4TU5S0c=
-22,-16,gH7HVj5t3Ml02/5Fd3m++ysqYKM=,G8TbEA8URkYFPx1JWmXd2TIXHSc=
-19,-15,gH7HVj5t3Ml02/5Fd3m++ysqYKM=,7WFqIl4KuISZ5b8VZg+r4TU5S0c=
-19,-16,gH7HVj5t3Ml02/5Fd3m++ysqYKM=,7WFqIl4KuISZ5b8VZg+r4TU5S0c=
-18,-15,gH7HVj5t3Ml02/5Fd3m++ysqYKM=,7WFqIl4KuISZ5b8VZg+r4TU5S0c=
-17,-16,gH7HVj5t3Ml02/5Fd3m++ysqYKM=,7WFqIl4KuISZ5b8VZg+r4TU5S0c=
-17,-15,gH7HVj5t3Ml02/5Fd3m++ysqYKM=,7WFqIl4KuISZ5b8VZg+r4TU5S0c=
-18,-16,gH7HVj5t3Ml02/5Fd3m++ysqYKM=,7WFqIl4KuISZ5b8VZg+r4TU5S0c=
-17,-1,gH7HVj5t3Ml02/5Fd3m++ysqYKM=,ZMN8TnJOorI8SnzYRmcPVRGDzZA=
-18,-1,gH7HVj5t3Ml02/5Fd3m++ysqYKM=,ZMN8TnJOorI8SnzYRmcPVRGDzZA=
-17,-2,gH7HVj5t3Ml02/5Fd3m++ysqYKM=,ZMN8TnJOorI8SnzYRmcPVRGDzZA=
