638,386,FYqZSZV/aVW+eNk0p3sHouJQblE=,SNzFqE8jlLUz2UTQILKCvxPsPDI=
639,386,FYqZSZV/aVW+eNk0p3sHouJQblE=,SNzFqE8jlLUz2UTQILKCvxPsPDI=
638,387,FYqZSZV/aVW+eNk0p3sHouJQblE=,SNzFqE8jlLUz2UTQILKCvxPsPDI=
639,387,FYqZSZV/aVW+eNk0p3sHouJQblE=,SNzFqE8jlLUz2UTQILKCvxPsPDI=
628,384,FYqZSZV/aVW+eNk0p3sHouJQblE=,T3SYYjLYUVXzTLy6GjPqmoxcB58=
629,384,FYqZSZV/aVW+eNk0p3sHouJQblE=,T3SYYjLYUVXzTLy6GjPqmoxcB58=
628,385,FYqZSZV/aVW+eNk0p3sHouJQblE=,T3SYYjLYUVXzTLy6GjPqmoxcB58=
629,385,FYqZSZV/aVW+eNk0p3sHouJQblE=,T3SYYjLYUVXzTLy6GjPqmoxcB58=
628,386,FYqZSZV/aVW+eNk0p3sHouJQblE=,T3SYYjLYUVXzTLy6GjPqmoxcB58=
629,386,FYqZSZV/aVW+eNk0p3sHouJQblE=,T3SYYjLYUVXzTLy6GjPqmoxcB58=
628,387,FYqZSZV/aVW+eNk0p3sHouJQblE=,T3SYYjLYUVXzTLy6GjPqmoxcB58=
629,387,FYqZSZV/aVW+eNk0p3sHouJQblE=,T3SYYjLYUVXzTLy6GjPqmoxcB58=
636,387,FYqZSZV/aVW+eNk0p3sHouJQblE=,SNzFqE8jlLUz2UTQILKCvxPsPDI=
637,387,FYqZSZV/aVW+eNk0p3sHouJQblE=,SNzFqE8jlLUz2UTQILKCvxPsPDI=
632,384,FYqZSZV/aVW+eNk0p3sHouJQblE=,z9j3Nc1DAZmrP8wqhYYITlzorgU=
633,384,FYqZSZV/aVW+eNk0p3sHouJQblE=,z9j3Nc1DAZmrP8wqhYYITlzorgU=
632,387,FYqZSZV/aVW+eNk0p3sHouJQblE=,z9j3Nc1DAZmrP8wqhYYITlzorgU=
633,387,FYqZSZV/aVW+eNk0p3sHouJQblE=,z9j3Nc1DAZmrP8wqhYYITlzorgU=
631,387,FYqZSZV/aVW+eNk0p3sHouJQblE=,T3SYYjLYUVXzTLy6GjPqmoxcB58=
630,384,FYqZSZV/aVW+eNk0p3sHouJQblE=,T3SYYjLYUVXzTLy6GjPqmoxcB58=
631,384,FYqZSZV/aVW+eNk0p3sHouJQblE=,T3SYYjLYUVXzTLy6GjPqmoxcB58=
632,386,FYqZSZV/aVW+eNk0p3sHouJQblE=,z9j3Nc1DAZmrP8wqhYYITlzorgU=
633,386,FYqZSZV/aVW+eNk0p3sHouJQblE=,z9j3Nc1DAZmrP8wqhYYITlzorgU=
636,386,FYqZSZV/aVW+eNk0p3sHouJQblE=,SNzFqE8jlLUz2UTQILKCvxPsPDI=
637,386,FYqZSZV/aVW+eNk0p3sHouJQblE=,SNzFqE8jlLUz2UTQILKCvxPsPDI=
630,385,FYqZSZV/aVW+eNk0p3sHouJQblE=,T3SYYjLYUVXzTLy6GjPqmoxcB58=
631,385,FYqZSZV/aVW+eNk0p3sHouJQblE=,T3SYYjLYUVXzTLy6GjPqmoxcB58=
630,386,FYqZSZV/aVW+eNk0p3sHouJQblE=,T3SYYjLYUVXzTLy6GjPqmoxcB58=
631,386,FYqZSZV/aVW+eNk0p3sHouJQblE=,T3SYYjLYUVXzTLy6GjPqmoxcB58=
632,385,FYqZSZV/aVW+eNk0p3sHouJQblE=,z9j3Nc1DAZmrP8wqhYYITlzorgU=
633,385,FYqZSZV/aVW+eNk0p3sHouJQblE=,z9j3Nc1DAZmrP8wqhYYITlzorgU=
634,386,FYqZSZV/aVW+eNk0p3sHouJQblE=,z9j3Nc1DAZmrP8wqhYYITlzorgU=
635,386,FYqZSZV/aVW+eNk0p3sHouJQblE=,z9j3Nc1DAZmrP8wqhYYITlzorgU=
634,387,FYqZSZV/aVW+eNk0p3sHouJQblE=,z9j3Nc1DAZmrP8wqhYYITlzorgU=
635,387,FYqZSZV/aVW+eNk0p3sHouJQblE=,z9j3Nc1DAZmrP8wqhYYITlzorgU=
630,387,FYqZSZV/aVW+eNk0p3sHouJQblE=,T3SYYjLYUVXzTLy6GjPqmoxcB58=
636,385,FYqZSZV/aVW+eNk0p3sHouJQblE=,SNzFqE8jlLUz2UTQILKCvxPsPDI=
637,385,FYqZSZV/aVW+eNk0p3sHouJQblE=,SNzFqE8jlLUz2UTQILKCvxPsPDI=
636,384,FYqZSZV/aVW+eNk0p3sHouJQblE=,SNzFqE8jlLUz2UTQILKCvxPsPDI=
637,384,FYqZSZV/aVW+eNk0p3sHouJQblE=,SNzFqE8jlLUz2UTQILKCvxPsPDI=
638,385,FYqZSZV/aVW+eNk0p3sHouJQblE=,SNzFqE8jlLUz2UTQILKCvxPsPDI=
639,385,FYqZSZV/aVW+eNk0p3sHouJQblE=,SNzFqE8jlLUz2UTQILKCvxPsPDI=
634,384,FYqZSZV/aVW+eNk0p3sHouJQblE=,z9j3Nc1DAZmrP8wqhYYITlzorgU=
635,384,FYqZSZV/aVW+eNk0p3sHouJQblE=,z9j3Nc1DAZmrP8wqhYYITlzorgU=
638,384,FYqZSZV/aVW+eNk0p3sHouJQblE=,SNzFqE8jlLUz2UTQILKCvxPsPDI=
639,384,FYqZSZV/aVW+eNk0p3sHouJQblE=,SNzFqE8jlLUz2UTQILKCvxPsPDI=
634,385,FYqZSZV/aVW+eNk0p3sHouJQblE=,z9j3Nc1DAZmrP8wqhYYITlzorgU=
635,385,FYqZSZV/aVW+eNk0p3sHouJQblE=,z9j3Nc1DAZmrP8wqhYYITlzorgU=
