-11,-11,yDclNHwh5r06L2hk9q+J2KPQIHs=,SZew1+ua31jQpRKoiP00Ce13IZs=
-10,-11,yDclNHwh5r06L2hk9q+J2KPQIHs=,SZew1+ua31jQpRKoiP00Ce13IZs=
-11,-10,yDclNHwh5r06L2hk9q+J2KPQIHs=,SZew1+ua31jQpRKoiP00Ce13IZs=
-10,-10,yDclNHwh5r06L2hk9q+J2KPQIHs=,SZew1+ua31jQpRKoiP00Ce13IZs=
-8,-11,yDclNHwh5r06L2hk9q+J2KPQIHs=,SZew1+ua31jQpRKoiP00Ce13IZs=
-7,-11,yDclNHwh5r06L2hk9q+J2KPQIHs=,SZew1+ua31jQpRKoiP00Ce13IZs=
-6,-11,yDclNHwh5r06L2hk9q+J2KPQIHs=,SZew1+ua31jQpRKoiP00Ce13IZs=
-9,-10,yDclNHwh5r06L2hk9q+J2KPQIHs=,SZew1+ua31jQpRKoiP00Ce13IZs=
-6,-10,yDclNHwh5r06L2hk9q+J2KPQIHs=,SZew1+ua31jQpRKoiP00Ce13IZs=
-7,-10,yDclNHwh5r06L2hk9q+J2KPQIHs=,SZew1+ua31jQpRKoiP00Ce13IZs=
-9,-11,yDclNHwh5r06L2hk9q+J2KPQIHs=,SZew1+ua31jQpRKoiP00Ce13IZs=
-8,-10,yDclNHwh5r06L2hk9q+J2KPQIHs=,SZew1+ua31jQpRKoiP00Ce13IZs=
-5,-10,yDclNHwh5r06L2hk9q+J2KPQIHs=,SZew1+ua31jQpRKoiP00Ce13IZs=
-5,-11,yDclNHwh5r06L2hk9q+J2KPQIHs=,SZew1+ua31jQpRKoiP00Ce13IZs=
-4,-11,yDclNHwh5r06L2hk9q+J2KPQIHs=,SZew1+ua31jQpRKoiP00Ce13IZs=
-2,-11,yDclNHwh5r06L2hk9q+J2KPQIHs=,SZew1+ua31jQpRKoiP00Ce13IZs=
-4,-10,yDclNHwh5r06L2hk9q+J2KPQIHs=,SZew1+ua31jQpRKoiP00Ce13IZs=
-3,-11,yDclNHwh5r06L2hk9q+J2KPQIHs=,SZew1+ua31jQpRKoiP00Ce13IZs=
-2,-10,yDclNHwh5r06L2hk9q+J2KPQIHs=,SZew1+ua31jQpRKoiP00Ce13IZs=
-3,-10,yDclNHwh5r06L2hk9q+J2KPQIHs=,SZew1+ua31jQpRKoiP00Ce13IZs=
-10,-8,yDclNHwh5r06L2hk9q+J2KPQIHs=,/GTcwUX0ckLy4sno3WlQ/qffaLQ=
-10,-9,yDclNHwh5r06L2hk9q+J2KPQIHs=,SZew1+ua31jQpRKoiP00Ce13IZs=
-11,-9,yDclNHwh5r06L2hk9q+J2KPQIHs=,SZew1+ua31jQpRKoiP00Ce13IZs=
-11,-7,yDclNHwh5r06L2hk9q+J2KPQIHs=,/GTcwUX0ckLy4sno3WlQ/qffaLQ=
-11,-8,yDclNHwh5r06L2hk9q+J2KPQIHs=,/GTcwUX0ckLy4sno3WlQ/qffaLQ=
-10,-7,yDclNHwh5r06L2hk9q+J2KPQIHs=,/GTcwUX0ckLy4sno3WlQ/qffaLQ=
-10,-6,yDclNHwh5r06L2hk9q+J2KPQIHs=,/GTcwUX0ckLy4sno3WlQ/qffaLQ=
-11,-6,yDclNHwh5r06L2hk9q+J2KPQIHs=,/GTcwUX0ckLy4sno3WlQ/qffaLQ=
-9,-7,yDclNHwh5r06L2hk9q+J2KPQIHs=,/GTcwUX0ckLy4sno3WlQ/qffaLQ=
-8,-9,yDclNHwh5r06L2hk9q+J2KPQIHs=,SZew1+ua31jQpRKoiP00Ce13IZs=
-7,-9,yDclNHwh5r06L2hk9q+J2KPQIHs=,SZew1+ua31jQpRKoiP00Ce13IZs=
-9,-8,yDclNHwh5r06L2hk9q+J2KPQIHs=,/GTcwUX0ckLy4sno3WlQ/qffaLQ=
-6,-9,yDclNHwh5r06L2hk9q+J2KPQIHs=,SZew1+ua31jQpRKoiP00Ce13IZs=
-6,-6,yDclNHwh5r06L2hk9q+J2KPQIHs=,SZew1+ua31jQpRKoiP00Ce13IZs=
-8,-8,yDclNHwh5r06L2hk9q+J2KPQIHs=,SZew1+ua31jQpRKoiP00Ce13IZs=
-9,-6,yDclNHwh5r06L2hk9q+J2KPQIHs=,/GTcwUX0ckLy4sno3WlQ/qffaLQ=
-7,-8,yDclNHwh5r06L2hk9q+J2KPQIHs=,SZew1+ua31jQpRKoiP00Ce13IZs=
-9,-9,yDclNHwh5r06L2hk9q+J2KPQIHs=,SZew1+ua31jQpRKoiP00Ce13IZs=
-7,-7,yDclNHwh5r06L2hk9q+J2KPQIHs=,SZew1+ua31jQpRKoiP00Ce13IZs=
-7,-6,yDclNHwh5r06L2hk9q+J2KPQIHs=,SZew1+ua31jQpRKoiP00Ce13IZs=
-6,-7,yDclNHwh5r06L2hk9q+J2KPQIHs=,SZew1+ua31jQpRKoiP00Ce13IZs=
-8,-6,yDclNHwh5r06L2hk9q+J2KPQIHs=,SZew1+ua31jQpRKoiP00Ce13IZs=
-8,-7,yDclNHwh5r06L2hk9q+J2KPQIHs=,SZew1+ua31jQpRKoiP00Ce13IZs=
-6,-8,yDclNHwh5r06L2hk9q+J2KPQIHs=,SZew1+ua31jQpRKoiP00Ce13IZs=
-5,-6,yDclNHwh5r06L2hk9q+J2KPQIHs=,SZew1+ua31jQpRKoiP00Ce13IZs=
-5,-7,yDclNHwh5r06L2hk9q+J2KPQIHs=,SZew1+ua31jQpRKoiP00Ce13IZs=
-2,-6,yDclNHwh5r06L2hk9q+J2KPQIHs=,SZew1+ua31jQpRKoiP00Ce13IZs=
-3,-9,yDclNHwh5r06L2hk9q+J2KPQIHs=,SZew1+ua31jQpRKoiP00Ce13IZs=
-2,-9,QC7nwy+hXWHfsqs1Q4XajWcX7jY=,SZew1+ua31jQpRKoiP00Ce13IZs=
-5,-9,QC7nwy+hXWHfsqs1Q4XajWcX7jY=,SZew1+ua31jQpRKoiP00Ce13IZs=
-4,-8,QC7nwy+hXWHfsqs1Q4XajWcX7jY=,SZew1+ua31jQpRKoiP00Ce13IZs=
-3,-8,QC7nwy+hXWHfsqs1Q4XajWcX7jY=,SZew1+ua31jQpRKoiP00Ce13IZs=
-3,-2,QC7nwy+hXWHfsqs1Q4XajWcX7jY=,8E4uWRLb+Uvay7vx8/YEYHpHIJ4=
-2,-2,QC7nwy+hXWHfsqs1Q4XajWcX7jY=,8E4uWRLb+Uvay7vx8/YEYHpHIJ4=
-2,-8,QC7nwy+hXWHfsqs1Q4XajWcX7jY=,SZew1+ua31jQpRKoiP00Ce13IZs=
-3,-4,QC7nwy+hXWHfsqs1Q4XajWcX7jY=,8E4uWRLb+Uvay7vx8/YEYHpHIJ4=
-4,-7,QC7nwy+hXWHfsqs1Q4XajWcX7jY=,SZew1+ua31jQpRKoiP00Ce13IZs=
-2,-5,QC7nwy+hXWHfsqs1Q4XajWcX7jY=,SZew1+ua31jQpRKoiP00Ce13IZs=
-3,-3,QC7nwy+hXWHfsqs1Q4XajWcX7jY=,8E4uWRLb+Uvay7vx8/YEYHpHIJ4=
-3,-7,QC7nwy+hXWHfsqs1Q4XajWcX7jY=,SZew1+ua31jQpRKoiP00Ce13IZs=
-2,-3,QC7nwy+hXWHfsqs1Q4XajWcX7jY=,8E4uWRLb+Uvay7vx8/YEYHpHIJ4=
-2,-7,QC7nwy+hXWHfsqs1Q4XajWcX7jY=,SZew1+ua31jQpRKoiP00Ce13IZs=
-2,-4,QC7nwy+hXWHfsqs1Q4XajWcX7jY=,8E4uWRLb+Uvay7vx8/YEYHpHIJ4=
-4,-4,QC7nwy+hXWHfsqs1Q4XajWcX7jY=,8E4uWRLb+Uvay7vx8/YEYHpHIJ4=
-3,-5,QC7nwy+hXWHfsqs1Q4XajWcX7jY=,SZew1+ua31jQpRKoiP00Ce13IZs=
-3,-6,QC7nwy+hXWHfsqs1Q4XajWcX7jY=,SZew1+ua31jQpRKoiP00Ce13IZs=
-4,-9,QC7nwy+hXWHfsqs1Q4XajWcX7jY=,SZew1+ua31jQpRKoiP00Ce13IZs=
-5,-8,QC7nwy+hXWHfsqs1Q4XajWcX7jY=,SZew1+ua31jQpRKoiP00Ce13IZs=
-4,-6,QC7nwy+hXWHfsqs1Q4XajWcX7jY=,SZew1+ua31jQpRKoiP00Ce13IZs=
-4,-5,QC7nwy+hXWHfsqs1Q4XajWcX7jY=,SZew1+ua31jQpRKoiP00Ce13IZs=
-5,-2,QC7nwy+hXWHfsqs1Q4XajWcX7jY=,SZew1+ua31jQpRKoiP00Ce13IZs=
-6,-2,QC7nwy+hXWHfsqs1Q4XajWcX7jY=,SZew1+ua31jQpRKoiP00Ce13IZs=
-7,-5,QC7nwy+hXWHfsqs1Q4XajWcX7jY=,SZew1+ua31jQpRKoiP00Ce13IZs=
-4,-2,QC7nwy+hXWHfsqs1Q4XajWcX7jY=,8E4uWRLb+Uvay7vx8/YEYHpHIJ4=
-7,-2,QC7nwy+hXWHfsqs1Q4XajWcX7jY=,SZew1+ua31jQpRKoiP00Ce13IZs=
-4,-3,QC7nwy+hXWHfsqs1Q4XajWcX7jY=,8E4uWRLb+Uvay7vx8/YEYHpHIJ4=
-5,-3,QC7nwy+hXWHfsqs1Q4XajWcX7jY=,SZew1+ua31jQpRKoiP00Ce13IZs=
-6,-4,QC7nwy+hXWHfsqs1Q4XajWcX7jY=,SZew1+ua31jQpRKoiP00Ce13IZs=
-5,-4,QC7nwy+hXWHfsqs1Q4XajWcX7jY=,SZew1+ua31jQpRKoiP00Ce13IZs=
-7,-4,QC7nwy+hXWHfsqs1Q4XajWcX7jY=,SZew1+ua31jQpRKoiP00Ce13IZs=
-7,-3,QC7nwy+hXWHfsqs1Q4XajWcX7jY=,SZew1+ua31jQpRKoiP00Ce13IZs=
-6,-3,QC7nwy+hXWHfsqs1Q4XajWcX7jY=,SZew1+ua31jQpRKoiP00Ce13IZs=
-6,-5,QC7nwy+hXWHfsqs1Q4XajWcX7jY=,SZew1+ua31jQpRKoiP00Ce13IZs=
-5,-5,QC7nwy+hXWHfsqs1Q4XajWcX7jY=,SZew1+ua31jQpRKoiP00Ce13IZs=
-11,-5,QC7nwy+hXWHfsqs1Q4XajWcX7jY=,/GTcwUX0ckLy4sno3WlQ/qffaLQ=
-10,-5,QC7nwy+hXWHfsqs1Q4XajWcX7jY=,/GTcwUX0ckLy4sno3WlQ/qffaLQ=
-11,-3,QC7nwy+hXWHfsqs1Q4XajWcX7jY=,SZew1+ua31jQpRKoiP00Ce13IZs=
-10,-3,QC7nwy+hXWHfsqs1Q4XajWcX7jY=,SZew1+ua31jQpRKoiP00Ce13IZs=
-9,-5,QC7nwy+hXWHfsqs1Q4XajWcX7jY=,/GTcwUX0ckLy4sno3WlQ/qffaLQ=
-9,-3,QC7nwy+hXWHfsqs1Q4XajWcX7jY=,SZew1+ua31jQpRKoiP00Ce13IZs=
-8,-4,QC7nwy+hXWHfsqs1Q4XajWcX7jY=,SZew1+ua31jQpRKoiP00Ce13IZs=
-8,-3,QC7nwy+hXWHfsqs1Q4XajWcX7jY=,SZew1+ua31jQpRKoiP00Ce13IZs=
-9,-4,QC7nwy+hXWHfsqs1Q4XajWcX7jY=,SZew1+ua31jQpRKoiP00Ce13IZs=
-11,-4,QC7nwy+hXWHfsqs1Q4XajWcX7jY=,SZew1+ua31jQpRKoiP00Ce13IZs=
-9,-2,QC7nwy+hXWHfsqs1Q4XajWcX7jY=,SZew1+ua31jQpRKoiP00Ce13IZs=
-10,-2,QC7nwy+hXWHfsqs1Q4XajWcX7jY=,SZew1+ua31jQpRKoiP00Ce13IZs=
-8,-5,QC7nwy+hXWHfsqs1Q4XajWcX7jY=,SZew1+ua31jQpRKoiP00Ce13IZs=
-11,-2,QC7nwy+hXWHfsqs1Q4XajWcX7jY=,SZew1+ua31jQpRKoiP00Ce13IZs=
-8,-2,QC7nwy+hXWHfsqs1Q4XajWcX7jY=,SZew1+ua31jQpRKoiP00Ce13IZs=
-10,-4,QC7nwy+hXWHfsqs1Q4XajWcX7jY=,SZew1+ua31jQpRKoiP00Ce13IZs=
-12,-11,QC7nwy+hXWHfsqs1Q4XajWcX7jY=,SZew1+ua31jQpRKoiP00Ce13IZs=
-15,-11,QC7nwy+hXWHfsqs1Q4XajWcX7jY=,VI1E1pZneciYBUX/iau526p9Wx0=
-14,-11,QC7nwy+hXWHfsqs1Q4XajWcX7jY=,VI1E1pZneciYBUX/iau526p9Wx0=
-13,-11,QC7nwy+hXWHfsqs1Q4XajWcX7jY=,VI1E1pZneciYBUX/iau526p9Wx0=
-12,-10,QC7nwy+hXWHfsqs1Q4XajWcX7jY=,SZew1+ua31jQpRKoiP00Ce13IZs=
-15,-10,QC7nwy+hXWHfsqs1Q4XajWcX7jY=,VI1E1pZneciYBUX/iau526p9Wx0=
-14,-10,QC7nwy+hXWHfsqs1Q4XajWcX7jY=,VI1E1pZneciYBUX/iau526p9Wx0=
-13,-10,QC7nwy+hXWHfsqs1Q4XajWcX7jY=,VI1E1pZneciYBUX/iau526p9Wx0=
-16,-11,QC7nwy+hXWHfsqs1Q4XajWcX7jY=,VI1E1pZneciYBUX/iau526p9Wx0=
-16,-10,QC7nwy+hXWHfsqs1Q4XajWcX7jY=,VI1E1pZneciYBUX/iau526p9Wx0=
-11,-1,QC7nwy+hXWHfsqs1Q4XajWcX7jY=,SZew1+ua31jQpRKoiP00Ce13IZs=
-10,-1,QC7nwy+hXWHfsqs1Q4XajWcX7jY=,SZew1+ua31jQpRKoiP00Ce13IZs=
-8,-1,QC7nwy+hXWHfsqs1Q4XajWcX7jY=,SZew1+ua31jQpRKoiP00Ce13IZs=
-5,-1,QC7nwy+hXWHfsqs1Q4XajWcX7jY=,SZew1+ua31jQpRKoiP00Ce13IZs=
-3,-1,QC7nwy+hXWHfsqs1Q4XajWcX7jY=,8E4uWRLb+Uvay7vx8/YEYHpHIJ4=
-2,-1,QC7nwy+hXWHfsqs1Q4XajWcX7jY=,8E4uWRLb+Uvay7vx8/YEYHpHIJ4=
-7,-1,QC7nwy+hXWHfsqs1Q4XajWcX7jY=,SZew1+ua31jQpRKoiP00Ce13IZs=
-6,-1,QC7nwy+hXWHfsqs1Q4XajWcX7jY=,SZew1+ua31jQpRKoiP00Ce13IZs=
-9,-1,QC7nwy+hXWHfsqs1Q4XajWcX7jY=,SZew1+ua31jQpRKoiP00Ce13IZs=
-4,-1,QC7nwy+hXWHfsqs1Q4XajWcX7jY=,8E4uWRLb+Uvay7vx8/YEYHpHIJ4=
-12,-3,QC7nwy+hXWHfsqs1Q4XajWcX7jY=,SZew1+ua31jQpRKoiP00Ce13IZs=
-13,-2,QC7nwy+hXWHfsqs1Q4XajWcX7jY=,zRzOmqJIDzMQM6d6JcuIwp3VI0Y=
-14,-2,QC7nwy+hXWHfsqs1Q4XajWcX7jY=,zRzOmqJIDzMQM6d6JcuIwp3VI0Y=
-15,-2,QC7nwy+hXWHfsqs1Q4XajWcX7jY=,zRzOmqJIDzMQM6d6JcuIwp3VI0Y=
-16,-2,QC7nwy+hXWHfsqs1Q4XajWcX7jY=,zRzOmqJIDzMQM6d6JcuIwp3VI0Y=
-12,-1,QC7nwy+hXWHfsqs1Q4XajWcX7jY=,SZew1+ua31jQpRKoiP00Ce13IZs=
-1,-5,QC7nwy+hXWHfsqs1Q4XajWcX7jY=,SZew1+ua31jQpRKoiP00Ce13IZs=
-1,-4,QC7nwy+hXWHfsqs1Q4XajWcX7jY=,8E4uWRLb+Uvay7vx8/YEYHpHIJ4=
-12,-2,QC7nwy+hXWHfsqs1Q4XajWcX7jY=,SZew1+ua31jQpRKoiP00Ce13IZs=
-1,-7,QC7nwy+hXWHfsqs1Q4XajWcX7jY=,SZew1+ua31jQpRKoiP00Ce13IZs=
-13,-1,QC7nwy+hXWHfsqs1Q4XajWcX7jY=,zRzOmqJIDzMQM6d6JcuIwp3VI0Y=
-14,-1,QC7nwy+hXWHfsqs1Q4XajWcX7jY=,zRzOmqJIDzMQM6d6JcuIwp3VI0Y=
-1,-6,QC7nwy+hXWHfsqs1Q4XajWcX7jY=,SZew1+ua31jQpRKoiP00Ce13IZs=
-1,-2,QC7nwy+hXWHfsqs1Q4XajWcX7jY=,8E4uWRLb+Uvay7vx8/YEYHpHIJ4=
-13,-3,QC7nwy+hXWHfsqs1Q4XajWcX7jY=,zRzOmqJIDzMQM6d6JcuIwp3VI0Y=
-15,-1,QC7nwy+hXWHfsqs1Q4XajWcX7jY=,zRzOmqJIDzMQM6d6JcuIwp3VI0Y=
-14,-3,QC7nwy+hXWHfsqs1Q4XajWcX7jY=,zRzOmqJIDzMQM6d6JcuIwp3VI0Y=
-15,-3,QC7nwy+hXWHfsqs1Q4XajWcX7jY=,zRzOmqJIDzMQM6d6JcuIwp3VI0Y=
-16,-3,QC7nwy+hXWHfsqs1Q4XajWcX7jY=,zRzOmqJIDzMQM6d6JcuIwp3VI0Y=
-1,-3,QC7nwy+hXWHfsqs1Q4XajWcX7jY=,8E4uWRLb+Uvay7vx8/YEYHpHIJ4=
-15,-4,QC7nwy+hXWHfsqs1Q4XajWcX7jY=,zRzOmqJIDzMQM6d6JcuIwp3VI0Y=
-16,-4,QC7nwy+hXWHfsqs1Q4XajWcX7jY=,zRzOmqJIDzMQM6d6JcuIwp3VI0Y=
-12,-7,QC7nwy+hXWHfsqs1Q4XajWcX7jY=,/GTcwUX0ckLy4sno3WlQ/qffaLQ=
-14,-4,QC7nwy+hXWHfsqs1Q4XajWcX7jY=,zRzOmqJIDzMQM6d6JcuIwp3VI0Y=
-13,-6,QC7nwy+hXWHfsqs1Q4XajWcX7jY=,mzpftN0jO06bFBILY1/kNLQi3gI=
-12,-8,QC7nwy+hXWHfsqs1Q4XajWcX7jY=,/GTcwUX0ckLy4sno3WlQ/qffaLQ=
-14,-6,QC7nwy+hXWHfsqs1Q4XajWcX7jY=,mzpftN0jO06bFBILY1/kNLQi3gI=
-15,-6,QC7nwy+hXWHfsqs1Q4XajWcX7jY=,mzpftN0jO06bFBILY1/kNLQi3gI=
-13,-4,QC7nwy+hXWHfsqs1Q4XajWcX7jY=,zRzOmqJIDzMQM6d6JcuIwp3VI0Y=
-16,-6,QC7nwy+hXWHfsqs1Q4XajWcX7jY=,mzpftN0jO06bFBILY1/kNLQi3gI=
-13,-7,QC7nwy+hXWHfsqs1Q4XajWcX7jY=,mzpftN0jO06bFBILY1/kNLQi3gI=
-12,-5,QC7nwy+hXWHfsqs1Q4XajWcX7jY=,/GTcwUX0ckLy4sno3WlQ/qffaLQ=
-14,-7,QC7nwy+hXWHfsqs1Q4XajWcX7jY=,mzpftN0jO06bFBILY1/kNLQi3gI=
-12,-4,QC7nwy+hXWHfsqs1Q4XajWcX7jY=,SZew1+ua31jQpRKoiP00Ce13IZs=
-15,-7,QC7nwy+hXWHfsqs1Q4XajWcX7jY=,mzpftN0jO06bFBILY1/kNLQi3gI=
-16,-7,QC7nwy+hXWHfsqs1Q4XajWcX7jY=,mzpftN0jO06bFBILY1/kNLQi3gI=
-13,-5,QC7nwy+hXWHfsqs1Q4XajWcX7jY=,mzpftN0jO06bFBILY1/kNLQi3gI=
-13,-8,QC7nwy+hXWHfsqs1Q4XajWcX7jY=,mzpftN0jO06bFBILY1/kNLQi3gI=
-15,-8,QC7nwy+hXWHfsqs1Q4XajWcX7jY=,mzpftN0jO06bFBILY1/kNLQi3gI=
-14,-5,QC7nwy+hXWHfsqs1Q4XajWcX7jY=,mzpftN0jO06bFBILY1/kNLQi3gI=
-13,-9,QC7nwy+hXWHfsqs1Q4XajWcX7jY=,VI1E1pZneciYBUX/iau526p9Wx0=
-16,-9,QC7nwy+hXWHfsqs1Q4XajWcX7jY=,VI1E1pZneciYBUX/iau526p9Wx0=
-12,-9,QC7nwy+hXWHfsqs1Q4XajWcX7jY=,SZew1+ua31jQpRKoiP00Ce13IZs=
-16,-8,QC7nwy+hXWHfsqs1Q4XajWcX7jY=,mzpftN0jO06bFBILY1/kNLQi3gI=
-16,-5,QC7nwy+hXWHfsqs1Q4XajWcX7jY=,mzpftN0jO06bFBILY1/kNLQi3gI=
-14,-9,QC7nwy+hXWHfsqs1Q4XajWcX7jY=,VI1E1pZneciYBUX/iau526p9Wx0=
-15,-9,QC7nwy+hXWHfsqs1Q4XajWcX7jY=,VI1E1pZneciYBUX/iau526p9Wx0=
-14,-8,QC7nwy+hXWHfsqs1Q4XajWcX7jY=,mzpftN0jO06bFBILY1/kNLQi3gI=
-12,-6,QC7nwy+hXWHfsqs1Q4XajWcX7jY=,/GTcwUX0ckLy4sno3WlQ/qffaLQ=
-1,-8,QC7nwy+hXWHfsqs1Q4XajWcX7jY=,SZew1+ua31jQpRKoiP00Ce13IZs=
-1,-9,QC7nwy+hXWHfsqs1Q4XajWcX7jY=,SZew1+ua31jQpRKoiP00Ce13IZs=
-15,-5,QC7nwy+hXWHfsqs1Q4XajWcX7jY=,mzpftN0jO06bFBILY1/kNLQi3gI=
-1,-10,QC7nwy+hXWHfsqs1Q4XajWcX7jY=,SZew1+ua31jQpRKoiP00Ce13IZs=
-1,-11,QC7nwy+hXWHfsqs1Q4XajWcX7jY=,SZew1+ua31jQpRKoiP00Ce13IZs=
-15,-12,QC7nwy+hXWHfsqs1Q4XajWcX7jY=,VI1E1pZneciYBUX/iau526p9Wx0=
-14,-12,QC7nwy+hXWHfsqs1Q4XajWcX7jY=,VI1E1pZneciYBUX/iau526p9Wx0=
-12,-15,QC7nwy+hXWHfsqs1Q4XajWcX7jY=,2aivvKIasnXZ4dDaH5h0nnk6B5I=
-10,-13,QC7nwy+hXWHfsqs1Q4XajWcX7jY=,2aivvKIasnXZ4dDaH5h0nnk6B5I=
-10,-14,QC7nwy+hXWHfsqs1Q4XajWcX7jY=,2aivvKIasnXZ4dDaH5h0nnk6B5I=
-11,-14,QC7nwy+hXWHfsqs1Q4XajWcX7jY=,2aivvKIasnXZ4dDaH5h0nnk6B5I=
-10,-16,QC7nwy+hXWHfsqs1Q4XajWcX7jY=,2aivvKIasnXZ4dDaH5h0nnk6B5I=
-12,-14,QC7nwy+hXWHfsqs1Q4XajWcX7jY=,2aivvKIasnXZ4dDaH5h0nnk6B5I=
-13,-12,QC7nwy+hXWHfsqs1Q4XajWcX7jY=,VI1E1pZneciYBUX/iau526p9Wx0=
-11,-16,QC7nwy+hXWHfsqs1Q4XajWcX7jY=,2aivvKIasnXZ4dDaH5h0nnk6B5I=
-10,-15,QC7nwy+hXWHfsqs1Q4XajWcX7jY=,2aivvKIasnXZ4dDaH5h0nnk6B5I=
-11,-13,QC7nwy+hXWHfsqs1Q4XajWcX7jY=,2aivvKIasnXZ4dDaH5h0nnk6B5I=
-12,-13,QC7nwy+hXWHfsqs1Q4XajWcX7jY=,2aivvKIasnXZ4dDaH5h0nnk6B5I=
-10,-12,QC7nwy+hXWHfsqs1Q4XajWcX7jY=,SZew1+ua31jQpRKoiP00Ce13IZs=
-11,-15,QC7nwy+hXWHfsqs1Q4XajWcX7jY=,2aivvKIasnXZ4dDaH5h0nnk6B5I=
-11,-12,QC7nwy+hXWHfsqs1Q4XajWcX7jY=,SZew1+ua31jQpRKoiP00Ce13IZs=
-12,-12,QC7nwy+hXWHfsqs1Q4XajWcX7jY=,SZew1+ua31jQpRKoiP00Ce13IZs=
-12,-16,QC7nwy+hXWHfsqs1Q4XajWcX7jY=,2aivvKIasnXZ4dDaH5h0nnk6B5I=
-16,-12,QC7nwy+hXWHfsqs1Q4XajWcX7jY=,VI1E1pZneciYBUX/iau526p9Wx0=
-1,-1,QC7nwy+hXWHfsqs1Q4XajWcX7jY=,8E4uWRLb+Uvay7vx8/YEYHpHIJ4=
-16,-1,QC7nwy+hXWHfsqs1Q4XajWcX7jY=,zRzOmqJIDzMQM6d6JcuIwp3VI0Y=
-9,-14,QC7nwy+hXWHfsqs1Q4XajWcX7jY=,2aivvKIasnXZ4dDaH5h0nnk6B5I=
-9,-13,QC7nwy+hXWHfsqs1Q4XajWcX7jY=,2aivvKIasnXZ4dDaH5h0nnk6B5I=
-8,-14,QC7nwy+hXWHfsqs1Q4XajWcX7jY=,Yxzvhg6VIpqT5U3tVNnbUmdbZWU=
-7,-12,QC7nwy+hXWHfsqs1Q4XajWcX7jY=,SZew1+ua31jQpRKoiP00Ce13IZs=
-8,-12,QC7nwy+hXWHfsqs1Q4XajWcX7jY=,SZew1+ua31jQpRKoiP00Ce13IZs=
-6,-12,QC7nwy+hXWHfsqs1Q4XajWcX7jY=,SZew1+ua31jQpRKoiP00Ce13IZs=
-7,-14,QC7nwy+hXWHfsqs1Q4XajWcX7jY=,Yxzvhg6VIpqT5U3tVNnbUmdbZWU=
-9,-16,QC7nwy+hXWHfsqs1Q4XajWcX7jY=,2aivvKIasnXZ4dDaH5h0nnk6B5I=
-6,-14,QC7nwy+hXWHfsqs1Q4XajWcX7jY=,Yxzvhg6VIpqT5U3tVNnbUmdbZWU=
-3,-14,QC7nwy+hXWHfsqs1Q4XajWcX7jY=,FDybZIBDHUdQJ6kIFUG8XEUg5tM=
-3,-13,QC7nwy+hXWHfsqs1Q4XajWcX7jY=,FDybZIBDHUdQJ6kIFUG8XEUg5tM=
-2,-14,QC7nwy+hXWHfsqs1Q4XajWcX7jY=,FDybZIBDHUdQJ6kIFUG8XEUg5tM=
-5,-12,QC7nwy+hXWHfsqs1Q4XajWcX7jY=,SZew1+ua31jQpRKoiP00Ce13IZs=
-4,-15,QC7nwy+hXWHfsqs1Q4XajWcX7jY=,FDybZIBDHUdQJ6kIFUG8XEUg5tM=
-5,-14,QC7nwy+hXWHfsqs1Q4XajWcX7jY=,Yxzvhg6VIpqT5U3tVNnbUmdbZWU=
-2,-12,QC7nwy+hXWHfsqs1Q4XajWcX7jY=,SZew1+ua31jQpRKoiP00Ce13IZs=
-1,-12,QC7nwy+hXWHfsqs1Q4XajWcX7jY=,SZew1+ua31jQpRKoiP00Ce13IZs=
-1,-15,QC7nwy+hXWHfsqs1Q4XajWcX7jY=,FDybZIBDHUdQJ6kIFUG8XEUg5tM=
-4,-12,QC7nwy+hXWHfsqs1Q4XajWcX7jY=,SZew1+ua31jQpRKoiP00Ce13IZs=
-4,-16,QC7nwy+hXWHfsqs1Q4XajWcX7jY=,FDybZIBDHUdQJ6kIFUG8XEUg5tM=
-5,-15,QC7nwy+hXWHfsqs1Q4XajWcX7jY=,Yxzvhg6VIpqT5U3tVNnbUmdbZWU=
-5,-16,QC7nwy+hXWHfsqs1Q4XajWcX7jY=,Yxzvhg6VIpqT5U3tVNnbUmdbZWU=
-2,-15,QC7nwy+hXWHfsqs1Q4XajWcX7jY=,FDybZIBDHUdQJ6kIFUG8XEUg5tM=
-2,-16,QC7nwy+hXWHfsqs1Q4XajWcX7jY=,FDybZIBDHUdQJ6kIFUG8XEUg5tM=
-4,-13,QC7nwy+hXWHfsqs1Q4XajWcX7jY=,FDybZIBDHUdQJ6kIFUG8XEUg5tM=
-4,-14,QC7nwy+hXWHfsqs1Q4XajWcX7jY=,FDybZIBDHUdQJ6kIFUG8XEUg5tM=
-1,-16,QC7nwy+hXWHfsqs1Q4XajWcX7jY=,FDybZIBDHUdQJ6kIFUG8XEUg5tM=
-8,-13,QC7nwy+hXWHfsqs1Q4XajWcX7jY=,Yxzvhg6VIpqT5U3tVNnbUmdbZWU=
-7,-13,QC7nwy+hXWHfsqs1Q4XajWcX7jY=,Yxzvhg6VIpqT5U3tVNnbUmdbZWU=
-3,-16,QC7nwy+hXWHfsqs1Q4XajWcX7jY=,FDybZIBDHUdQJ6kIFUG8XEUg5tM=
-5,-13,QC7nwy+hXWHfsqs1Q4XajWcX7jY=,Yxzvhg6VIpqT5U3tVNnbUmdbZWU=
-9,-12,QC7nwy+hXWHfsqs1Q4XajWcX7jY=,SZew1+ua31jQpRKoiP00Ce13IZs=
-1,-13,QC7nwy+hXWHfsqs1Q4XajWcX7jY=,FDybZIBDHUdQJ6kIFUG8XEUg5tM=
-2,-13,QC7nwy+hXWHfsqs1Q4XajWcX7jY=,FDybZIBDHUdQJ6kIFUG8XEUg5tM=
-9,-15,QC7nwy+hXWHfsqs1Q4XajWcX7jY=,2aivvKIasnXZ4dDaH5h0nnk6B5I=
-7,-15,QC7nwy+hXWHfsqs1Q4XajWcX7jY=,Yxzvhg6VIpqT5U3tVNnbUmdbZWU=
-3,-12,QC7nwy+hXWHfsqs1Q4XajWcX7jY=,SZew1+ua31jQpRKoiP00Ce13IZs=
-6,-15,QC7nwy+hXWHfsqs1Q4XajWcX7jY=,Yxzvhg6VIpqT5U3tVNnbUmdbZWU=
-8,-16,QC7nwy+hXWHfsqs1Q4XajWcX7jY=,Yxzvhg6VIpqT5U3tVNnbUmdbZWU=
-6,-13,QC7nwy+hXWHfsqs1Q4XajWcX7jY=,Yxzvhg6VIpqT5U3tVNnbUmdbZWU=
-1,-14,QC7nwy+hXWHfsqs1Q4XajWcX7jY=,FDybZIBDHUdQJ6kIFUG8XEUg5tM=
-3,-15,QC7nwy+hXWHfsqs1Q4XajWcX7jY=,FDybZIBDHUdQJ6kIFUG8XEUg5tM=
-6,-16,QC7nwy+hXWHfsqs1Q4XajWcX7jY=,Yxzvhg6VIpqT5U3tVNnbUmdbZWU=
-7,-16,QC7nwy+hXWHfsqs1Q4XajWcX7jY=,Yxzvhg6VIpqT5U3tVNnbUmdbZWU=
-8,-15,QC7nwy+hXWHfsqs1Q4XajWcX7jY=,Yxzvhg6VIpqT5U3tVNnbUmdbZWU=
-7,-31,QC7nwy+hXWHfsqs1Q4XajWcX7jY=,WQegJJlBlzE7QmM+r/aJHRtmDMQ=
-6,-31,QC7nwy+hXWHfsqs1Q4XajWcX7jY=,WQegJJlBlzE7QmM+r/aJHRtmDMQ=
-7,-30,QC7nwy+hXWHfsqs1Q4XajWcX7jY=,WQegJJlBlzE7QmM+r/aJHRtmDMQ=
-6,-30,QC7nwy+hXWHfsqs1Q4XajWcX7jY=,WQegJJlBlzE7QmM+r/aJHRtmDMQ=
-2,-30,QC7nwy+hXWHfsqs1Q4XajWcX7jY=,cuLbJbK6HAqc1Yl446s+mUF06Nw=
-2,-31,QC7nwy+hXWHfsqs1Q4XajWcX7jY=,cuLbJbK6HAqc1Yl446s+mUF06Nw=
-3,-31,QC7nwy+hXWHfsqs1Q4XajWcX7jY=,cuLbJbK6HAqc1Yl446s+mUF06Nw=
-4,-31,QC7nwy+hXWHfsqs1Q4XajWcX7jY=,cuLbJbK6HAqc1Yl446s+mUF06Nw=
-5,-31,QC7nwy+hXWHfsqs1Q4XajWcX7jY=,WQegJJlBlzE7QmM+r/aJHRtmDMQ=
-5,-30,QC7nwy+hXWHfsqs1Q4XajWcX7jY=,WQegJJlBlzE7QmM+r/aJHRtmDMQ=
-7,-27,QC7nwy+hXWHfsqs1Q4XajWcX7jY=,xLwjf0gwOfcmY+H8KqDfTYbEZ4w=
-4,-30,QC7nwy+hXWHfsqs1Q4XajWcX7jY=,cuLbJbK6HAqc1Yl446s+mUF06Nw=
-6,-27,QC7nwy+hXWHfsqs1Q4XajWcX7jY=,xLwjf0gwOfcmY+H8KqDfTYbEZ4w=
-7,-26,QC7nwy+hXWHfsqs1Q4XajWcX7jY=,xLwjf0gwOfcmY+H8KqDfTYbEZ4w=
-6,-26,QC7nwy+hXWHfsqs1Q4XajWcX7jY=,xLwjf0gwOfcmY+H8KqDfTYbEZ4w=
-7,-29,QC7nwy+hXWHfsqs1Q4XajWcX7jY=,WQegJJlBlzE7QmM+r/aJHRtmDMQ=
-3,-30,QC7nwy+hXWHfsqs1Q4XajWcX7jY=,cuLbJbK6HAqc1Yl446s+mUF06Nw=
-6,-29,QC7nwy+hXWHfsqs1Q4XajWcX7jY=,WQegJJlBlzE7QmM+r/aJHRtmDMQ=
-7,-28,QC7nwy+hXWHfsqs1Q4XajWcX7jY=,xLwjf0gwOfcmY+H8KqDfTYbEZ4w=
-6,-28,QC7nwy+hXWHfsqs1Q4XajWcX7jY=,xLwjf0gwOfcmY+H8KqDfTYbEZ4w=
-6,-23,QC7nwy+hXWHfsqs1Q4XajWcX7jY=,dqLX277qQ8juPbutnINMpluMyus=
-6,-24,QC7nwy+hXWHfsqs1Q4XajWcX7jY=,dqLX277qQ8juPbutnINMpluMyus=
-6,-22,QC7nwy+hXWHfsqs1Q4XajWcX7jY=,dqLX277qQ8juPbutnINMpluMyus=
-7,-25,QC7nwy+hXWHfsqs1Q4XajWcX7jY=,xLwjf0gwOfcmY+H8KqDfTYbEZ4w=
-6,-25,QC7nwy+hXWHfsqs1Q4XajWcX7jY=,xLwjf0gwOfcmY+H8KqDfTYbEZ4w=
-7,-23,QC7nwy+hXWHfsqs1Q4XajWcX7jY=,dqLX277qQ8juPbutnINMpluMyus=
-7,-22,QC7nwy+hXWHfsqs1Q4XajWcX7jY=,dqLX277qQ8juPbutnINMpluMyus=
-7,-24,QC7nwy+hXWHfsqs1Q4XajWcX7jY=,dqLX277qQ8juPbutnINMpluMyus=
-2,-26,QC7nwy+hXWHfsqs1Q4XajWcX7jY=,Hsy/zeVdMcEUxgDj4eCLaAbgqCc=
-4,-29,QC7nwy+hXWHfsqs1Q4XajWcX7jY=,cuLbJbK6HAqc1Yl446s+mUF06Nw=
-5,-27,QC7nwy+hXWHfsqs1Q4XajWcX7jY=,xLwjf0gwOfcmY+H8KqDfTYbEZ4w=
-3,-29,QC7nwy+hXWHfsqs1Q4XajWcX7jY=,cuLbJbK6HAqc1Yl446s+mUF06Nw=
-2,-29,QC7nwy+hXWHfsqs1Q4XajWcX7jY=,cuLbJbK6HAqc1Yl446s+mUF06Nw=
-4,-28,QC7nwy+hXWHfsqs1Q4XajWcX7jY=,Hsy/zeVdMcEUxgDj4eCLaAbgqCc=
-3,-28,QC7nwy+hXWHfsqs1Q4XajWcX7jY=,Hsy/zeVdMcEUxgDj4eCLaAbgqCc=
-2,-28,QC7nwy+hXWHfsqs1Q4XajWcX7jY=,Hsy/zeVdMcEUxgDj4eCLaAbgqCc=
-5,-26,QC7nwy+hXWHfsqs1Q4XajWcX7jY=,xLwjf0gwOfcmY+H8KqDfTYbEZ4w=
-5,-29,QC7nwy+hXWHfsqs1Q4XajWcX7jY=,WQegJJlBlzE7QmM+r/aJHRtmDMQ=
-4,-27,QC7nwy+hXWHfsqs1Q4XajWcX7jY=,Hsy/zeVdMcEUxgDj4eCLaAbgqCc=
-3,-27,QC7nwy+hXWHfsqs1Q4XajWcX7jY=,Hsy/zeVdMcEUxgDj4eCLaAbgqCc=
-2,-27,QC7nwy+hXWHfsqs1Q4XajWcX7jY=,Hsy/zeVdMcEUxgDj4eCLaAbgqCc=
-4,-26,QC7nwy+hXWHfsqs1Q4XajWcX7jY=,Hsy/zeVdMcEUxgDj4eCLaAbgqCc=
-5,-28,QC7nwy+hXWHfsqs1Q4XajWcX7jY=,xLwjf0gwOfcmY+H8KqDfTYbEZ4w=
-3,-26,QC7nwy+hXWHfsqs1Q4XajWcX7jY=,Hsy/zeVdMcEUxgDj4eCLaAbgqCc=
-7,-20,QC7nwy+hXWHfsqs1Q4XajWcX7jY=,YkXYZwJaUcM82tNdBzPAqdf5geM=
-6,-20,QC7nwy+hXWHfsqs1Q4XajWcX7jY=,YkXYZwJaUcM82tNdBzPAqdf5geM=
-7,-18,QC7nwy+hXWHfsqs1Q4XajWcX7jY=,YkXYZwJaUcM82tNdBzPAqdf5geM=
-7,-21,QC7nwy+hXWHfsqs1Q4XajWcX7jY=,dqLX277qQ8juPbutnINMpluMyus=
-7,-19,QC7nwy+hXWHfsqs1Q4XajWcX7jY=,YkXYZwJaUcM82tNdBzPAqdf5geM=
-6,-19,QC7nwy+hXWHfsqs1Q4XajWcX7jY=,YkXYZwJaUcM82tNdBzPAqdf5geM=
-6,-18,QC7nwy+hXWHfsqs1Q4XajWcX7jY=,YkXYZwJaUcM82tNdBzPAqdf5geM=
-6,-21,QC7nwy+hXWHfsqs1Q4XajWcX7jY=,dqLX277qQ8juPbutnINMpluMyus=
-8,-23,QC7nwy+hXWHfsqs1Q4XajWcX7jY=,dqLX277qQ8juPbutnINMpluMyus=
-8,-22,QC7nwy+hXWHfsqs1Q4XajWcX7jY=,dqLX277qQ8juPbutnINMpluMyus=
-2,-22,QC7nwy+hXWHfsqs1Q4XajWcX7jY=,KGeI5XZqXt0jQecVwQ+xQSFEDzw=
-5,-22,QC7nwy+hXWHfsqs1Q4XajWcX7jY=,dqLX277qQ8juPbutnINMpluMyus=
-1,-23,QC7nwy+hXWHfsqs1Q4XajWcX7jY=,KGeI5XZqXt0jQecVwQ+xQSFEDzw=
-4,-22,QC7nwy+hXWHfsqs1Q4XajWcX7jY=,KGeI5XZqXt0jQecVwQ+xQSFEDzw=
-5,-25,QC7nwy+hXWHfsqs1Q4XajWcX7jY=,xLwjf0gwOfcmY+H8KqDfTYbEZ4w=
-4,-24,QC7nwy+hXWHfsqs1Q4XajWcX7jY=,KGeI5XZqXt0jQecVwQ+xQSFEDzw=
-2,-23,QC7nwy+hXWHfsqs1Q4XajWcX7jY=,KGeI5XZqXt0jQecVwQ+xQSFEDzw=
-2,-25,QC7nwy+hXWHfsqs1Q4XajWcX7jY=,Hsy/zeVdMcEUxgDj4eCLaAbgqCc=
-5,-23,QC7nwy+hXWHfsqs1Q4XajWcX7jY=,dqLX277qQ8juPbutnINMpluMyus=
-4,-23,QC7nwy+hXWHfsqs1Q4XajWcX7jY=,KGeI5XZqXt0jQecVwQ+xQSFEDzw=
-3,-23,QC7nwy+hXWHfsqs1Q4XajWcX7jY=,KGeI5XZqXt0jQecVwQ+xQSFEDzw=
-3,-25,QC7nwy+hXWHfsqs1Q4XajWcX7jY=,Hsy/zeVdMcEUxgDj4eCLaAbgqCc=
-3,-22,QC7nwy+hXWHfsqs1Q4XajWcX7jY=,KGeI5XZqXt0jQecVwQ+xQSFEDzw=
-5,-24,QC7nwy+hXWHfsqs1Q4XajWcX7jY=,dqLX277qQ8juPbutnINMpluMyus=
-4,-25,QC7nwy+hXWHfsqs1Q4XajWcX7jY=,Hsy/zeVdMcEUxgDj4eCLaAbgqCc=
-2,-24,QC7nwy+hXWHfsqs1Q4XajWcX7jY=,KGeI5XZqXt0jQecVwQ+xQSFEDzw=
-3,-24,QC7nwy+hXWHfsqs1Q4XajWcX7jY=,KGeI5XZqXt0jQecVwQ+xQSFEDzw=
-1,-22,QC7nwy+hXWHfsqs1Q4XajWcX7jY=,KGeI5XZqXt0jQecVwQ+xQSFEDzw=
-8,-20,QC7nwy+hXWHfsqs1Q4XajWcX7jY=,YkXYZwJaUcM82tNdBzPAqdf5geM=
-9,-20,QC7nwy+hXWHfsqs1Q4XajWcX7jY=,vFUE0eRBDVag4XYPdqKc7+qLYN8=
-10,-20,QC7nwy+hXWHfsqs1Q4XajWcX7jY=,vFUE0eRBDVag4XYPdqKc7+qLYN8=
-10,-18,QC7nwy+hXWHfsqs1Q4XajWcX7jY=,vFUE0eRBDVag4XYPdqKc7+qLYN8=
-11,-20,QC7nwy+hXWHfsqs1Q4XajWcX7jY=,vFUE0eRBDVag4XYPdqKc7+qLYN8=
-11,-18,QC7nwy+hXWHfsqs1Q4XajWcX7jY=,vFUE0eRBDVag4XYPdqKc7+qLYN8=
-10,-19,QC7nwy+hXWHfsqs1Q4XajWcX7jY=,vFUE0eRBDVag4XYPdqKc7+qLYN8=
-11,-19,QC7nwy+hXWHfsqs1Q4XajWcX7jY=,vFUE0eRBDVag4XYPdqKc7+qLYN8=
-8,-21,QC7nwy+hXWHfsqs1Q4XajWcX7jY=,dqLX277qQ8juPbutnINMpluMyus=
-8,-18,QC7nwy+hXWHfsqs1Q4XajWcX7jY=,YkXYZwJaUcM82tNdBzPAqdf5geM=
-8,-19,QC7nwy+hXWHfsqs1Q4XajWcX7jY=,YkXYZwJaUcM82tNdBzPAqdf5geM=
-9,-19,QC7nwy+hXWHfsqs1Q4XajWcX7jY=,vFUE0eRBDVag4XYPdqKc7+qLYN8=
-9,-18,QC7nwy+hXWHfsqs1Q4XajWcX7jY=,vFUE0eRBDVag4XYPdqKc7+qLYN8=
-5,-20,QC7nwy+hXWHfsqs1Q4XajWcX7jY=,YkXYZwJaUcM82tNdBzPAqdf5geM=
-5,-21,QC7nwy+hXWHfsqs1Q4XajWcX7jY=,dqLX277qQ8juPbutnINMpluMyus=
-5,-18,QC7nwy+hXWHfsqs1Q4XajWcX7jY=,YkXYZwJaUcM82tNdBzPAqdf5geM=
-5,-19,QC7nwy+hXWHfsqs1Q4XajWcX7jY=,YkXYZwJaUcM82tNdBzPAqdf5geM=
-2,-21,QC7nwy+hXWHfsqs1Q4XajWcX7jY=,KGeI5XZqXt0jQecVwQ+xQSFEDzw=
-4,-20,QC7nwy+hXWHfsqs1Q4XajWcX7jY=,J2dDZhW3HKclX8KeyLktgxZcios=
-4,-21,QC7nwy+hXWHfsqs1Q4XajWcX7jY=,KGeI5XZqXt0jQecVwQ+xQSFEDzw=
-3,-21,QC7nwy+hXWHfsqs1Q4XajWcX7jY=,KGeI5XZqXt0jQecVwQ+xQSFEDzw=
-3,-19,QC7nwy+hXWHfsqs1Q4XajWcX7jY=,J2dDZhW3HKclX8KeyLktgxZcios=
-4,-18,QC7nwy+hXWHfsqs1Q4XajWcX7jY=,J2dDZhW3HKclX8KeyLktgxZcios=
-4,-19,QC7nwy+hXWHfsqs1Q4XajWcX7jY=,J2dDZhW3HKclX8KeyLktgxZcios=
-2,-19,QC7nwy+hXWHfsqs1Q4XajWcX7jY=,J2dDZhW3HKclX8KeyLktgxZcios=
-2,-18,QC7nwy+hXWHfsqs1Q4XajWcX7jY=,J2dDZhW3HKclX8KeyLktgxZcios=
-2,-20,QC7nwy+hXWHfsqs1Q4XajWcX7jY=,J2dDZhW3HKclX8KeyLktgxZcios=
-3,-20,QC7nwy+hXWHfsqs1Q4XajWcX7jY=,J2dDZhW3HKclX8KeyLktgxZcios=
-3,-18,QC7nwy+hXWHfsqs1Q4XajWcX7jY=,J2dDZhW3HKclX8KeyLktgxZcios=
-2,-17,QC7nwy+hXWHfsqs1Q4XajWcX7jY=,J2dDZhW3HKclX8KeyLktgxZcios=
-5,-17,QC7nwy+hXWHfsqs1Q4XajWcX7jY=,YkXYZwJaUcM82tNdBzPAqdf5geM=
-3,-17,QC7nwy+hXWHfsqs1Q4XajWcX7jY=,J2dDZhW3HKclX8KeyLktgxZcios=
-6,-17,QC7nwy+hXWHfsqs1Q4XajWcX7jY=,YkXYZwJaUcM82tNdBzPAqdf5geM=
-4,-17,QC7nwy+hXWHfsqs1Q4XajWcX7jY=,J2dDZhW3HKclX8KeyLktgxZcios=
-7,-17,QC7nwy+hXWHfsqs1Q4XajWcX7jY=,YkXYZwJaUcM82tNdBzPAqdf5geM=
-10,-17,QC7nwy+hXWHfsqs1Q4XajWcX7jY=,vFUE0eRBDVag4XYPdqKc7+qLYN8=
-11,-17,QC7nwy+hXWHfsqs1Q4XajWcX7jY=,vFUE0eRBDVag4XYPdqKc7+qLYN8=
-12,-18,QC7nwy+hXWHfsqs1Q4XajWcX7jY=,vFUE0eRBDVag4XYPdqKc7+qLYN8=
-12,-19,QC7nwy+hXWHfsqs1Q4XajWcX7jY=,vFUE0eRBDVag4XYPdqKc7+qLYN8=
-8,-17,QC7nwy+hXWHfsqs1Q4XajWcX7jY=,YkXYZwJaUcM82tNdBzPAqdf5geM=
-9,-17,QC7nwy+hXWHfsqs1Q4XajWcX7jY=,vFUE0eRBDVag4XYPdqKc7+qLYN8=
-12,-20,QC7nwy+hXWHfsqs1Q4XajWcX7jY=,vFUE0eRBDVag4XYPdqKc7+qLYN8=
-1,-31,QC7nwy+hXWHfsqs1Q4XajWcX7jY=,cuLbJbK6HAqc1Yl446s+mUF06Nw=
-1,-30,QC7nwy+hXWHfsqs1Q4XajWcX7jY=,cuLbJbK6HAqc1Yl446s+mUF06Nw=
-8,-24,QC7nwy+hXWHfsqs1Q4XajWcX7jY=,dqLX277qQ8juPbutnINMpluMyus=
-8,-25,QC7nwy+hXWHfsqs1Q4XajWcX7jY=,xLwjf0gwOfcmY+H8KqDfTYbEZ4w=
-8,-26,QC7nwy+hXWHfsqs1Q4XajWcX7jY=,xLwjf0gwOfcmY+H8KqDfTYbEZ4w=
-8,-27,QC7nwy+hXWHfsqs1Q4XajWcX7jY=,xLwjf0gwOfcmY+H8KqDfTYbEZ4w=
-8,-28,QC7nwy+hXWHfsqs1Q4XajWcX7jY=,xLwjf0gwOfcmY+H8KqDfTYbEZ4w=
-8,-31,QC7nwy+hXWHfsqs1Q4XajWcX7jY=,WQegJJlBlzE7QmM+r/aJHRtmDMQ=
-8,-30,QC7nwy+hXWHfsqs1Q4XajWcX7jY=,WQegJJlBlzE7QmM+r/aJHRtmDMQ=
-8,-29,QC7nwy+hXWHfsqs1Q4XajWcX7jY=,WQegJJlBlzE7QmM+r/aJHRtmDMQ=
-6,-32,QC7nwy+hXWHfsqs1Q4XajWcX7jY=,WQegJJlBlzE7QmM+r/aJHRtmDMQ=
-7,-32,QC7nwy+hXWHfsqs1Q4XajWcX7jY=,WQegJJlBlzE7QmM+r/aJHRtmDMQ=
-1,-29,QC7nwy+hXWHfsqs1Q4XajWcX7jY=,cuLbJbK6HAqc1Yl446s+mUF06Nw=
-1,-26,QC7nwy+hXWHfsqs1Q4XajWcX7jY=,Hsy/zeVdMcEUxgDj4eCLaAbgqCc=
-1,-27,QC7nwy+hXWHfsqs1Q4XajWcX7jY=,Hsy/zeVdMcEUxgDj4eCLaAbgqCc=
-1,-28,QC7nwy+hXWHfsqs1Q4XajWcX7jY=,Hsy/zeVdMcEUxgDj4eCLaAbgqCc=
-1,-25,QC7nwy+hXWHfsqs1Q4XajWcX7jY=,Hsy/zeVdMcEUxgDj4eCLaAbgqCc=
-1,-24,QC7nwy+hXWHfsqs1Q4XajWcX7jY=,KGeI5XZqXt0jQecVwQ+xQSFEDzw=
-3,-32,QC7nwy+hXWHfsqs1Q4XajWcX7jY=,cuLbJbK6HAqc1Yl446s+mUF06Nw=
-2,-32,QC7nwy+hXWHfsqs1Q4XajWcX7jY=,cuLbJbK6HAqc1Yl446s+mUF06Nw=
-4,-32,QC7nwy+hXWHfsqs1Q4XajWcX7jY=,cuLbJbK6HAqc1Yl446s+mUF06Nw=
-5,-32,QC7nwy+hXWHfsqs1Q4XajWcX7jY=,WQegJJlBlzE7QmM+r/aJHRtmDMQ=
-1,-32,QC7nwy+hXWHfsqs1Q4XajWcX7jY=,cuLbJbK6HAqc1Yl446s+mUF06Nw=
-8,-32,QC7nwy+hXWHfsqs1Q4XajWcX7jY=,WQegJJlBlzE7QmM+r/aJHRtmDMQ=
-12,-17,QC7nwy+hXWHfsqs1Q4XajWcX7jY=,vFUE0eRBDVag4XYPdqKc7+qLYN8=
-1,-18,QC7nwy+hXWHfsqs1Q4XajWcX7jY=,J2dDZhW3HKclX8KeyLktgxZcios=
-1,-19,QC7nwy+hXWHfsqs1Q4XajWcX7jY=,J2dDZhW3HKclX8KeyLktgxZcios=
-1,-21,QC7nwy+hXWHfsqs1Q4XajWcX7jY=,KGeI5XZqXt0jQecVwQ+xQSFEDzw=
-1,-20,QC7nwy+hXWHfsqs1Q4XajWcX7jY=,J2dDZhW3HKclX8KeyLktgxZcios=
-1,-17,QC7nwy+hXWHfsqs1Q4XajWcX7jY=,J2dDZhW3HKclX8KeyLktgxZcios=
-30,-14,OH3gAV36YL6XiNYXLgzxfOMkD6U=,SZew1+ua31jQpRKoiP00Ce13IZs=
-31,-15,OH3gAV36YL6XiNYXLgzxfOMkD6U=,SZew1+ua31jQpRKoiP00Ce13IZs=
-30,-15,OH3gAV36YL6XiNYXLgzxfOMkD6U=,SZew1+ua31jQpRKoiP00Ce13IZs=
-31,-14,OH3gAV36YL6XiNYXLgzxfOMkD6U=,SZew1+ua31jQpRKoiP00Ce13IZs=
-26,-10,OH3gAV36YL6XiNYXLgzxfOMkD6U=,qDhXwhE2/AnTTL/r0edWVcu3B5Y=
-30,-10,OH3gAV36YL6XiNYXLgzxfOMkD6U=,ZS3Gswu/7tI8WuzzHds9ypRahds=
-27,-10,OH3gAV36YL6XiNYXLgzxfOMkD6U=,qDhXwhE2/AnTTL/r0edWVcu3B5Y=
-27,-11,OH3gAV36YL6XiNYXLgzxfOMkD6U=,qDhXwhE2/AnTTL/r0edWVcu3B5Y=
-26,-11,OH3gAV36YL6XiNYXLgzxfOMkD6U=,qDhXwhE2/AnTTL/r0edWVcu3B5Y=
-29,-10,OH3gAV36YL6XiNYXLgzxfOMkD6U=,ZS3Gswu/7tI8WuzzHds9ypRahds=
-28,-15,OH3gAV36YL6XiNYXLgzxfOMkD6U=,VdagELAo4Bs6jm5YFd+EpDUxRkQ=
-31,-13,OH3gAV36YL6XiNYXLgzxfOMkD6U=,SZew1+ua31jQpRKoiP00Ce13IZs=
-29,-15,OH3gAV36YL6XiNYXLgzxfOMkD6U=,SZew1+ua31jQpRKoiP00Ce13IZs=
-26,-13,OH3gAV36YL6XiNYXLgzxfOMkD6U=,VdagELAo4Bs6jm5YFd+EpDUxRkQ=
-28,-13,OH3gAV36YL6XiNYXLgzxfOMkD6U=,VdagELAo4Bs6jm5YFd+EpDUxRkQ=
-26,-12,OH3gAV36YL6XiNYXLgzxfOMkD6U=,qDhXwhE2/AnTTL/r0edWVcu3B5Y=
-27,-13,OH3gAV36YL6XiNYXLgzxfOMkD6U=,VdagELAo4Bs6jm5YFd+EpDUxRkQ=
-29,-12,OH3gAV36YL6XiNYXLgzxfOMkD6U=,ZS3Gswu/7tI8WuzzHds9ypRahds=
-27,-15,OH3gAV36YL6XiNYXLgzxfOMkD6U=,VdagELAo4Bs6jm5YFd+EpDUxRkQ=
-30,-13,OH3gAV36YL6XiNYXLgzxfOMkD6U=,SZew1+ua31jQpRKoiP00Ce13IZs=
-27,-12,OH3gAV36YL6XiNYXLgzxfOMkD6U=,qDhXwhE2/AnTTL/r0edWVcu3B5Y=
-28,-12,OH3gAV36YL6XiNYXLgzxfOMkD6U=,qDhXwhE2/AnTTL/r0edWVcu3B5Y=
-27,-14,OH3gAV36YL6XiNYXLgzxfOMkD6U=,VdagELAo4Bs6jm5YFd+EpDUxRkQ=
-31,-12,OH3gAV36YL6XiNYXLgzxfOMkD6U=,ZS3Gswu/7tI8WuzzHds9ypRahds=
-26,-15,OH3gAV36YL6XiNYXLgzxfOMkD6U=,VdagELAo4Bs6jm5YFd+EpDUxRkQ=
-29,-14,OH3gAV36YL6XiNYXLgzxfOMkD6U=,SZew1+ua31jQpRKoiP00Ce13IZs=
-30,-12,OH3gAV36YL6XiNYXLgzxfOMkD6U=,ZS3Gswu/7tI8WuzzHds9ypRahds=
-29,-13,OH3gAV36YL6XiNYXLgzxfOMkD6U=,SZew1+ua31jQpRKoiP00Ce13IZs=
-31,-11,OH3gAV36YL6XiNYXLgzxfOMkD6U=,ZS3Gswu/7tI8WuzzHds9ypRahds=
-28,-14,OH3gAV36YL6XiNYXLgzxfOMkD6U=,VdagELAo4Bs6jm5YFd+EpDUxRkQ=
-28,-11,OH3gAV36YL6XiNYXLgzxfOMkD6U=,qDhXwhE2/AnTTL/r0edWVcu3B5Y=
-26,-14,OH3gAV36YL6XiNYXLgzxfOMkD6U=,VdagELAo4Bs6jm5YFd+EpDUxRkQ=
-30,-11,OH3gAV36YL6XiNYXLgzxfOMkD6U=,ZS3Gswu/7tI8WuzzHds9ypRahds=
-31,-10,OH3gAV36YL6XiNYXLgzxfOMkD6U=,ZS3Gswu/7tI8WuzzHds9ypRahds=
-29,-11,OH3gAV36YL6XiNYXLgzxfOMkD6U=,ZS3Gswu/7tI8WuzzHds9ypRahds=
-28,-10,OH3gAV36YL6XiNYXLgzxfOMkD6U=,qDhXwhE2/AnTTL/r0edWVcu3B5Y=
-26,-6,OH3gAV36YL6XiNYXLgzxfOMkD6U=,zprfRjfPP7NWMytCUAOpWM0iL5M=
-26,-7,OH3gAV36YL6XiNYXLgzxfOMkD6U=,zprfRjfPP7NWMytCUAOpWM0iL5M=
-27,-6,OH3gAV36YL6XiNYXLgzxfOMkD6U=,zprfRjfPP7NWMytCUAOpWM0iL5M=
-27,-8,OH3gAV36YL6XiNYXLgzxfOMkD6U=,zprfRjfPP7NWMytCUAOpWM0iL5M=
-27,-7,OH3gAV36YL6XiNYXLgzxfOMkD6U=,zprfRjfPP7NWMytCUAOpWM0iL5M=
-26,-8,OH3gAV36YL6XiNYXLgzxfOMkD6U=,zprfRjfPP7NWMytCUAOpWM0iL5M=
-26,-9,OH3gAV36YL6XiNYXLgzxfOMkD6U=,qDhXwhE2/AnTTL/r0edWVcu3B5Y=
-27,-9,OH3gAV36YL6XiNYXLgzxfOMkD6U=,qDhXwhE2/AnTTL/r0edWVcu3B5Y=
-30,-6,OH3gAV36YL6XiNYXLgzxfOMkD6U=,FbaJq1iui1SCLifaUDfpzpwz3vM=
-29,-6,OH3gAV36YL6XiNYXLgzxfOMkD6U=,FbaJq1iui1SCLifaUDfpzpwz3vM=
-30,-8,OH3gAV36YL6XiNYXLgzxfOMkD6U=,FbaJq1iui1SCLifaUDfpzpwz3vM=
-28,-8,OH3gAV36YL6XiNYXLgzxfOMkD6U=,zprfRjfPP7NWMytCUAOpWM0iL5M=
-29,-8,OH3gAV36YL6XiNYXLgzxfOMkD6U=,FbaJq1iui1SCLifaUDfpzpwz3vM=
-28,-9,OH3gAV36YL6XiNYXLgzxfOMkD6U=,qDhXwhE2/AnTTL/r0edWVcu3B5Y=
-31,-7,OH3gAV36YL6XiNYXLgzxfOMkD6U=,FbaJq1iui1SCLifaUDfpzpwz3vM=
-31,-9,OH3gAV36YL6XiNYXLgzxfOMkD6U=,ZS3Gswu/7tI8WuzzHds9ypRahds=
-31,-8,OH3gAV36YL6XiNYXLgzxfOMkD6U=,FbaJq1iui1SCLifaUDfpzpwz3vM=
-30,-9,OH3gAV36YL6XiNYXLgzxfOMkD6U=,ZS3Gswu/7tI8WuzzHds9ypRahds=
-31,-6,OH3gAV36YL6XiNYXLgzxfOMkD6U=,FbaJq1iui1SCLifaUDfpzpwz3vM=
-28,-7,OH3gAV36YL6XiNYXLgzxfOMkD6U=,zprfRjfPP7NWMytCUAOpWM0iL5M=
-28,-6,OH3gAV36YL6XiNYXLgzxfOMkD6U=,zprfRjfPP7NWMytCUAOpWM0iL5M=
-29,-9,OH3gAV36YL6XiNYXLgzxfOMkD6U=,ZS3Gswu/7tI8WuzzHds9ypRahds=
-29,-7,OH3gAV36YL6XiNYXLgzxfOMkD6U=,FbaJq1iui1SCLifaUDfpzpwz3vM=
-30,-7,OH3gAV36YL6XiNYXLgzxfOMkD6U=,FbaJq1iui1SCLifaUDfpzpwz3vM=
-23,-3,OH3gAV36YL6XiNYXLgzxfOMkD6U=,ZCfyr6gE+YmbjQTNhHzboZ5HJuw=
-22,-3,MEj4SBCkBDEcDM5qB89vU06mLH4=,ZCfyr6gE+YmbjQTNhHzboZ5HJuw=
-22,-7,MEj4SBCkBDEcDM5qB89vU06mLH4=,8G4Yd9CFchasaKPLsZMV/gQp464=
-23,-2,MEj4SBCkBDEcDM5qB89vU06mLH4=,ZCfyr6gE+YmbjQTNhHzboZ5HJuw=
-22,-6,MEj4SBCkBDEcDM5qB89vU06mLH4=,8G4Yd9CFchasaKPLsZMV/gQp464=
-25,-7,MEj4SBCkBDEcDM5qB89vU06mLH4=,zprfRjfPP7NWMytCUAOpWM0iL5M=
-22,-2,MEj4SBCkBDEcDM5qB89vU06mLH4=,ZCfyr6gE+YmbjQTNhHzboZ5HJuw=
-23,-5,MEj4SBCkBDEcDM5qB89vU06mLH4=,8G4Yd9CFchasaKPLsZMV/gQp464=
-22,-5,MEj4SBCkBDEcDM5qB89vU06mLH4=,8G4Yd9CFchasaKPLsZMV/gQp464=
-25,-6,MEj4SBCkBDEcDM5qB89vU06mLH4=,zprfRjfPP7NWMytCUAOpWM0iL5M=
-24,-7,MEj4SBCkBDEcDM5qB89vU06mLH4=,8G4Yd9CFchasaKPLsZMV/gQp464=
-23,-7,MEj4SBCkBDEcDM5qB89vU06mLH4=,8G4Yd9CFchasaKPLsZMV/gQp464=
-23,-4,MEj4SBCkBDEcDM5qB89vU06mLH4=,ZCfyr6gE+YmbjQTNhHzboZ5HJuw=
-24,-6,MEj4SBCkBDEcDM5qB89vU06mLH4=,8G4Yd9CFchasaKPLsZMV/gQp464=
-22,-4,MEj4SBCkBDEcDM5qB89vU06mLH4=,ZCfyr6gE+YmbjQTNhHzboZ5HJuw=
-23,-6,MEj4SBCkBDEcDM5qB89vU06mLH4=,8G4Yd9CFchasaKPLsZMV/gQp464=
-21,-6,MEj4SBCkBDEcDM5qB89vU06mLH4=,8G4Yd9CFchasaKPLsZMV/gQp464=
-20,-7,MEj4SBCkBDEcDM5qB89vU06mLH4=,Jp0jsIYpqNTRxDYBHjkdHpeKXVM=
-19,-6,MEj4SBCkBDEcDM5qB89vU06mLH4=,Jp0jsIYpqNTRxDYBHjkdHpeKXVM=
-21,-7,MEj4SBCkBDEcDM5qB89vU06mLH4=,8G4Yd9CFchasaKPLsZMV/gQp464=
-20,-6,MEj4SBCkBDEcDM5qB89vU06mLH4=,Jp0jsIYpqNTRxDYBHjkdHpeKXVM=
-18,-6,MEj4SBCkBDEcDM5qB89vU06mLH4=,Jp0jsIYpqNTRxDYBHjkdHpeKXVM=
-18,-7,MEj4SBCkBDEcDM5qB89vU06mLH4=,Jp0jsIYpqNTRxDYBHjkdHpeKXVM=
-19,-7,MEj4SBCkBDEcDM5qB89vU06mLH4=,Jp0jsIYpqNTRxDYBHjkdHpeKXVM=
-20,-4,MEj4SBCkBDEcDM5qB89vU06mLH4=,ZGKdYprWPePczKcVfT448q2z+sw=
-21,-5,MEj4SBCkBDEcDM5qB89vU06mLH4=,8G4Yd9CFchasaKPLsZMV/gQp464=
-20,-2,MEj4SBCkBDEcDM5qB89vU06mLH4=,ZGKdYprWPePczKcVfT448q2z+sw=
-19,-2,MEj4SBCkBDEcDM5qB89vU06mLH4=,ZGKdYprWPePczKcVfT448q2z+sw=
-18,-3,MEj4SBCkBDEcDM5qB89vU06mLH4=,ZGKdYprWPePczKcVfT448q2z+sw=
-20,-5,MEj4SBCkBDEcDM5qB89vU06mLH4=,Jp0jsIYpqNTRxDYBHjkdHpeKXVM=
-18,-5,MEj4SBCkBDEcDM5qB89vU06mLH4=,Jp0jsIYpqNTRxDYBHjkdHpeKXVM=
-22,-8,MEj4SBCkBDEcDM5qB89vU06mLH4=,8G4Yd9CFchasaKPLsZMV/gQp464=
-23,-8,MEj4SBCkBDEcDM5qB89vU06mLH4=,8G4Yd9CFchasaKPLsZMV/gQp464=
-24,-8,MEj4SBCkBDEcDM5qB89vU06mLH4=,8G4Yd9CFchasaKPLsZMV/gQp464=
-23,-10,MEj4SBCkBDEcDM5qB89vU06mLH4=,tjHvJJO1PvjYtHuCOAOrhUnKqMs=
-18,-4,MEj4SBCkBDEcDM5qB89vU06mLH4=,ZGKdYprWPePczKcVfT448q2z+sw=
-22,-10,MEj4SBCkBDEcDM5qB89vU06mLH4=,tjHvJJO1PvjYtHuCOAOrhUnKqMs=
-21,-4,MEj4SBCkBDEcDM5qB89vU06mLH4=,ZCfyr6gE+YmbjQTNhHzboZ5HJuw=
-24,-10,MEj4SBCkBDEcDM5qB89vU06mLH4=,tjHvJJO1PvjYtHuCOAOrhUnKqMs=
-19,-4,MEj4SBCkBDEcDM5qB89vU06mLH4=,ZGKdYprWPePczKcVfT448q2z+sw=
-25,-9,MEj4SBCkBDEcDM5qB89vU06mLH4=,qDhXwhE2/AnTTL/r0edWVcu3B5Y=
-25,-8,MEj4SBCkBDEcDM5qB89vU06mLH4=,zprfRjfPP7NWMytCUAOpWM0iL5M=
-22,-11,MEj4SBCkBDEcDM5qB89vU06mLH4=,tjHvJJO1PvjYtHuCOAOrhUnKqMs=
-23,-11,MEj4SBCkBDEcDM5qB89vU06mLH4=,tjHvJJO1PvjYtHuCOAOrhUnKqMs=
-21,-3,MEj4SBCkBDEcDM5qB89vU06mLH4=,ZCfyr6gE+YmbjQTNhHzboZ5HJuw=
-23,-9,MEj4SBCkBDEcDM5qB89vU06mLH4=,tjHvJJO1PvjYtHuCOAOrhUnKqMs=
-25,-10,MEj4SBCkBDEcDM5qB89vU06mLH4=,qDhXwhE2/AnTTL/r0edWVcu3B5Y=
-22,-9,MEj4SBCkBDEcDM5qB89vU06mLH4=,tjHvJJO1PvjYtHuCOAOrhUnKqMs=
-19,-5,MEj4SBCkBDEcDM5qB89vU06mLH4=,Jp0jsIYpqNTRxDYBHjkdHpeKXVM=
-24,-11,MEj4SBCkBDEcDM5qB89vU06mLH4=,tjHvJJO1PvjYtHuCOAOrhUnKqMs=
-24,-9,MEj4SBCkBDEcDM5qB89vU06mLH4=,tjHvJJO1PvjYtHuCOAOrhUnKqMs=
-21,-2,MEj4SBCkBDEcDM5qB89vU06mLH4=,ZCfyr6gE+YmbjQTNhHzboZ5HJuw=
-18,-2,MEj4SBCkBDEcDM5qB89vU06mLH4=,ZGKdYprWPePczKcVfT448q2z+sw=
-20,-3,MEj4SBCkBDEcDM5qB89vU06mLH4=,ZGKdYprWPePczKcVfT448q2z+sw=
-19,-3,MEj4SBCkBDEcDM5qB89vU06mLH4=,ZGKdYprWPePczKcVfT448q2z+sw=
-25,-11,MEj4SBCkBDEcDM5qB89vU06mLH4=,qDhXwhE2/AnTTL/r0edWVcu3B5Y=
-21,-11,MEj4SBCkBDEcDM5qB89vU06mLH4=,tjHvJJO1PvjYtHuCOAOrhUnKqMs=
-18,-11,MEj4SBCkBDEcDM5qB89vU06mLH4=,SZew1+ua31jQpRKoiP00Ce13IZs=
-19,-11,MEj4SBCkBDEcDM5qB89vU06mLH4=,SZew1+ua31jQpRKoiP00Ce13IZs=
-20,-8,MEj4SBCkBDEcDM5qB89vU06mLH4=,Jp0jsIYpqNTRxDYBHjkdHpeKXVM=
-21,-9,MEj4SBCkBDEcDM5qB89vU06mLH4=,tjHvJJO1PvjYtHuCOAOrhUnKqMs=
-18,-10,MEj4SBCkBDEcDM5qB89vU06mLH4=,SZew1+ua31jQpRKoiP00Ce13IZs=
-19,-8,MEj4SBCkBDEcDM5qB89vU06mLH4=,Jp0jsIYpqNTRxDYBHjkdHpeKXVM=
-18,-8,MEj4SBCkBDEcDM5qB89vU06mLH4=,Jp0jsIYpqNTRxDYBHjkdHpeKXVM=
-18,-9,MEj4SBCkBDEcDM5qB89vU06mLH4=,SZew1+ua31jQpRKoiP00Ce13IZs=
-19,-10,MEj4SBCkBDEcDM5qB89vU06mLH4=,SZew1+ua31jQpRKoiP00Ce13IZs=
-20,-11,MEj4SBCkBDEcDM5qB89vU06mLH4=,SZew1+ua31jQpRKoiP00Ce13IZs=
-21,-10,MEj4SBCkBDEcDM5qB89vU06mLH4=,tjHvJJO1PvjYtHuCOAOrhUnKqMs=
-20,-9,MEj4SBCkBDEcDM5qB89vU06mLH4=,SZew1+ua31jQpRKoiP00Ce13IZs=
-19,-9,MEj4SBCkBDEcDM5qB89vU06mLH4=,SZew1+ua31jQpRKoiP00Ce13IZs=
-24,-15,MEj4SBCkBDEcDM5qB89vU06mLH4=,tjHvJJO1PvjYtHuCOAOrhUnKqMs=
-21,-8,MEj4SBCkBDEcDM5qB89vU06mLH4=,8G4Yd9CFchasaKPLsZMV/gQp464=
-23,-15,MEj4SBCkBDEcDM5qB89vU06mLH4=,tjHvJJO1PvjYtHuCOAOrhUnKqMs=
-25,-13,MEj4SBCkBDEcDM5qB89vU06mLH4=,VdagELAo4Bs6jm5YFd+EpDUxRkQ=
-22,-14,MEj4SBCkBDEcDM5qB89vU06mLH4=,tjHvJJO1PvjYtHuCOAOrhUnKqMs=
-22,-15,MEj4SBCkBDEcDM5qB89vU06mLH4=,tjHvJJO1PvjYtHuCOAOrhUnKqMs=
-23,-14,MEj4SBCkBDEcDM5qB89vU06mLH4=,tjHvJJO1PvjYtHuCOAOrhUnKqMs=
-25,-12,MEj4SBCkBDEcDM5qB89vU06mLH4=,qDhXwhE2/AnTTL/r0edWVcu3B5Y=
-25,-14,MEj4SBCkBDEcDM5qB89vU06mLH4=,VdagELAo4Bs6jm5YFd+EpDUxRkQ=
-22,-12,MEj4SBCkBDEcDM5qB89vU06mLH4=,tjHvJJO1PvjYtHuCOAOrhUnKqMs=
-20,-10,MEj4SBCkBDEcDM5qB89vU06mLH4=,SZew1+ua31jQpRKoiP00Ce13IZs=
-24,-14,MEj4SBCkBDEcDM5qB89vU06mLH4=,tjHvJJO1PvjYtHuCOAOrhUnKqMs=
-23,-12,MEj4SBCkBDEcDM5qB89vU06mLH4=,tjHvJJO1PvjYtHuCOAOrhUnKqMs=
-22,-13,MEj4SBCkBDEcDM5qB89vU06mLH4=,tjHvJJO1PvjYtHuCOAOrhUnKqMs=
-24,-12,MEj4SBCkBDEcDM5qB89vU06mLH4=,tjHvJJO1PvjYtHuCOAOrhUnKqMs=
-24,-13,MEj4SBCkBDEcDM5qB89vU06mLH4=,tjHvJJO1PvjYtHuCOAOrhUnKqMs=
-25,-15,MEj4SBCkBDEcDM5qB89vU06mLH4=,VdagELAo4Bs6jm5YFd+EpDUxRkQ=
-23,-13,MEj4SBCkBDEcDM5qB89vU06mLH4=,tjHvJJO1PvjYtHuCOAOrhUnKqMs=
-21,-15,MEj4SBCkBDEcDM5qB89vU06mLH4=,tjHvJJO1PvjYtHuCOAOrhUnKqMs=
-18,-12,MEj4SBCkBDEcDM5qB89vU06mLH4=,SZew1+ua31jQpRKoiP00Ce13IZs=
-21,-14,MEj4SBCkBDEcDM5qB89vU06mLH4=,tjHvJJO1PvjYtHuCOAOrhUnKqMs=
-19,-12,MEj4SBCkBDEcDM5qB89vU06mLH4=,SZew1+ua31jQpRKoiP00Ce13IZs=
-21,-13,MEj4SBCkBDEcDM5qB89vU06mLH4=,tjHvJJO1PvjYtHuCOAOrhUnKqMs=
-20,-12,MEj4SBCkBDEcDM5qB89vU06mLH4=,SZew1+ua31jQpRKoiP00Ce13IZs=
-21,-12,MEj4SBCkBDEcDM5qB89vU06mLH4=,tjHvJJO1PvjYtHuCOAOrhUnKqMs=
-23,-1,MEj4SBCkBDEcDM5qB89vU06mLH4=,ZCfyr6gE+YmbjQTNhHzboZ5HJuw=
-22,-1,MEj4SBCkBDEcDM5qB89vU06mLH4=,ZCfyr6gE+YmbjQTNhHzboZ5HJuw=
-20,-1,MEj4SBCkBDEcDM5qB89vU06mLH4=,ZGKdYprWPePczKcVfT448q2z+sw=
-19,-1,MEj4SBCkBDEcDM5qB89vU06mLH4=,ZGKdYprWPePczKcVfT448q2z+sw=
-32,-7,MEj4SBCkBDEcDM5qB89vU06mLH4=,FbaJq1iui1SCLifaUDfpzpwz3vM=
-21,-1,MEj4SBCkBDEcDM5qB89vU06mLH4=,ZCfyr6gE+YmbjQTNhHzboZ5HJuw=
-18,-1,MEj4SBCkBDEcDM5qB89vU06mLH4=,ZGKdYprWPePczKcVfT448q2z+sw=
-32,-6,MEj4SBCkBDEcDM5qB89vU06mLH4=,FbaJq1iui1SCLifaUDfpzpwz3vM=
-32,-9,MEj4SBCkBDEcDM5qB89vU06mLH4=,ZS3Gswu/7tI8WuzzHds9ypRahds=
-32,-11,MEj4SBCkBDEcDM5qB89vU06mLH4=,ZS3Gswu/7tI8WuzzHds9ypRahds=
-32,-8,MEj4SBCkBDEcDM5qB89vU06mLH4=,FbaJq1iui1SCLifaUDfpzpwz3vM=
-32,-15,MEj4SBCkBDEcDM5qB89vU06mLH4=,SZew1+ua31jQpRKoiP00Ce13IZs=
-32,-14,MEj4SBCkBDEcDM5qB89vU06mLH4=,SZew1+ua31jQpRKoiP00Ce13IZs=
-32,-10,MEj4SBCkBDEcDM5qB89vU06mLH4=,ZS3Gswu/7tI8WuzzHds9ypRahds=
-32,-12,MEj4SBCkBDEcDM5qB89vU06mLH4=,ZS3Gswu/7tI8WuzzHds9ypRahds=
-31,-16,MEj4SBCkBDEcDM5qB89vU06mLH4=,SZew1+ua31jQpRKoiP00Ce13IZs=
-32,-13,MEj4SBCkBDEcDM5qB89vU06mLH4=,SZew1+ua31jQpRKoiP00Ce13IZs=
-30,-16,MEj4SBCkBDEcDM5qB89vU06mLH4=,SZew1+ua31jQpRKoiP00Ce13IZs=
-22,-16,MEj4SBCkBDEcDM5qB89vU06mLH4=,tjHvJJO1PvjYtHuCOAOrhUnKqMs=
-23,-16,MEj4SBCkBDEcDM5qB89vU06mLH4=,tjHvJJO1PvjYtHuCOAOrhUnKqMs=
-17,-7,MEj4SBCkBDEcDM5qB89vU06mLH4=,Jp0jsIYpqNTRxDYBHjkdHpeKXVM=
-17,-6,MEj4SBCkBDEcDM5qB89vU06mLH4=,Jp0jsIYpqNTRxDYBHjkdHpeKXVM=
-17,-3,MEj4SBCkBDEcDM5qB89vU06mLH4=,ZGKdYprWPePczKcVfT448q2z+sw=
-17,-5,MEj4SBCkBDEcDM5qB89vU06mLH4=,Jp0jsIYpqNTRxDYBHjkdHpeKXVM=
-17,-2,MEj4SBCkBDEcDM5qB89vU06mLH4=,ZGKdYprWPePczKcVfT448q2z+sw=
-17,-4,MEj4SBCkBDEcDM5qB89vU06mLH4=,ZGKdYprWPePczKcVfT448q2z+sw=
-24,-5,MEj4SBCkBDEcDM5qB89vU06mLH4=,8G4Yd9CFchasaKPLsZMV/gQp464=
-27,-4,MEj4SBCkBDEcDM5qB89vU06mLH4=,iCiszxI0vK0s8QS8ngV7R8w65Jk=
-25,-1,MEj4SBCkBDEcDM5qB89vU06mLH4=,iCiszxI0vK0s8QS8ngV7R8w65Jk=
-26,-1,MEj4SBCkBDEcDM5qB89vU06mLH4=,iCiszxI0vK0s8QS8ngV7R8w65Jk=
-26,-4,MEj4SBCkBDEcDM5qB89vU06mLH4=,iCiszxI0vK0s8QS8ngV7R8w65Jk=
-27,-1,MEj4SBCkBDEcDM5qB89vU06mLH4=,iCiszxI0vK0s8QS8ngV7R8w65Jk=
-26,-2,MEj4SBCkBDEcDM5qB89vU06mLH4=,iCiszxI0vK0s8QS8ngV7R8w65Jk=
-24,-1,MEj4SBCkBDEcDM5qB89vU06mLH4=,ZCfyr6gE+YmbjQTNhHzboZ5HJuw=
-25,-2,MEj4SBCkBDEcDM5qB89vU06mLH4=,iCiszxI0vK0s8QS8ngV7R8w65Jk=
-24,-2,MEj4SBCkBDEcDM5qB89vU06mLH4=,ZCfyr6gE+YmbjQTNhHzboZ5HJuw=
-24,-4,MEj4SBCkBDEcDM5qB89vU06mLH4=,ZCfyr6gE+YmbjQTNhHzboZ5HJuw=
-25,-3,MEj4SBCkBDEcDM5qB89vU06mLH4=,iCiszxI0vK0s8QS8ngV7R8w65Jk=
-25,-5,MEj4SBCkBDEcDM5qB89vU06mLH4=,zprfRjfPP7NWMytCUAOpWM0iL5M=
-26,-5,MEj4SBCkBDEcDM5qB89vU06mLH4=,zprfRjfPP7NWMytCUAOpWM0iL5M=
-27,-2,MEj4SBCkBDEcDM5qB89vU06mLH4=,iCiszxI0vK0s8QS8ngV7R8w65Jk=
-17,-1,MEj4SBCkBDEcDM5qB89vU06mLH4=,ZGKdYprWPePczKcVfT448q2z+sw=
-26,-3,MEj4SBCkBDEcDM5qB89vU06mLH4=,iCiszxI0vK0s8QS8ngV7R8w65Jk=
-24,-3,MEj4SBCkBDEcDM5qB89vU06mLH4=,ZCfyr6gE+YmbjQTNhHzboZ5HJuw=
-25,-4,MEj4SBCkBDEcDM5qB89vU06mLH4=,iCiszxI0vK0s8QS8ngV7R8w65Jk=
-27,-5,MEj4SBCkBDEcDM5qB89vU06mLH4=,zprfRjfPP7NWMytCUAOpWM0iL5M=
-27,-3,MEj4SBCkBDEcDM5qB89vU06mLH4=,iCiszxI0vK0s8QS8ngV7R8w65Jk=
-24,-16,MEj4SBCkBDEcDM5qB89vU06mLH4=,tjHvJJO1PvjYtHuCOAOrhUnKqMs=
-26,-16,MEj4SBCkBDEcDM5qB89vU06mLH4=,VdagELAo4Bs6jm5YFd+EpDUxRkQ=
-25,-16,MEj4SBCkBDEcDM5qB89vU06mLH4=,VdagELAo4Bs6jm5YFd+EpDUxRkQ=
-27,-16,MEj4SBCkBDEcDM5qB89vU06mLH4=,VdagELAo4Bs6jm5YFd+EpDUxRkQ=
-29,-16,MEj4SBCkBDEcDM5qB89vU06mLH4=,SZew1+ua31jQpRKoiP00Ce13IZs=
-28,-16,MEj4SBCkBDEcDM5qB89vU06mLH4=,VdagELAo4Bs6jm5YFd+EpDUxRkQ=
-32,-16,MEj4SBCkBDEcDM5qB89vU06mLH4=,SZew1+ua31jQpRKoiP00Ce13IZs=
-30,-2,MEj4SBCkBDEcDM5qB89vU06mLH4=,JILVC2VRL+MiF4NU3DUXu5Ln3Bo=
-31,-2,MEj4SBCkBDEcDM5qB89vU06mLH4=,JILVC2VRL+MiF4NU3DUXu5Ln3Bo=
-28,-1,MEj4SBCkBDEcDM5qB89vU06mLH4=,iCiszxI0vK0s8QS8ngV7R8w65Jk=
-32,-2,MEj4SBCkBDEcDM5qB89vU06mLH4=,JILVC2VRL+MiF4NU3DUXu5Ln3Bo=
-17,-12,MEj4SBCkBDEcDM5qB89vU06mLH4=,SZew1+ua31jQpRKoiP00Ce13IZs=
-30,-3,MEj4SBCkBDEcDM5qB89vU06mLH4=,JILVC2VRL+MiF4NU3DUXu5Ln3Bo=
-29,-3,MEj4SBCkBDEcDM5qB89vU06mLH4=,JILVC2VRL+MiF4NU3DUXu5Ln3Bo=
-28,-4,MEj4SBCkBDEcDM5qB89vU06mLH4=,iCiszxI0vK0s8QS8ngV7R8w65Jk=
-17,-11,MEj4SBCkBDEcDM5qB89vU06mLH4=,SZew1+ua31jQpRKoiP00Ce13IZs=
-29,-1,MEj4SBCkBDEcDM5qB89vU06mLH4=,JILVC2VRL+MiF4NU3DUXu5Ln3Bo=
-21,-16,MEj4SBCkBDEcDM5qB89vU06mLH4=,tjHvJJO1PvjYtHuCOAOrhUnKqMs=
-31,-3,MEj4SBCkBDEcDM5qB89vU06mLH4=,JILVC2VRL+MiF4NU3DUXu5Ln3Bo=
-17,-8,MEj4SBCkBDEcDM5qB89vU06mLH4=,Jp0jsIYpqNTRxDYBHjkdHpeKXVM=
-32,-5,MEj4SBCkBDEcDM5qB89vU06mLH4=,FbaJq1iui1SCLifaUDfpzpwz3vM=
-28,-2,MEj4SBCkBDEcDM5qB89vU06mLH4=,iCiszxI0vK0s8QS8ngV7R8w65Jk=
-30,-1,MEj4SBCkBDEcDM5qB89vU06mLH4=,JILVC2VRL+MiF4NU3DUXu5Ln3Bo=
-32,-3,MEj4SBCkBDEcDM5qB89vU06mLH4=,JILVC2VRL+MiF4NU3DUXu5Ln3Bo=
-17,-10,MEj4SBCkBDEcDM5qB89vU06mLH4=,SZew1+ua31jQpRKoiP00Ce13IZs=
-17,-9,MEj4SBCkBDEcDM5qB89vU06mLH4=,SZew1+ua31jQpRKoiP00Ce13IZs=
-29,-4,MEj4SBCkBDEcDM5qB89vU06mLH4=,JILVC2VRL+MiF4NU3DUXu5Ln3Bo=
-31,-1,MEj4SBCkBDEcDM5qB89vU06mLH4=,JILVC2VRL+MiF4NU3DUXu5Ln3Bo=
-29,-2,MEj4SBCkBDEcDM5qB89vU06mLH4=,JILVC2VRL+MiF4NU3DUXu5Ln3Bo=
-32,-1,MEj4SBCkBDEcDM5qB89vU06mLH4=,JILVC2VRL+MiF4NU3DUXu5Ln3Bo=
-31,-4,MEj4SBCkBDEcDM5qB89vU06mLH4=,JILVC2VRL+MiF4NU3DUXu5Ln3Bo=
-32,-4,MEj4SBCkBDEcDM5qB89vU06mLH4=,JILVC2VRL+MiF4NU3DUXu5Ln3Bo=
-28,-3,MEj4SBCkBDEcDM5qB89vU06mLH4=,iCiszxI0vK0s8QS8ngV7R8w65Jk=
-29,-5,MEj4SBCkBDEcDM5qB89vU06mLH4=,FbaJq1iui1SCLifaUDfpzpwz3vM=
-30,-4,MEj4SBCkBDEcDM5qB89vU06mLH4=,JILVC2VRL+MiF4NU3DUXu5Ln3Bo=
-28,-5,MEj4SBCkBDEcDM5qB89vU06mLH4=,zprfRjfPP7NWMytCUAOpWM0iL5M=
-31,-5,MEj4SBCkBDEcDM5qB89vU06mLH4=,FbaJq1iui1SCLifaUDfpzpwz3vM=
-30,-5,MEj4SBCkBDEcDM5qB89vU06mLH4=,FbaJq1iui1SCLifaUDfpzpwz3vM=
-27,-22,MEj4SBCkBDEcDM5qB89vU06mLH4=,Iy3S2UCli49lJaHoDu7Ax2i5u/k=
-26,-22,MEj4SBCkBDEcDM5qB89vU06mLH4=,Iy3S2UCli49lJaHoDu7Ax2i5u/k=
-27,-23,MEj4SBCkBDEcDM5qB89vU06mLH4=,Iy3S2UCli49lJaHoDu7Ax2i5u/k=
-26,-23,MEj4SBCkBDEcDM5qB89vU06mLH4=,Iy3S2UCli49lJaHoDu7Ax2i5u/k=
-27,-24,MEj4SBCkBDEcDM5qB89vU06mLH4=,Iy3S2UCli49lJaHoDu7Ax2i5u/k=
-26,-24,MEj4SBCkBDEcDM5qB89vU06mLH4=,Iy3S2UCli49lJaHoDu7Ax2i5u/k=
-32,-22,MEj4SBCkBDEcDM5qB89vU06mLH4=,vapCiofQrIUoiLDvxAAdMZVb9ik=
-32,-21,MEj4SBCkBDEcDM5qB89vU06mLH4=,vapCiofQrIUoiLDvxAAdMZVb9ik=
-32,-23,MEj4SBCkBDEcDM5qB89vU06mLH4=,vapCiofQrIUoiLDvxAAdMZVb9ik=
-32,-19,MEj4SBCkBDEcDM5qB89vU06mLH4=,jZ9xbgTDyHSsbQvtoZY7WQQdaPw=
-32,-20,MEj4SBCkBDEcDM5qB89vU06mLH4=,jZ9xbgTDyHSsbQvtoZY7WQQdaPw=
-31,-24,MEj4SBCkBDEcDM5qB89vU06mLH4=,vapCiofQrIUoiLDvxAAdMZVb9ik=
-31,-22,MEj4SBCkBDEcDM5qB89vU06mLH4=,vapCiofQrIUoiLDvxAAdMZVb9ik=
-25,-23,MEj4SBCkBDEcDM5qB89vU06mLH4=,Iy3S2UCli49lJaHoDu7Ax2i5u/k=
-25,-22,MEj4SBCkBDEcDM5qB89vU06mLH4=,Iy3S2UCli49lJaHoDu7Ax2i5u/k=
-28,-24,MEj4SBCkBDEcDM5qB89vU06mLH4=,Iy3S2UCli49lJaHoDu7Ax2i5u/k=
-31,-19,MEj4SBCkBDEcDM5qB89vU06mLH4=,jZ9xbgTDyHSsbQvtoZY7WQQdaPw=
-30,-22,MEj4SBCkBDEcDM5qB89vU06mLH4=,vapCiofQrIUoiLDvxAAdMZVb9ik=
-29,-23,MEj4SBCkBDEcDM5qB89vU06mLH4=,vapCiofQrIUoiLDvxAAdMZVb9ik=
-30,-24,MEj4SBCkBDEcDM5qB89vU06mLH4=,vapCiofQrIUoiLDvxAAdMZVb9ik=
-29,-22,MEj4SBCkBDEcDM5qB89vU06mLH4=,vapCiofQrIUoiLDvxAAdMZVb9ik=
-28,-22,MEj4SBCkBDEcDM5qB89vU06mLH4=,Iy3S2UCli49lJaHoDu7Ax2i5u/k=
-30,-20,MEj4SBCkBDEcDM5qB89vU06mLH4=,jZ9xbgTDyHSsbQvtoZY7WQQdaPw=
-28,-23,MEj4SBCkBDEcDM5qB89vU06mLH4=,Iy3S2UCli49lJaHoDu7Ax2i5u/k=
-30,-23,MEj4SBCkBDEcDM5qB89vU06mLH4=,vapCiofQrIUoiLDvxAAdMZVb9ik=
-31,-23,MEj4SBCkBDEcDM5qB89vU06mLH4=,vapCiofQrIUoiLDvxAAdMZVb9ik=
-29,-24,MEj4SBCkBDEcDM5qB89vU06mLH4=,vapCiofQrIUoiLDvxAAdMZVb9ik=
-32,-18,MEj4SBCkBDEcDM5qB89vU06mLH4=,jZ9xbgTDyHSsbQvtoZY7WQQdaPw=
-31,-21,MEj4SBCkBDEcDM5qB89vU06mLH4=,vapCiofQrIUoiLDvxAAdMZVb9ik=
-31,-20,MEj4SBCkBDEcDM5qB89vU06mLH4=,jZ9xbgTDyHSsbQvtoZY7WQQdaPw=
-31,-17,MEj4SBCkBDEcDM5qB89vU06mLH4=,jZ9xbgTDyHSsbQvtoZY7WQQdaPw=
-30,-21,MEj4SBCkBDEcDM5qB89vU06mLH4=,vapCiofQrIUoiLDvxAAdMZVb9ik=
-30,-19,MEj4SBCkBDEcDM5qB89vU06mLH4=,jZ9xbgTDyHSsbQvtoZY7WQQdaPw=
-31,-18,MEj4SBCkBDEcDM5qB89vU06mLH4=,jZ9xbgTDyHSsbQvtoZY7WQQdaPw=
-30,-17,MEj4SBCkBDEcDM5qB89vU06mLH4=,jZ9xbgTDyHSsbQvtoZY7WQQdaPw=
-30,-18,MEj4SBCkBDEcDM5qB89vU06mLH4=,jZ9xbgTDyHSsbQvtoZY7WQQdaPw=
-25,-21,MEj4SBCkBDEcDM5qB89vU06mLH4=,Iy3S2UCli49lJaHoDu7Ax2i5u/k=
-26,-21,MEj4SBCkBDEcDM5qB89vU06mLH4=,Iy3S2UCli49lJaHoDu7Ax2i5u/k=
-25,-18,MEj4SBCkBDEcDM5qB89vU06mLH4=,LzKHoNE4GiPWLV/bgEztn5WzJ38=
-28,-18,MEj4SBCkBDEcDM5qB89vU06mLH4=,LzKHoNE4GiPWLV/bgEztn5WzJ38=
-28,-21,MEj4SBCkBDEcDM5qB89vU06mLH4=,Iy3S2UCli49lJaHoDu7Ax2i5u/k=
-26,-19,MEj4SBCkBDEcDM5qB89vU06mLH4=,LzKHoNE4GiPWLV/bgEztn5WzJ38=
-28,-17,MEj4SBCkBDEcDM5qB89vU06mLH4=,LzKHoNE4GiPWLV/bgEztn5WzJ38=
-29,-20,MEj4SBCkBDEcDM5qB89vU06mLH4=,jZ9xbgTDyHSsbQvtoZY7WQQdaPw=
-27,-19,MEj4SBCkBDEcDM5qB89vU06mLH4=,LzKHoNE4GiPWLV/bgEztn5WzJ38=
-28,-19,MEj4SBCkBDEcDM5qB89vU06mLH4=,LzKHoNE4GiPWLV/bgEztn5WzJ38=
-27,-20,MEj4SBCkBDEcDM5qB89vU06mLH4=,LzKHoNE4GiPWLV/bgEztn5WzJ38=
-28,-20,MEj4SBCkBDEcDM5qB89vU06mLH4=,LzKHoNE4GiPWLV/bgEztn5WzJ38=
-29,-21,MEj4SBCkBDEcDM5qB89vU06mLH4=,vapCiofQrIUoiLDvxAAdMZVb9ik=
-27,-17,MEj4SBCkBDEcDM5qB89vU06mLH4=,LzKHoNE4GiPWLV/bgEztn5WzJ38=
-26,-18,MEj4SBCkBDEcDM5qB89vU06mLH4=,LzKHoNE4GiPWLV/bgEztn5WzJ38=
-27,-21,MEj4SBCkBDEcDM5qB89vU06mLH4=,Iy3S2UCli49lJaHoDu7Ax2i5u/k=
-29,-17,MEj4SBCkBDEcDM5qB89vU06mLH4=,jZ9xbgTDyHSsbQvtoZY7WQQdaPw=
-26,-17,MEj4SBCkBDEcDM5qB89vU06mLH4=,LzKHoNE4GiPWLV/bgEztn5WzJ38=
-27,-18,MEj4SBCkBDEcDM5qB89vU06mLH4=,LzKHoNE4GiPWLV/bgEztn5WzJ38=
-26,-20,MEj4SBCkBDEcDM5qB89vU06mLH4=,LzKHoNE4GiPWLV/bgEztn5WzJ38=
-29,-19,MEj4SBCkBDEcDM5qB89vU06mLH4=,jZ9xbgTDyHSsbQvtoZY7WQQdaPw=
-25,-20,MEj4SBCkBDEcDM5qB89vU06mLH4=,LzKHoNE4GiPWLV/bgEztn5WzJ38=
-29,-18,MEj4SBCkBDEcDM5qB89vU06mLH4=,jZ9xbgTDyHSsbQvtoZY7WQQdaPw=
-25,-19,MEj4SBCkBDEcDM5qB89vU06mLH4=,LzKHoNE4GiPWLV/bgEztn5WzJ38=
-25,-17,MEj4SBCkBDEcDM5qB89vU06mLH4=,LzKHoNE4GiPWLV/bgEztn5WzJ38=
-32,-24,MEj4SBCkBDEcDM5qB89vU06mLH4=,vapCiofQrIUoiLDvxAAdMZVb9ik=
-32,-17,MEj4SBCkBDEcDM5qB89vU06mLH4=,jZ9xbgTDyHSsbQvtoZY7WQQdaPw=
-25,-24,MEj4SBCkBDEcDM5qB89vU06mLH4=,Iy3S2UCli49lJaHoDu7Ax2i5u/k=
