-20,36,rqmUrR83sIlmDxQlYpOIJ7X8PM0=,BUMNyYFCjFzVXQc8SIANW1awG6w=
-19,36,rqmUrR83sIlmDxQlYpOIJ7X8PM0=,BUMNyYFCjFzVXQc8SIANW1awG6w=
-22,36,rqmUrR83sIlmDxQlYpOIJ7X8PM0=,N+fN34mrixiAUDhnKuEAMZwWHC4=
-21,36,rqmUrR83sIlmDxQlYpOIJ7X8PM0=,N+fN34mrixiAUDhnKuEAMZwWHC4=
-22,37,rqmUrR83sIlmDxQlYpOIJ7X8PM0=,N+fN34mrixiAUDhnKuEAMZwWHC4=
-21,37,rqmUrR83sIlmDxQlYpOIJ7X8PM0=,N+fN34mrixiAUDhnKuEAMZwWHC4=
-22,35,rqmUrR83sIlmDxQlYpOIJ7X8PM0=,yYJwPmorCZXurRZ3sFAirUxgsso=
-20,37,rqmUrR83sIlmDxQlYpOIJ7X8PM0=,BUMNyYFCjFzVXQc8SIANW1awG6w=
-21,35,rqmUrR83sIlmDxQlYpOIJ7X8PM0=,yYJwPmorCZXurRZ3sFAirUxgsso=
-19,37,rqmUrR83sIlmDxQlYpOIJ7X8PM0=,BUMNyYFCjFzVXQc8SIANW1awG6w=
-20,34,rqmUrR83sIlmDxQlYpOIJ7X8PM0=,pU61clQQdbb55OHPuHIembxcHTE=
-19,34,rqmUrR83sIlmDxQlYpOIJ7X8PM0=,pU61clQQdbb55OHPuHIembxcHTE=
-22,34,rqmUrR83sIlmDxQlYpOIJ7X8PM0=,yYJwPmorCZXurRZ3sFAirUxgsso=
-21,34,rqmUrR83sIlmDxQlYpOIJ7X8PM0=,yYJwPmorCZXurRZ3sFAirUxgsso=
-20,35,rqmUrR83sIlmDxQlYpOIJ7X8PM0=,pU61clQQdbb55OHPuHIembxcHTE=
-19,35,rqmUrR83sIlmDxQlYpOIJ7X8PM0=,pU61clQQdbb55OHPuHIembxcHTE=
-19,41,rqmUrR83sIlmDxQlYpOIJ7X8PM0=,K0zdCbgpcsezbaTnEgu4mCtpX8c=
-20,40,rqmUrR83sIlmDxQlYpOIJ7X8PM0=,K0zdCbgpcsezbaTnEgu4mCtpX8c=
-22,39,rqmUrR83sIlmDxQlYpOIJ7X8PM0=,N+fN34mrixiAUDhnKuEAMZwWHC4=
-20,39,rqmUrR83sIlmDxQlYpOIJ7X8PM0=,BUMNyYFCjFzVXQc8SIANW1awG6w=
-19,38,rqmUrR83sIlmDxQlYpOIJ7X8PM0=,BUMNyYFCjFzVXQc8SIANW1awG6w=
-22,38,rqmUrR83sIlmDxQlYpOIJ7X8PM0=,N+fN34mrixiAUDhnKuEAMZwWHC4=
-21,39,rqmUrR83sIlmDxQlYpOIJ7X8PM0=,N+fN34mrixiAUDhnKuEAMZwWHC4=
-19,39,rqmUrR83sIlmDxQlYpOIJ7X8PM0=,BUMNyYFCjFzVXQc8SIANW1awG6w=
-21,41,rqmUrR83sIlmDxQlYpOIJ7X8PM0=,sNGNxi9qVaZtZmp9MfeydyrtYY4=
-19,40,rqmUrR83sIlmDxQlYpOIJ7X8PM0=,K0zdCbgpcsezbaTnEgu4mCtpX8c=
-21,38,rqmUrR83sIlmDxQlYpOIJ7X8PM0=,N+fN34mrixiAUDhnKuEAMZwWHC4=
-20,38,rqmUrR83sIlmDxQlYpOIJ7X8PM0=,BUMNyYFCjFzVXQc8SIANW1awG6w=
-20,41,s4uu6Ah5eIwd1Dv/wLVY3BJR+cY=,K0zdCbgpcsezbaTnEgu4mCtpX8c=
-22,40,s4uu6Ah5eIwd1Dv/wLVY3BJR+cY=,sNGNxi9qVaZtZmp9MfeydyrtYY4=
-21,40,s4uu6Ah5eIwd1Dv/wLVY3BJR+cY=,sNGNxi9qVaZtZmp9MfeydyrtYY4=
-22,41,s4uu6Ah5eIwd1Dv/wLVY3BJR+cY=,sNGNxi9qVaZtZmp9MfeydyrtYY4=
-19,43,s4uu6Ah5eIwd1Dv/wLVY3BJR+cY=,K0zdCbgpcsezbaTnEgu4mCtpX8c=
-19,42,s4uu6Ah5eIwd1Dv/wLVY3BJR+cY=,K0zdCbgpcsezbaTnEgu4mCtpX8c=
-19,45,s4uu6Ah5eIwd1Dv/wLVY3BJR+cY=,0BmnVlTEP9xgrv7tiLCQ1lC933w=
-20,44,s4uu6Ah5eIwd1Dv/wLVY3BJR+cY=,0BmnVlTEP9xgrv7tiLCQ1lC933w=
-19,44,s4uu6Ah5eIwd1Dv/wLVY3BJR+cY=,0BmnVlTEP9xgrv7tiLCQ1lC933w=
-22,42,s4uu6Ah5eIwd1Dv/wLVY3BJR+cY=,sNGNxi9qVaZtZmp9MfeydyrtYY4=
-22,43,s4uu6Ah5eIwd1Dv/wLVY3BJR+cY=,sNGNxi9qVaZtZmp9MfeydyrtYY4=
-20,43,s4uu6Ah5eIwd1Dv/wLVY3BJR+cY=,K0zdCbgpcsezbaTnEgu4mCtpX8c=
-21,42,s4uu6Ah5eIwd1Dv/wLVY3BJR+cY=,sNGNxi9qVaZtZmp9MfeydyrtYY4=
-21,43,s4uu6Ah5eIwd1Dv/wLVY3BJR+cY=,sNGNxi9qVaZtZmp9MfeydyrtYY4=
-22,45,s4uu6Ah5eIwd1Dv/wLVY3BJR+cY=,BZGgHAZgTEbncA/5e1lIZ8yuoAE=
-22,44,s4uu6Ah5eIwd1Dv/wLVY3BJR+cY=,BZGgHAZgTEbncA/5e1lIZ8yuoAE=
-20,45,s4uu6Ah5eIwd1Dv/wLVY3BJR+cY=,0BmnVlTEP9xgrv7tiLCQ1lC933w=
-21,45,s4uu6Ah5eIwd1Dv/wLVY3BJR+cY=,BZGgHAZgTEbncA/5e1lIZ8yuoAE=
-21,44,s4uu6Ah5eIwd1Dv/wLVY3BJR+cY=,BZGgHAZgTEbncA/5e1lIZ8yuoAE=
-20,42,s4uu6Ah5eIwd1Dv/wLVY3BJR+cY=,K0zdCbgpcsezbaTnEgu4mCtpX8c=
-24,44,3LoZeiCdO+hnxnCtW2GrlaCUbtg=,BZGgHAZgTEbncA/5e1lIZ8yuoAE=
-23,44,3LoZeiCdO+hnxnCtW2GrlaCUbtg=,BZGgHAZgTEbncA/5e1lIZ8yuoAE=
-26,44,3LoZeiCdO+hnxnCtW2GrlaCUbtg=,W7j8HOzW+1dU7I8yo3AmSRmjBK0=
-25,44,3LoZeiCdO+hnxnCtW2GrlaCUbtg=,W7j8HOzW+1dU7I8yo3AmSRmjBK0=
-26,45,3LoZeiCdO+hnxnCtW2GrlaCUbtg=,W7j8HOzW+1dU7I8yo3AmSRmjBK0=
-25,45,3LoZeiCdO+hnxnCtW2GrlaCUbtg=,W7j8HOzW+1dU7I8yo3AmSRmjBK0=
-24,45,3LoZeiCdO+hnxnCtW2GrlaCUbtg=,BZGgHAZgTEbncA/5e1lIZ8yuoAE=
-25,43,3LoZeiCdO+hnxnCtW2GrlaCUbtg=,3WNkfE7PLiKfxI3Px8LKNt/LaxI=
-23,45,3LoZeiCdO+hnxnCtW2GrlaCUbtg=,BZGgHAZgTEbncA/5e1lIZ8yuoAE=
-25,42,3LoZeiCdO+hnxnCtW2GrlaCUbtg=,3WNkfE7PLiKfxI3Px8LKNt/LaxI=
-26,43,3LoZeiCdO+hnxnCtW2GrlaCUbtg=,3WNkfE7PLiKfxI3Px8LKNt/LaxI=
-24,42,3LoZeiCdO+hnxnCtW2GrlaCUbtg=,sNGNxi9qVaZtZmp9MfeydyrtYY4=
-23,42,3LoZeiCdO+hnxnCtW2GrlaCUbtg=,sNGNxi9qVaZtZmp9MfeydyrtYY4=
-24,43,3LoZeiCdO+hnxnCtW2GrlaCUbtg=,sNGNxi9qVaZtZmp9MfeydyrtYY4=
-23,43,CXw9LB/d3+jCqsUSDLUMskSq8fw=,sNGNxi9qVaZtZmp9MfeydyrtYY4=
-26,42,CXw9LB/d3+jCqsUSDLUMskSq8fw=,3WNkfE7PLiKfxI3Px8LKNt/LaxI=
-29,43,CXw9LB/d3+jCqsUSDLUMskSq8fw=,aa/eiVNK4YdQSlIWTn+T4dS0X00=
-30,43,CXw9LB/d3+jCqsUSDLUMskSq8fw=,aa/eiVNK4YdQSlIWTn+T4dS0X00=
-28,42,CXw9LB/d3+jCqsUSDLUMskSq8fw=,3WNkfE7PLiKfxI3Px8LKNt/LaxI=
-29,42,CXw9LB/d3+jCqsUSDLUMskSq8fw=,aa/eiVNK4YdQSlIWTn+T4dS0X00=
-30,42,CXw9LB/d3+jCqsUSDLUMskSq8fw=,aa/eiVNK4YdQSlIWTn+T4dS0X00=
-30,44,CXw9LB/d3+jCqsUSDLUMskSq8fw=,aedjP3DS0TDRruwwVcq9Lntrxag=
-28,43,CXw9LB/d3+jCqsUSDLUMskSq8fw=,3WNkfE7PLiKfxI3Px8LKNt/LaxI=
-29,44,CXw9LB/d3+jCqsUSDLUMskSq8fw=,aedjP3DS0TDRruwwVcq9Lntrxag=
-30,45,CXw9LB/d3+jCqsUSDLUMskSq8fw=,aedjP3DS0TDRruwwVcq9Lntrxag=
-27,42,CXw9LB/d3+jCqsUSDLUMskSq8fw=,3WNkfE7PLiKfxI3Px8LKNt/LaxI=
-28,44,CXw9LB/d3+jCqsUSDLUMskSq8fw=,W7j8HOzW+1dU7I8yo3AmSRmjBK0=
-29,45,CXw9LB/d3+jCqsUSDLUMskSq8fw=,aedjP3DS0TDRruwwVcq9Lntrxag=
-27,45,CXw9LB/d3+jCqsUSDLUMskSq8fw=,W7j8HOzW+1dU7I8yo3AmSRmjBK0=
-28,45,CXw9LB/d3+jCqsUSDLUMskSq8fw=,W7j8HOzW+1dU7I8yo3AmSRmjBK0=
-27,43,CXw9LB/d3+jCqsUSDLUMskSq8fw=,3WNkfE7PLiKfxI3Px8LKNt/LaxI=
-27,44,CXw9LB/d3+jCqsUSDLUMskSq8fw=,W7j8HOzW+1dU7I8yo3AmSRmjBK0=
-24,40,CXw9LB/d3+jCqsUSDLUMskSq8fw=,sNGNxi9qVaZtZmp9MfeydyrtYY4=
-28,46,CXw9LB/d3+jCqsUSDLUMskSq8fw=,W7j8HOzW+1dU7I8yo3AmSRmjBK0=
-23,40,CXw9LB/d3+jCqsUSDLUMskSq8fw=,sNGNxi9qVaZtZmp9MfeydyrtYY4=
-29,41,CXw9LB/d3+jCqsUSDLUMskSq8fw=,aa/eiVNK4YdQSlIWTn+T4dS0X00=
-27,46,CXw9LB/d3+jCqsUSDLUMskSq8fw=,W7j8HOzW+1dU7I8yo3AmSRmjBK0=
-30,41,CXw9LB/d3+jCqsUSDLUMskSq8fw=,aa/eiVNK4YdQSlIWTn+T4dS0X00=
-24,36,CXw9LB/d3+jCqsUSDLUMskSq8fw=,N+fN34mrixiAUDhnKuEAMZwWHC4=
-29,39,CXw9LB/d3+jCqsUSDLUMskSq8fw=,29ITzYCUJSGRc1OOdIggEvkp7n0=
-23,39,CXw9LB/d3+jCqsUSDLUMskSq8fw=,N+fN34mrixiAUDhnKuEAMZwWHC4=
-23,35,CXw9LB/d3+jCqsUSDLUMskSq8fw=,yYJwPmorCZXurRZ3sFAirUxgsso=
-30,39,CXw9LB/d3+jCqsUSDLUMskSq8fw=,29ITzYCUJSGRc1OOdIggEvkp7n0=
-24,35,CXw9LB/d3+jCqsUSDLUMskSq8fw=,yYJwPmorCZXurRZ3sFAirUxgsso=
-24,46,CXw9LB/d3+jCqsUSDLUMskSq8fw=,BZGgHAZgTEbncA/5e1lIZ8yuoAE=
-24,39,CXw9LB/d3+jCqsUSDLUMskSq8fw=,N+fN34mrixiAUDhnKuEAMZwWHC4=
-25,36,CXw9LB/d3+jCqsUSDLUMskSq8fw=,eeCJ/GKq/67LuRTC1+xLwN/w0Tc=
-23,46,CXw9LB/d3+jCqsUSDLUMskSq8fw=,BZGgHAZgTEbncA/5e1lIZ8yuoAE=
-26,36,CXw9LB/d3+jCqsUSDLUMskSq8fw=,eeCJ/GKq/67LuRTC1+xLwN/w0Tc=
-23,36,CXw9LB/d3+jCqsUSDLUMskSq8fw=,N+fN34mrixiAUDhnKuEAMZwWHC4=
-29,47,CXw9LB/d3+jCqsUSDLUMskSq8fw=,aedjP3DS0TDRruwwVcq9Lntrxag=
-23,47,CXw9LB/d3+jCqsUSDLUMskSq8fw=,BZGgHAZgTEbncA/5e1lIZ8yuoAE=
-28,47,CXw9LB/d3+jCqsUSDLUMskSq8fw=,W7j8HOzW+1dU7I8yo3AmSRmjBK0=
-29,46,CXw9LB/d3+jCqsUSDLUMskSq8fw=,aedjP3DS0TDRruwwVcq9Lntrxag=
-20,46,CXw9LB/d3+jCqsUSDLUMskSq8fw=,0BmnVlTEP9xgrv7tiLCQ1lC933w=
-26,46,CXw9LB/d3+jCqsUSDLUMskSq8fw=,W7j8HOzW+1dU7I8yo3AmSRmjBK0=
-19,47,CXw9LB/d3+jCqsUSDLUMskSq8fw=,0BmnVlTEP9xgrv7tiLCQ1lC933w=
-28,37,CXw9LB/d3+jCqsUSDLUMskSq8fw=,eeCJ/GKq/67LuRTC1+xLwN/w0Tc=
-25,47,CXw9LB/d3+jCqsUSDLUMskSq8fw=,W7j8HOzW+1dU7I8yo3AmSRmjBK0=
-25,46,CXw9LB/d3+jCqsUSDLUMskSq8fw=,W7j8HOzW+1dU7I8yo3AmSRmjBK0=
-26,47,CXw9LB/d3+jCqsUSDLUMskSq8fw=,W7j8HOzW+1dU7I8yo3AmSRmjBK0=
-24,47,CXw9LB/d3+jCqsUSDLUMskSq8fw=,BZGgHAZgTEbncA/5e1lIZ8yuoAE=
-29,35,CXw9LB/d3+jCqsUSDLUMskSq8fw=,HvcVzXv8KQP4ls4eILZEvaqL4vo=
-30,35,CXw9LB/d3+jCqsUSDLUMskSq8fw=,HvcVzXv8KQP4ls4eILZEvaqL4vo=
-30,47,CXw9LB/d3+jCqsUSDLUMskSq8fw=,aedjP3DS0TDRruwwVcq9Lntrxag=
-20,47,CXw9LB/d3+jCqsUSDLUMskSq8fw=,0BmnVlTEP9xgrv7tiLCQ1lC933w=
-30,46,CXw9LB/d3+jCqsUSDLUMskSq8fw=,aedjP3DS0TDRruwwVcq9Lntrxag=
-27,37,CXw9LB/d3+jCqsUSDLUMskSq8fw=,eeCJ/GKq/67LuRTC1+xLwN/w0Tc=
-19,46,CXw9LB/d3+jCqsUSDLUMskSq8fw=,0BmnVlTEP9xgrv7tiLCQ1lC933w=
-21,47,CXw9LB/d3+jCqsUSDLUMskSq8fw=,BZGgHAZgTEbncA/5e1lIZ8yuoAE=
-27,47,CXw9LB/d3+jCqsUSDLUMskSq8fw=,W7j8HOzW+1dU7I8yo3AmSRmjBK0=
-28,40,CXw9LB/d3+jCqsUSDLUMskSq8fw=,3WNkfE7PLiKfxI3Px8LKNt/LaxI=
-21,46,CXw9LB/d3+jCqsUSDLUMskSq8fw=,BZGgHAZgTEbncA/5e1lIZ8yuoAE=
-22,46,CXw9LB/d3+jCqsUSDLUMskSq8fw=,BZGgHAZgTEbncA/5e1lIZ8yuoAE=
-25,39,CXw9LB/d3+jCqsUSDLUMskSq8fw=,eeCJ/GKq/67LuRTC1+xLwN/w0Tc=
-22,47,CXw9LB/d3+jCqsUSDLUMskSq8fw=,BZGgHAZgTEbncA/5e1lIZ8yuoAE=
-26,39,CXw9LB/d3+jCqsUSDLUMskSq8fw=,eeCJ/GKq/67LuRTC1+xLwN/w0Tc=
-27,40,CXw9LB/d3+jCqsUSDLUMskSq8fw=,3WNkfE7PLiKfxI3Px8LKNt/LaxI=
-30,34,CXw9LB/d3+jCqsUSDLUMskSq8fw=,HvcVzXv8KQP4ls4eILZEvaqL4vo=
-29,34,CXw9LB/d3+jCqsUSDLUMskSq8fw=,HvcVzXv8KQP4ls4eILZEvaqL4vo=
-30,38,CXw9LB/d3+jCqsUSDLUMskSq8fw=,29ITzYCUJSGRc1OOdIggEvkp7n0=
-29,38,CXw9LB/d3+jCqsUSDLUMskSq8fw=,29ITzYCUJSGRc1OOdIggEvkp7n0=
-24,41,CXw9LB/d3+jCqsUSDLUMskSq8fw=,sNGNxi9qVaZtZmp9MfeydyrtYY4=
-23,41,CXw9LB/d3+jCqsUSDLUMskSq8fw=,sNGNxi9qVaZtZmp9MfeydyrtYY4=
-24,37,CXw9LB/d3+jCqsUSDLUMskSq8fw=,N+fN34mrixiAUDhnKuEAMZwWHC4=
-26,37,CXw9LB/d3+jCqsUSDLUMskSq8fw=,eeCJ/GKq/67LuRTC1+xLwN/w0Tc=
-29,37,CXw9LB/d3+jCqsUSDLUMskSq8fw=,29ITzYCUJSGRc1OOdIggEvkp7n0=
-30,37,CXw9LB/d3+jCqsUSDLUMskSq8fw=,29ITzYCUJSGRc1OOdIggEvkp7n0=
-26,35,CXw9LB/d3+jCqsUSDLUMskSq8fw=,CSKH2h5aPMxw111k0d5IeYG+k5Y=
-25,35,CXw9LB/d3+jCqsUSDLUMskSq8fw=,CSKH2h5aPMxw111k0d5IeYG+k5Y=
-28,39,CXw9LB/d3+jCqsUSDLUMskSq8fw=,eeCJ/GKq/67LuRTC1+xLwN/w0Tc=
-23,34,CXw9LB/d3+jCqsUSDLUMskSq8fw=,yYJwPmorCZXurRZ3sFAirUxgsso=
-28,35,CXw9LB/d3+jCqsUSDLUMskSq8fw=,CSKH2h5aPMxw111k0d5IeYG+k5Y=
-29,36,CXw9LB/d3+jCqsUSDLUMskSq8fw=,29ITzYCUJSGRc1OOdIggEvkp7n0=
-30,36,CXw9LB/d3+jCqsUSDLUMskSq8fw=,29ITzYCUJSGRc1OOdIggEvkp7n0=
-24,34,CXw9LB/d3+jCqsUSDLUMskSq8fw=,yYJwPmorCZXurRZ3sFAirUxgsso=
-25,37,CXw9LB/d3+jCqsUSDLUMskSq8fw=,eeCJ/GKq/67LuRTC1+xLwN/w0Tc=
-27,35,CXw9LB/d3+jCqsUSDLUMskSq8fw=,CSKH2h5aPMxw111k0d5IeYG+k5Y=
-27,38,CXw9LB/d3+jCqsUSDLUMskSq8fw=,eeCJ/GKq/67LuRTC1+xLwN/w0Tc=
-25,34,CXw9LB/d3+jCqsUSDLUMskSq8fw=,CSKH2h5aPMxw111k0d5IeYG+k5Y=
-26,34,CXw9LB/d3+jCqsUSDLUMskSq8fw=,CSKH2h5aPMxw111k0d5IeYG+k5Y=
-27,34,CXw9LB/d3+jCqsUSDLUMskSq8fw=,CSKH2h5aPMxw111k0d5IeYG+k5Y=
-28,34,CXw9LB/d3+jCqsUSDLUMskSq8fw=,CSKH2h5aPMxw111k0d5IeYG+k5Y=
-26,41,CXw9LB/d3+jCqsUSDLUMskSq8fw=,3WNkfE7PLiKfxI3Px8LKNt/LaxI=
-28,41,CXw9LB/d3+jCqsUSDLUMskSq8fw=,3WNkfE7PLiKfxI3Px8LKNt/LaxI=
-29,40,CXw9LB/d3+jCqsUSDLUMskSq8fw=,aa/eiVNK4YdQSlIWTn+T4dS0X00=
-30,40,CXw9LB/d3+jCqsUSDLUMskSq8fw=,aa/eiVNK4YdQSlIWTn+T4dS0X00=
-25,41,CXw9LB/d3+jCqsUSDLUMskSq8fw=,3WNkfE7PLiKfxI3Px8LKNt/LaxI=
-27,41,CXw9LB/d3+jCqsUSDLUMskSq8fw=,3WNkfE7PLiKfxI3Px8LKNt/LaxI=
-27,39,CXw9LB/d3+jCqsUSDLUMskSq8fw=,eeCJ/GKq/67LuRTC1+xLwN/w0Tc=
-23,38,CXw9LB/d3+jCqsUSDLUMskSq8fw=,N+fN34mrixiAUDhnKuEAMZwWHC4=
-26,38,CXw9LB/d3+jCqsUSDLUMskSq8fw=,eeCJ/GKq/67LuRTC1+xLwN/w0Tc=
-25,38,CXw9LB/d3+jCqsUSDLUMskSq8fw=,eeCJ/GKq/67LuRTC1+xLwN/w0Tc=
-24,38,CXw9LB/d3+jCqsUSDLUMskSq8fw=,N+fN34mrixiAUDhnKuEAMZwWHC4=
-27,36,CXw9LB/d3+jCqsUSDLUMskSq8fw=,eeCJ/GKq/67LuRTC1+xLwN/w0Tc=
-28,36,CXw9LB/d3+jCqsUSDLUMskSq8fw=,eeCJ/GKq/67LuRTC1+xLwN/w0Tc=
-28,38,CXw9LB/d3+jCqsUSDLUMskSq8fw=,eeCJ/GKq/67LuRTC1+xLwN/w0Tc=
-23,37,CXw9LB/d3+jCqsUSDLUMskSq8fw=,N+fN34mrixiAUDhnKuEAMZwWHC4=
-25,40,CXw9LB/d3+jCqsUSDLUMskSq8fw=,3WNkfE7PLiKfxI3Px8LKNt/LaxI=
-26,40,CXw9LB/d3+jCqsUSDLUMskSq8fw=,3WNkfE7PLiKfxI3Px8LKNt/LaxI=
-18,40,CXw9LB/d3+jCqsUSDLUMskSq8fw=,K0zdCbgpcsezbaTnEgu4mCtpX8c=
-18,41,4cHpxUFYGscwcGHs7u0wr6Bub8k=,K0zdCbgpcsezbaTnEgu4mCtpX8c=
-18,44,4cHpxUFYGscwcGHs7u0wr6Bub8k=,0BmnVlTEP9xgrv7tiLCQ1lC933w=
-17,40,4cHpxUFYGscwcGHs7u0wr6Bub8k=,K0zdCbgpcsezbaTnEgu4mCtpX8c=
-17,44,4cHpxUFYGscwcGHs7u0wr6Bub8k=,0BmnVlTEP9xgrv7tiLCQ1lC933w=
-17,41,4cHpxUFYGscwcGHs7u0wr6Bub8k=,K0zdCbgpcsezbaTnEgu4mCtpX8c=
-17,39,4cHpxUFYGscwcGHs7u0wr6Bub8k=,BUMNyYFCjFzVXQc8SIANW1awG6w=
-18,45,4cHpxUFYGscwcGHs7u0wr6Bub8k=,0BmnVlTEP9xgrv7tiLCQ1lC933w=
-17,38,4cHpxUFYGscwcGHs7u0wr6Bub8k=,BUMNyYFCjFzVXQc8SIANW1awG6w=
-18,38,4cHpxUFYGscwcGHs7u0wr6Bub8k=,BUMNyYFCjFzVXQc8SIANW1awG6w=
-18,39,4cHpxUFYGscwcGHs7u0wr6Bub8k=,BUMNyYFCjFzVXQc8SIANW1awG6w=
-17,47,4cHpxUFYGscwcGHs7u0wr6Bub8k=,0BmnVlTEP9xgrv7tiLCQ1lC933w=
-18,47,4cHpxUFYGscwcGHs7u0wr6Bub8k=,0BmnVlTEP9xgrv7tiLCQ1lC933w=
-17,45,4cHpxUFYGscwcGHs7u0wr6Bub8k=,0BmnVlTEP9xgrv7tiLCQ1lC933w=
-18,42,4cHpxUFYGscwcGHs7u0wr6Bub8k=,K0zdCbgpcsezbaTnEgu4mCtpX8c=
-17,42,4cHpxUFYGscwcGHs7u0wr6Bub8k=,K0zdCbgpcsezbaTnEgu4mCtpX8c=
-18,46,4cHpxUFYGscwcGHs7u0wr6Bub8k=,0BmnVlTEP9xgrv7tiLCQ1lC933w=
-18,43,4cHpxUFYGscwcGHs7u0wr6Bub8k=,K0zdCbgpcsezbaTnEgu4mCtpX8c=
-17,43,4cHpxUFYGscwcGHs7u0wr6Bub8k=,K0zdCbgpcsezbaTnEgu4mCtpX8c=
-17,46,4cHpxUFYGscwcGHs7u0wr6Bub8k=,0BmnVlTEP9xgrv7tiLCQ1lC933w=
-18,36,4cHpxUFYGscwcGHs7u0wr6Bub8k=,BUMNyYFCjFzVXQc8SIANW1awG6w=
-17,36,4cHpxUFYGscwcGHs7u0wr6Bub8k=,BUMNyYFCjFzVXQc8SIANW1awG6w=
-18,32,4cHpxUFYGscwcGHs7u0wr6Bub8k=,pU61clQQdbb55OHPuHIembxcHTE=
-18,37,4cHpxUFYGscwcGHs7u0wr6Bub8k=,BUMNyYFCjFzVXQc8SIANW1awG6w=
-17,32,4cHpxUFYGscwcGHs7u0wr6Bub8k=,pU61clQQdbb55OHPuHIembxcHTE=
-32,46,4cHpxUFYGscwcGHs7u0wr6Bub8k=,aedjP3DS0TDRruwwVcq9Lntrxag=
-18,35,4cHpxUFYGscwcGHs7u0wr6Bub8k=,pU61clQQdbb55OHPuHIembxcHTE=
-18,33,4cHpxUFYGscwcGHs7u0wr6Bub8k=,pU61clQQdbb55OHPuHIembxcHTE=
-18,34,4cHpxUFYGscwcGHs7u0wr6Bub8k=,pU61clQQdbb55OHPuHIembxcHTE=
-26,32,4cHpxUFYGscwcGHs7u0wr6Bub8k=,CSKH2h5aPMxw111k0d5IeYG+k5Y=
-25,32,4cHpxUFYGscwcGHs7u0wr6Bub8k=,CSKH2h5aPMxw111k0d5IeYG+k5Y=
-17,37,4cHpxUFYGscwcGHs7u0wr6Bub8k=,BUMNyYFCjFzVXQc8SIANW1awG6w=
-32,47,4cHpxUFYGscwcGHs7u0wr6Bub8k=,aedjP3DS0TDRruwwVcq9Lntrxag=
-22,33,4cHpxUFYGscwcGHs7u0wr6Bub8k=,yYJwPmorCZXurRZ3sFAirUxgsso=
-23,33,4cHpxUFYGscwcGHs7u0wr6Bub8k=,yYJwPmorCZXurRZ3sFAirUxgsso=
-25,33,4cHpxUFYGscwcGHs7u0wr6Bub8k=,CSKH2h5aPMxw111k0d5IeYG+k5Y=
-26,33,4cHpxUFYGscwcGHs7u0wr6Bub8k=,CSKH2h5aPMxw111k0d5IeYG+k5Y=
-24,33,4cHpxUFYGscwcGHs7u0wr6Bub8k=,yYJwPmorCZXurRZ3sFAirUxgsso=
-22,32,4cHpxUFYGscwcGHs7u0wr6Bub8k=,yYJwPmorCZXurRZ3sFAirUxgsso=
-23,32,4cHpxUFYGscwcGHs7u0wr6Bub8k=,yYJwPmorCZXurRZ3sFAirUxgsso=
-24,32,4cHpxUFYGscwcGHs7u0wr6Bub8k=,yYJwPmorCZXurRZ3sFAirUxgsso=
-17,35,4cHpxUFYGscwcGHs7u0wr6Bub8k=,pU61clQQdbb55OHPuHIembxcHTE=
-17,34,4cHpxUFYGscwcGHs7u0wr6Bub8k=,pU61clQQdbb55OHPuHIembxcHTE=
-17,33,4cHpxUFYGscwcGHs7u0wr6Bub8k=,pU61clQQdbb55OHPuHIembxcHTE=
-21,33,4cHpxUFYGscwcGHs7u0wr6Bub8k=,yYJwPmorCZXurRZ3sFAirUxgsso=
-31,47,4cHpxUFYGscwcGHs7u0wr6Bub8k=,aedjP3DS0TDRruwwVcq9Lntrxag=
-31,46,4cHpxUFYGscwcGHs7u0wr6Bub8k=,aedjP3DS0TDRruwwVcq9Lntrxag=
-20,32,4cHpxUFYGscwcGHs7u0wr6Bub8k=,pU61clQQdbb55OHPuHIembxcHTE=
-21,32,4cHpxUFYGscwcGHs7u0wr6Bub8k=,yYJwPmorCZXurRZ3sFAirUxgsso=
-20,33,4cHpxUFYGscwcGHs7u0wr6Bub8k=,pU61clQQdbb55OHPuHIembxcHTE=
-19,33,4cHpxUFYGscwcGHs7u0wr6Bub8k=,pU61clQQdbb55OHPuHIembxcHTE=
-19,32,4cHpxUFYGscwcGHs7u0wr6Bub8k=,pU61clQQdbb55OHPuHIembxcHTE=
-31,41,4cHpxUFYGscwcGHs7u0wr6Bub8k=,aa/eiVNK4YdQSlIWTn+T4dS0X00=
-32,38,4cHpxUFYGscwcGHs7u0wr6Bub8k=,29ITzYCUJSGRc1OOdIggEvkp7n0=
-31,38,4cHpxUFYGscwcGHs7u0wr6Bub8k=,29ITzYCUJSGRc1OOdIggEvkp7n0=
-28,32,4cHpxUFYGscwcGHs7u0wr6Bub8k=,CSKH2h5aPMxw111k0d5IeYG+k5Y=
-32,42,4cHpxUFYGscwcGHs7u0wr6Bub8k=,aa/eiVNK4YdQSlIWTn+T4dS0X00=
-31,42,4cHpxUFYGscwcGHs7u0wr6Bub8k=,aa/eiVNK4YdQSlIWTn+T4dS0X00=
-32,44,4cHpxUFYGscwcGHs7u0wr6Bub8k=,aedjP3DS0TDRruwwVcq9Lntrxag=
-28,33,4cHpxUFYGscwcGHs7u0wr6Bub8k=,CSKH2h5aPMxw111k0d5IeYG+k5Y=
-27,33,4cHpxUFYGscwcGHs7u0wr6Bub8k=,CSKH2h5aPMxw111k0d5IeYG+k5Y=
-27,32,4cHpxUFYGscwcGHs7u0wr6Bub8k=,CSKH2h5aPMxw111k0d5IeYG+k5Y=
-32,40,4cHpxUFYGscwcGHs7u0wr6Bub8k=,aa/eiVNK4YdQSlIWTn+T4dS0X00=
-30,32,4cHpxUFYGscwcGHs7u0wr6Bub8k=,HvcVzXv8KQP4ls4eILZEvaqL4vo=
-29,32,4cHpxUFYGscwcGHs7u0wr6Bub8k=,HvcVzXv8KQP4ls4eILZEvaqL4vo=
-31,44,4cHpxUFYGscwcGHs7u0wr6Bub8k=,aedjP3DS0TDRruwwVcq9Lntrxag=
-31,40,4cHpxUFYGscwcGHs7u0wr6Bub8k=,aa/eiVNK4YdQSlIWTn+T4dS0X00=
-30,33,4cHpxUFYGscwcGHs7u0wr6Bub8k=,HvcVzXv8KQP4ls4eILZEvaqL4vo=
-32,43,4cHpxUFYGscwcGHs7u0wr6Bub8k=,aa/eiVNK4YdQSlIWTn+T4dS0X00=
-29,33,4cHpxUFYGscwcGHs7u0wr6Bub8k=,HvcVzXv8KQP4ls4eILZEvaqL4vo=
-31,43,4cHpxUFYGscwcGHs7u0wr6Bub8k=,aa/eiVNK4YdQSlIWTn+T4dS0X00=
-32,45,4cHpxUFYGscwcGHs7u0wr6Bub8k=,aedjP3DS0TDRruwwVcq9Lntrxag=
-32,34,4cHpxUFYGscwcGHs7u0wr6Bub8k=,HvcVzXv8KQP4ls4eILZEvaqL4vo=
-31,34,4cHpxUFYGscwcGHs7u0wr6Bub8k=,HvcVzXv8KQP4ls4eILZEvaqL4vo=
-32,35,4cHpxUFYGscwcGHs7u0wr6Bub8k=,HvcVzXv8KQP4ls4eILZEvaqL4vo=
-32,36,4cHpxUFYGscwcGHs7u0wr6Bub8k=,29ITzYCUJSGRc1OOdIggEvkp7n0=
-31,35,4cHpxUFYGscwcGHs7u0wr6Bub8k=,HvcVzXv8KQP4ls4eILZEvaqL4vo=
-31,36,4cHpxUFYGscwcGHs7u0wr6Bub8k=,29ITzYCUJSGRc1OOdIggEvkp7n0=
-32,37,4cHpxUFYGscwcGHs7u0wr6Bub8k=,29ITzYCUJSGRc1OOdIggEvkp7n0=
-31,37,4cHpxUFYGscwcGHs7u0wr6Bub8k=,29ITzYCUJSGRc1OOdIggEvkp7n0=
-32,32,4cHpxUFYGscwcGHs7u0wr6Bub8k=,HvcVzXv8KQP4ls4eILZEvaqL4vo=
-32,41,4cHpxUFYGscwcGHs7u0wr6Bub8k=,aa/eiVNK4YdQSlIWTn+T4dS0X00=
-31,32,4cHpxUFYGscwcGHs7u0wr6Bub8k=,HvcVzXv8KQP4ls4eILZEvaqL4vo=
-32,33,4cHpxUFYGscwcGHs7u0wr6Bub8k=,HvcVzXv8KQP4ls4eILZEvaqL4vo=
-31,39,4cHpxUFYGscwcGHs7u0wr6Bub8k=,29ITzYCUJSGRc1OOdIggEvkp7n0=
-31,33,4cHpxUFYGscwcGHs7u0wr6Bub8k=,HvcVzXv8KQP4ls4eILZEvaqL4vo=
-32,39,4cHpxUFYGscwcGHs7u0wr6Bub8k=,29ITzYCUJSGRc1OOdIggEvkp7n0=
-31,45,4cHpxUFYGscwcGHs7u0wr6Bub8k=,aedjP3DS0TDRruwwVcq9Lntrxag=
-24,52,ewb3WXPz0mc0/pt57TYown/kI7w=,+B93A+Tn/pY+/pRz2yjcCAaYxyM=
-23,52,ewb3WXPz0mc0/pt57TYown/kI7w=,+B93A+Tn/pY+/pRz2yjcCAaYxyM=
-26,52,ewb3WXPz0mc0/pt57TYown/kI7w=,pl/+Ktnyo6Wrs7TYn43cK4RtqmA=
-25,52,ewb3WXPz0mc0/pt57TYown/kI7w=,pl/+Ktnyo6Wrs7TYn43cK4RtqmA=
-26,53,ewb3WXPz0mc0/pt57TYown/kI7w=,pl/+Ktnyo6Wrs7TYn43cK4RtqmA=
-25,53,ewb3WXPz0mc0/pt57TYown/kI7w=,pl/+Ktnyo6Wrs7TYn43cK4RtqmA=
-24,53,ewb3WXPz0mc0/pt57TYown/kI7w=,+B93A+Tn/pY+/pRz2yjcCAaYxyM=
-23,53,ewb3WXPz0mc0/pt57TYown/kI7w=,+B93A+Tn/pY+/pRz2yjcCAaYxyM=
-24,50,ewb3WXPz0mc0/pt57TYown/kI7w=,JvHvWQ34mMRfRaO1xM4uTkwpmqg=
-23,50,ewb3WXPz0mc0/pt57TYown/kI7w=,JvHvWQ34mMRfRaO1xM4uTkwpmqg=
-26,50,ewb3WXPz0mc0/pt57TYown/kI7w=,4g5wwoXBW3f0VKzqIX+PDO0/GEU=
-25,50,ewb3WXPz0mc0/pt57TYown/kI7w=,4g5wwoXBW3f0VKzqIX+PDO0/GEU=
-24,51,ewb3WXPz0mc0/pt57TYown/kI7w=,JvHvWQ34mMRfRaO1xM4uTkwpmqg=
-23,51,ewb3WXPz0mc0/pt57TYown/kI7w=,JvHvWQ34mMRfRaO1xM4uTkwpmqg=
-26,51,ewb3WXPz0mc0/pt57TYown/kI7w=,4g5wwoXBW3f0VKzqIX+PDO0/GEU=
-25,51,ewb3WXPz0mc0/pt57TYown/kI7w=,4g5wwoXBW3f0VKzqIX+PDO0/GEU=
-30,53,QR7kgoyYrGev95kJf/Od3NS9YHg=,OCSXn6Y2HX9Mz7fLfBzmjtm51Kw=
-29,53,QR7kgoyYrGev95kJf/Od3NS9YHg=,OCSXn6Y2HX9Mz7fLfBzmjtm51Kw=
-20,52,QR7kgoyYrGev95kJf/Od3NS9YHg=,tnMoFwX8waBSbBqvxoTke2E+kIw=
-28,50,QR7kgoyYrGev95kJf/Od3NS9YHg=,4g5wwoXBW3f0VKzqIX+PDO0/GEU=
-27,51,QR7kgoyYrGev95kJf/Od3NS9YHg=,4g5wwoXBW3f0VKzqIX+PDO0/GEU=
-28,51,QR7kgoyYrGev95kJf/Od3NS9YHg=,4g5wwoXBW3f0VKzqIX+PDO0/GEU=
-19,52,QR7kgoyYrGev95kJf/Od3NS9YHg=,tnMoFwX8waBSbBqvxoTke2E+kIw=
-22,52,QR7kgoyYrGev95kJf/Od3NS9YHg=,+B93A+Tn/pY+/pRz2yjcCAaYxyM=
-28,52,QR7kgoyYrGev95kJf/Od3NS9YHg=,pl/+Ktnyo6Wrs7TYn43cK4RtqmA=
-21,52,QR7kgoyYrGev95kJf/Od3NS9YHg=,+B93A+Tn/pY+/pRz2yjcCAaYxyM=
-27,52,QR7kgoyYrGev95kJf/Od3NS9YHg=,pl/+Ktnyo6Wrs7TYn43cK4RtqmA=
-27,50,QR7kgoyYrGev95kJf/Od3NS9YHg=,4g5wwoXBW3f0VKzqIX+PDO0/GEU=
-29,52,QR7kgoyYrGev95kJf/Od3NS9YHg=,OCSXn6Y2HX9Mz7fLfBzmjtm51Kw=
-20,53,QR7kgoyYrGev95kJf/Od3NS9YHg=,tnMoFwX8waBSbBqvxoTke2E+kIw=
-30,52,QR7kgoyYrGev95kJf/Od3NS9YHg=,OCSXn6Y2HX9Mz7fLfBzmjtm51Kw=
-30,51,QR7kgoyYrGev95kJf/Od3NS9YHg=,5BGVvnvQLyTkAMMix/DFI6q0yyA=
-19,53,QR7kgoyYrGev95kJf/Od3NS9YHg=,tnMoFwX8waBSbBqvxoTke2E+kIw=
-22,53,QR7kgoyYrGev95kJf/Od3NS9YHg=,+B93A+Tn/pY+/pRz2yjcCAaYxyM=
-21,53,QR7kgoyYrGev95kJf/Od3NS9YHg=,+B93A+Tn/pY+/pRz2yjcCAaYxyM=
-20,50,QR7kgoyYrGev95kJf/Od3NS9YHg=,TzVjDpXKmbgUVoJZON0BRoqkHFM=
-29,51,QR7kgoyYrGev95kJf/Od3NS9YHg=,5BGVvnvQLyTkAMMix/DFI6q0yyA=
-19,50,QR7kgoyYrGev95kJf/Od3NS9YHg=,TzVjDpXKmbgUVoJZON0BRoqkHFM=
-22,50,QR7kgoyYrGev95kJf/Od3NS9YHg=,JvHvWQ34mMRfRaO1xM4uTkwpmqg=
-21,50,QR7kgoyYrGev95kJf/Od3NS9YHg=,JvHvWQ34mMRfRaO1xM4uTkwpmqg=
-22,51,QR7kgoyYrGev95kJf/Od3NS9YHg=,JvHvWQ34mMRfRaO1xM4uTkwpmqg=
-28,53,QR7kgoyYrGev95kJf/Od3NS9YHg=,pl/+Ktnyo6Wrs7TYn43cK4RtqmA=
-21,51,QR7kgoyYrGev95kJf/Od3NS9YHg=,JvHvWQ34mMRfRaO1xM4uTkwpmqg=
-27,53,QR7kgoyYrGev95kJf/Od3NS9YHg=,pl/+Ktnyo6Wrs7TYn43cK4RtqmA=
-20,51,QR7kgoyYrGev95kJf/Od3NS9YHg=,TzVjDpXKmbgUVoJZON0BRoqkHFM=
-19,51,QR7kgoyYrGev95kJf/Od3NS9YHg=,TzVjDpXKmbgUVoJZON0BRoqkHFM=
-30,50,QR7kgoyYrGev95kJf/Od3NS9YHg=,5BGVvnvQLyTkAMMix/DFI6q0yyA=
-20,60,QR7kgoyYrGev95kJf/Od3NS9YHg=,pHzt/Ij9voRh7CCR+Mal4NNtxcg=
-21,59,QR7kgoyYrGev95kJf/Od3NS9YHg=,dryjz7nV7u+JX9SLpGra0Y4PhCA=
-22,59,QR7kgoyYrGev95kJf/Od3NS9YHg=,dryjz7nV7u+JX9SLpGra0Y4PhCA=
-22,57,QR7kgoyYrGev95kJf/Od3NS9YHg=,dryjz7nV7u+JX9SLpGra0Y4PhCA=
-21,57,QR7kgoyYrGev95kJf/Od3NS9YHg=,dryjz7nV7u+JX9SLpGra0Y4PhCA=
-21,55,QR7kgoyYrGev95kJf/Od3NS9YHg=,+B93A+Tn/pY+/pRz2yjcCAaYxyM=
-22,55,QR7kgoyYrGev95kJf/Od3NS9YHg=,+B93A+Tn/pY+/pRz2yjcCAaYxyM=
-22,58,QR7kgoyYrGev95kJf/Od3NS9YHg=,dryjz7nV7u+JX9SLpGra0Y4PhCA=
-21,54,QR7kgoyYrGev95kJf/Od3NS9YHg=,+B93A+Tn/pY+/pRz2yjcCAaYxyM=
-22,54,QR7kgoyYrGev95kJf/Od3NS9YHg=,+B93A+Tn/pY+/pRz2yjcCAaYxyM=
-21,58,QR7kgoyYrGev95kJf/Od3NS9YHg=,dryjz7nV7u+JX9SLpGra0Y4PhCA=
-21,56,QR7kgoyYrGev95kJf/Od3NS9YHg=,dryjz7nV7u+JX9SLpGra0Y4PhCA=
-22,56,QR7kgoyYrGev95kJf/Od3NS9YHg=,dryjz7nV7u+JX9SLpGra0Y4PhCA=
-29,50,QR7kgoyYrGev95kJf/Od3NS9YHg=,5BGVvnvQLyTkAMMix/DFI6q0yyA=
-19,61,QR7kgoyYrGev95kJf/Od3NS9YHg=,pHzt/Ij9voRh7CCR+Mal4NNtxcg=
-20,61,QR7kgoyYrGev95kJf/Od3NS9YHg=,pHzt/Ij9voRh7CCR+Mal4NNtxcg=
-20,54,QR7kgoyYrGev95kJf/Od3NS9YHg=,tnMoFwX8waBSbBqvxoTke2E+kIw=
-19,60,QR7kgoyYrGev95kJf/Od3NS9YHg=,pHzt/Ij9voRh7CCR+Mal4NNtxcg=
-20,55,QR7kgoyYrGev95kJf/Od3NS9YHg=,tnMoFwX8waBSbBqvxoTke2E+kIw=
-19,56,QR7kgoyYrGev95kJf/Od3NS9YHg=,t4jR1J9wYq19F5qlVeBIJ7QNnR8=
-20,56,QR7kgoyYrGev95kJf/Od3NS9YHg=,t4jR1J9wYq19F5qlVeBIJ7QNnR8=
-19,54,QR7kgoyYrGev95kJf/Od3NS9YHg=,tnMoFwX8waBSbBqvxoTke2E+kIw=
-20,57,QR7kgoyYrGev95kJf/Od3NS9YHg=,t4jR1J9wYq19F5qlVeBIJ7QNnR8=
-19,57,QR7kgoyYrGev95kJf/Od3NS9YHg=,t4jR1J9wYq19F5qlVeBIJ7QNnR8=
-19,58,QR7kgoyYrGev95kJf/Od3NS9YHg=,t4jR1J9wYq19F5qlVeBIJ7QNnR8=
-20,59,QR7kgoyYrGev95kJf/Od3NS9YHg=,t4jR1J9wYq19F5qlVeBIJ7QNnR8=
-20,58,QR7kgoyYrGev95kJf/Od3NS9YHg=,t4jR1J9wYq19F5qlVeBIJ7QNnR8=
-19,55,QR7kgoyYrGev95kJf/Od3NS9YHg=,tnMoFwX8waBSbBqvxoTke2E+kIw=
-19,59,QR7kgoyYrGev95kJf/Od3NS9YHg=,t4jR1J9wYq19F5qlVeBIJ7QNnR8=
-18,60,crHBbDdUhnNWPHwTPI4GhElt7z4=,pHzt/Ij9voRh7CCR+Mal4NNtxcg=
-17,60,crHBbDdUhnNWPHwTPI4GhElt7z4=,pHzt/Ij9voRh7CCR+Mal4NNtxcg=
-18,61,crHBbDdUhnNWPHwTPI4GhElt7z4=,pHzt/Ij9voRh7CCR+Mal4NNtxcg=
-17,61,crHBbDdUhnNWPHwTPI4GhElt7z4=,pHzt/Ij9voRh7CCR+Mal4NNtxcg=
-18,58,crHBbDdUhnNWPHwTPI4GhElt7z4=,t4jR1J9wYq19F5qlVeBIJ7QNnR8=
-17,59,crHBbDdUhnNWPHwTPI4GhElt7z4=,t4jR1J9wYq19F5qlVeBIJ7QNnR8=
-18,59,crHBbDdUhnNWPHwTPI4GhElt7z4=,t4jR1J9wYq19F5qlVeBIJ7QNnR8=
-17,58,crHBbDdUhnNWPHwTPI4GhElt7z4=,t4jR1J9wYq19F5qlVeBIJ7QNnR8=
-18,56,crHBbDdUhnNWPHwTPI4GhElt7z4=,t4jR1J9wYq19F5qlVeBIJ7QNnR8=
-17,56,crHBbDdUhnNWPHwTPI4GhElt7z4=,t4jR1J9wYq19F5qlVeBIJ7QNnR8=
-18,57,crHBbDdUhnNWPHwTPI4GhElt7z4=,t4jR1J9wYq19F5qlVeBIJ7QNnR8=
-17,57,crHBbDdUhnNWPHwTPI4GhElt7z4=,t4jR1J9wYq19F5qlVeBIJ7QNnR8=
-18,55,crHBbDdUhnNWPHwTPI4GhElt7z4=,tnMoFwX8waBSbBqvxoTke2E+kIw=
-17,55,crHBbDdUhnNWPHwTPI4GhElt7z4=,tnMoFwX8waBSbBqvxoTke2E+kIw=
-17,54,crHBbDdUhnNWPHwTPI4GhElt7z4=,tnMoFwX8waBSbBqvxoTke2E+kIw=
-18,54,crHBbDdUhnNWPHwTPI4GhElt7z4=,tnMoFwX8waBSbBqvxoTke2E+kIw=
-24,56,crHBbDdUhnNWPHwTPI4GhElt7z4=,dryjz7nV7u+JX9SLpGra0Y4PhCA=
-23,56,crHBbDdUhnNWPHwTPI4GhElt7z4=,dryjz7nV7u+JX9SLpGra0Y4PhCA=
-26,54,crHBbDdUhnNWPHwTPI4GhElt7z4=,pl/+Ktnyo6Wrs7TYn43cK4RtqmA=
-18,52,crHBbDdUhnNWPHwTPI4GhElt7z4=,tnMoFwX8waBSbBqvxoTke2E+kIw=
-25,54,crHBbDdUhnNWPHwTPI4GhElt7z4=,pl/+Ktnyo6Wrs7TYn43cK4RtqmA=
-24,54,crHBbDdUhnNWPHwTPI4GhElt7z4=,+B93A+Tn/pY+/pRz2yjcCAaYxyM=
-23,54,crHBbDdUhnNWPHwTPI4GhElt7z4=,+B93A+Tn/pY+/pRz2yjcCAaYxyM=
-24,57,crHBbDdUhnNWPHwTPI4GhElt7z4=,dryjz7nV7u+JX9SLpGra0Y4PhCA=
-24,55,crHBbDdUhnNWPHwTPI4GhElt7z4=,+B93A+Tn/pY+/pRz2yjcCAaYxyM=
-23,55,crHBbDdUhnNWPHwTPI4GhElt7z4=,+B93A+Tn/pY+/pRz2yjcCAaYxyM=
-23,57,crHBbDdUhnNWPHwTPI4GhElt7z4=,dryjz7nV7u+JX9SLpGra0Y4PhCA=
-25,55,crHBbDdUhnNWPHwTPI4GhElt7z4=,pl/+Ktnyo6Wrs7TYn43cK4RtqmA=
-26,55,crHBbDdUhnNWPHwTPI4GhElt7z4=,pl/+Ktnyo6Wrs7TYn43cK4RtqmA=
-17,52,crHBbDdUhnNWPHwTPI4GhElt7z4=,tnMoFwX8waBSbBqvxoTke2E+kIw=
-17,51,crHBbDdUhnNWPHwTPI4GhElt7z4=,TzVjDpXKmbgUVoJZON0BRoqkHFM=
-24,58,crHBbDdUhnNWPHwTPI4GhElt7z4=,dryjz7nV7u+JX9SLpGra0Y4PhCA=
-23,58,crHBbDdUhnNWPHwTPI4GhElt7z4=,dryjz7nV7u+JX9SLpGra0Y4PhCA=
-24,59,crHBbDdUhnNWPHwTPI4GhElt7z4=,dryjz7nV7u+JX9SLpGra0Y4PhCA=
-23,59,crHBbDdUhnNWPHwTPI4GhElt7z4=,dryjz7nV7u+JX9SLpGra0Y4PhCA=
-18,48,crHBbDdUhnNWPHwTPI4GhElt7z4=,TzVjDpXKmbgUVoJZON0BRoqkHFM=
-18,53,crHBbDdUhnNWPHwTPI4GhElt7z4=,tnMoFwX8waBSbBqvxoTke2E+kIw=
-18,51,crHBbDdUhnNWPHwTPI4GhElt7z4=,TzVjDpXKmbgUVoJZON0BRoqkHFM=
-17,53,crHBbDdUhnNWPHwTPI4GhElt7z4=,tnMoFwX8waBSbBqvxoTke2E+kIw=
-18,50,crHBbDdUhnNWPHwTPI4GhElt7z4=,TzVjDpXKmbgUVoJZON0BRoqkHFM=
-18,49,crHBbDdUhnNWPHwTPI4GhElt7z4=,TzVjDpXKmbgUVoJZON0BRoqkHFM=
-17,50,crHBbDdUhnNWPHwTPI4GhElt7z4=,TzVjDpXKmbgUVoJZON0BRoqkHFM=
-17,48,crHBbDdUhnNWPHwTPI4GhElt7z4=,TzVjDpXKmbgUVoJZON0BRoqkHFM=
-17,49,crHBbDdUhnNWPHwTPI4GhElt7z4=,TzVjDpXKmbgUVoJZON0BRoqkHFM=
-20,48,crHBbDdUhnNWPHwTPI4GhElt7z4=,TzVjDpXKmbgUVoJZON0BRoqkHFM=
-19,48,crHBbDdUhnNWPHwTPI4GhElt7z4=,TzVjDpXKmbgUVoJZON0BRoqkHFM=
-20,49,crHBbDdUhnNWPHwTPI4GhElt7z4=,TzVjDpXKmbgUVoJZON0BRoqkHFM=
-19,49,crHBbDdUhnNWPHwTPI4GhElt7z4=,TzVjDpXKmbgUVoJZON0BRoqkHFM=
-24,48,crHBbDdUhnNWPHwTPI4GhElt7z4=,JvHvWQ34mMRfRaO1xM4uTkwpmqg=
-30,54,crHBbDdUhnNWPHwTPI4GhElt7z4=,OCSXn6Y2HX9Mz7fLfBzmjtm51Kw=
-23,48,crHBbDdUhnNWPHwTPI4GhElt7z4=,JvHvWQ34mMRfRaO1xM4uTkwpmqg=
-29,54,crHBbDdUhnNWPHwTPI4GhElt7z4=,OCSXn6Y2HX9Mz7fLfBzmjtm51Kw=
-30,55,crHBbDdUhnNWPHwTPI4GhElt7z4=,OCSXn6Y2HX9Mz7fLfBzmjtm51Kw=
-29,55,crHBbDdUhnNWPHwTPI4GhElt7z4=,OCSXn6Y2HX9Mz7fLfBzmjtm51Kw=
-28,54,crHBbDdUhnNWPHwTPI4GhElt7z4=,pl/+Ktnyo6Wrs7TYn43cK4RtqmA=
-26,48,crHBbDdUhnNWPHwTPI4GhElt7z4=,4g5wwoXBW3f0VKzqIX+PDO0/GEU=
-27,54,crHBbDdUhnNWPHwTPI4GhElt7z4=,pl/+Ktnyo6Wrs7TYn43cK4RtqmA=
-30,56,crHBbDdUhnNWPHwTPI4GhElt7z4=,bZpSagMGXpUKzIWN6fXWQuAntGY=
-29,56,crHBbDdUhnNWPHwTPI4GhElt7z4=,bZpSagMGXpUKzIWN6fXWQuAntGY=
-28,55,crHBbDdUhnNWPHwTPI4GhElt7z4=,pl/+Ktnyo6Wrs7TYn43cK4RtqmA=
-27,55,crHBbDdUhnNWPHwTPI4GhElt7z4=,pl/+Ktnyo6Wrs7TYn43cK4RtqmA=
-30,57,crHBbDdUhnNWPHwTPI4GhElt7z4=,bZpSagMGXpUKzIWN6fXWQuAntGY=
-29,57,crHBbDdUhnNWPHwTPI4GhElt7z4=,bZpSagMGXpUKzIWN6fXWQuAntGY=
-30,59,crHBbDdUhnNWPHwTPI4GhElt7z4=,bZpSagMGXpUKzIWN6fXWQuAntGY=
-29,59,crHBbDdUhnNWPHwTPI4GhElt7z4=,bZpSagMGXpUKzIWN6fXWQuAntGY=
-30,58,crHBbDdUhnNWPHwTPI4GhElt7z4=,bZpSagMGXpUKzIWN6fXWQuAntGY=
-29,58,crHBbDdUhnNWPHwTPI4GhElt7z4=,bZpSagMGXpUKzIWN6fXWQuAntGY=
-25,48,crHBbDdUhnNWPHwTPI4GhElt7z4=,4g5wwoXBW3f0VKzqIX+PDO0/GEU=
-32,54,crHBbDdUhnNWPHwTPI4GhElt7z4=,OCSXn6Y2HX9Mz7fLfBzmjtm51Kw=
-22,48,crHBbDdUhnNWPHwTPI4GhElt7z4=,JvHvWQ34mMRfRaO1xM4uTkwpmqg=
-31,54,crHBbDdUhnNWPHwTPI4GhElt7z4=,OCSXn6Y2HX9Mz7fLfBzmjtm51Kw=
-32,57,crHBbDdUhnNWPHwTPI4GhElt7z4=,bZpSagMGXpUKzIWN6fXWQuAntGY=
-31,57,crHBbDdUhnNWPHwTPI4GhElt7z4=,bZpSagMGXpUKzIWN6fXWQuAntGY=
-21,48,crHBbDdUhnNWPHwTPI4GhElt7z4=,JvHvWQ34mMRfRaO1xM4uTkwpmqg=
-32,55,crHBbDdUhnNWPHwTPI4GhElt7z4=,OCSXn6Y2HX9Mz7fLfBzmjtm51Kw=
-31,56,crHBbDdUhnNWPHwTPI4GhElt7z4=,bZpSagMGXpUKzIWN6fXWQuAntGY=
-31,55,crHBbDdUhnNWPHwTPI4GhElt7z4=,OCSXn6Y2HX9Mz7fLfBzmjtm51Kw=
-25,49,crHBbDdUhnNWPHwTPI4GhElt7z4=,4g5wwoXBW3f0VKzqIX+PDO0/GEU=
-32,56,crHBbDdUhnNWPHwTPI4GhElt7z4=,bZpSagMGXpUKzIWN6fXWQuAntGY=
-24,49,crHBbDdUhnNWPHwTPI4GhElt7z4=,JvHvWQ34mMRfRaO1xM4uTkwpmqg=
-23,49,crHBbDdUhnNWPHwTPI4GhElt7z4=,JvHvWQ34mMRfRaO1xM4uTkwpmqg=
-22,49,crHBbDdUhnNWPHwTPI4GhElt7z4=,JvHvWQ34mMRfRaO1xM4uTkwpmqg=
-21,49,crHBbDdUhnNWPHwTPI4GhElt7z4=,JvHvWQ34mMRfRaO1xM4uTkwpmqg=
-26,49,crHBbDdUhnNWPHwTPI4GhElt7z4=,4g5wwoXBW3f0VKzqIX+PDO0/GEU=
-18,62,crHBbDdUhnNWPHwTPI4GhElt7z4=,pHzt/Ij9voRh7CCR+Mal4NNtxcg=
-17,62,crHBbDdUhnNWPHwTPI4GhElt7z4=,pHzt/Ij9voRh7CCR+Mal4NNtxcg=
-18,63,crHBbDdUhnNWPHwTPI4GhElt7z4=,pHzt/Ij9voRh7CCR+Mal4NNtxcg=
-17,63,crHBbDdUhnNWPHwTPI4GhElt7z4=,pHzt/Ij9voRh7CCR+Mal4NNtxcg=
-20,62,crHBbDdUhnNWPHwTPI4GhElt7z4=,pHzt/Ij9voRh7CCR+Mal4NNtxcg=
-19,62,crHBbDdUhnNWPHwTPI4GhElt7z4=,pHzt/Ij9voRh7CCR+Mal4NNtxcg=
-20,63,crHBbDdUhnNWPHwTPI4GhElt7z4=,pHzt/Ij9voRh7CCR+Mal4NNtxcg=
-19,63,crHBbDdUhnNWPHwTPI4GhElt7z4=,pHzt/Ij9voRh7CCR+Mal4NNtxcg=
-32,59,crHBbDdUhnNWPHwTPI4GhElt7z4=,bZpSagMGXpUKzIWN6fXWQuAntGY=
-31,59,crHBbDdUhnNWPHwTPI4GhElt7z4=,bZpSagMGXpUKzIWN6fXWQuAntGY=
-32,58,crHBbDdUhnNWPHwTPI4GhElt7z4=,bZpSagMGXpUKzIWN6fXWQuAntGY=
-31,58,crHBbDdUhnNWPHwTPI4GhElt7z4=,bZpSagMGXpUKzIWN6fXWQuAntGY=
-32,51,crHBbDdUhnNWPHwTPI4GhElt7z4=,5BGVvnvQLyTkAMMix/DFI6q0yyA=
-32,48,crHBbDdUhnNWPHwTPI4GhElt7z4=,5BGVvnvQLyTkAMMix/DFI6q0yyA=
-31,52,crHBbDdUhnNWPHwTPI4GhElt7z4=,OCSXn6Y2HX9Mz7fLfBzmjtm51Kw=
-32,52,crHBbDdUhnNWPHwTPI4GhElt7z4=,OCSXn6Y2HX9Mz7fLfBzmjtm51Kw=
-31,51,crHBbDdUhnNWPHwTPI4GhElt7z4=,5BGVvnvQLyTkAMMix/DFI6q0yyA=
-31,50,crHBbDdUhnNWPHwTPI4GhElt7z4=,5BGVvnvQLyTkAMMix/DFI6q0yyA=
-32,50,crHBbDdUhnNWPHwTPI4GhElt7z4=,5BGVvnvQLyTkAMMix/DFI6q0yyA=
-32,53,crHBbDdUhnNWPHwTPI4GhElt7z4=,OCSXn6Y2HX9Mz7fLfBzmjtm51Kw=
-31,53,crHBbDdUhnNWPHwTPI4GhElt7z4=,OCSXn6Y2HX9Mz7fLfBzmjtm51Kw=
-31,48,crHBbDdUhnNWPHwTPI4GhElt7z4=,5BGVvnvQLyTkAMMix/DFI6q0yyA=
-29,49,crHBbDdUhnNWPHwTPI4GhElt7z4=,5BGVvnvQLyTkAMMix/DFI6q0yyA=
-32,49,crHBbDdUhnNWPHwTPI4GhElt7z4=,5BGVvnvQLyTkAMMix/DFI6q0yyA=
-30,49,crHBbDdUhnNWPHwTPI4GhElt7z4=,5BGVvnvQLyTkAMMix/DFI6q0yyA=
-27,49,crHBbDdUhnNWPHwTPI4GhElt7z4=,4g5wwoXBW3f0VKzqIX+PDO0/GEU=
-29,48,crHBbDdUhnNWPHwTPI4GhElt7z4=,5BGVvnvQLyTkAMMix/DFI6q0yyA=
-31,49,crHBbDdUhnNWPHwTPI4GhElt7z4=,5BGVvnvQLyTkAMMix/DFI6q0yyA=
-30,48,crHBbDdUhnNWPHwTPI4GhElt7z4=,5BGVvnvQLyTkAMMix/DFI6q0yyA=
-28,49,crHBbDdUhnNWPHwTPI4GhElt7z4=,4g5wwoXBW3f0VKzqIX+PDO0/GEU=
-27,48,crHBbDdUhnNWPHwTPI4GhElt7z4=,4g5wwoXBW3f0VKzqIX+PDO0/GEU=
-28,48,crHBbDdUhnNWPHwTPI4GhElt7z4=,4g5wwoXBW3f0VKzqIX+PDO0/GEU=
-4,52,xtFDRH/ffeeOpxhk3Y/N4vn0NZo=,MmT7nTY+DjWp3gKRMgng/DZrtro=
-5,52,xtFDRH/ffeeOpxhk3Y/N4vn0NZo=,i6/dEU0vaSm2XBzCrZ4qii22bFE=
-5,53,xtFDRH/ffeeOpxhk3Y/N4vn0NZo=,i6/dEU0vaSm2XBzCrZ4qii22bFE=
-3,50,xtFDRH/ffeeOpxhk3Y/N4vn0NZo=,ZU/KiqhlSJiOES3n3SflLklHols=
-3,51,xtFDRH/ffeeOpxhk3Y/N4vn0NZo=,ZU/KiqhlSJiOES3n3SflLklHols=
-4,51,xtFDRH/ffeeOpxhk3Y/N4vn0NZo=,ZU/KiqhlSJiOES3n3SflLklHols=
-4,50,xtFDRH/ffeeOpxhk3Y/N4vn0NZo=,ZU/KiqhlSJiOES3n3SflLklHols=
-3,52,xtFDRH/ffeeOpxhk3Y/N4vn0NZo=,MmT7nTY+DjWp3gKRMgng/DZrtro=
-6,52,xtFDRH/ffeeOpxhk3Y/N4vn0NZo=,i6/dEU0vaSm2XBzCrZ4qii22bFE=
-6,53,xtFDRH/ffeeOpxhk3Y/N4vn0NZo=,i6/dEU0vaSm2XBzCrZ4qii22bFE=
-3,53,xtFDRH/ffeeOpxhk3Y/N4vn0NZo=,MmT7nTY+DjWp3gKRMgng/DZrtro=
-4,53,xtFDRH/ffeeOpxhk3Y/N4vn0NZo=,MmT7nTY+DjWp3gKRMgng/DZrtro=
-6,51,xtFDRH/ffeeOpxhk3Y/N4vn0NZo=,N6LLdtHVGBTysSbeV++d5F1/pQw=
-5,51,xtFDRH/ffeeOpxhk3Y/N4vn0NZo=,N6LLdtHVGBTysSbeV++d5F1/pQw=
-6,50,xtFDRH/ffeeOpxhk3Y/N4vn0NZo=,N6LLdtHVGBTysSbeV++d5F1/pQw=
-5,50,xtFDRH/ffeeOpxhk3Y/N4vn0NZo=,N6LLdtHVGBTysSbeV++d5F1/pQw=
-4,56,xtFDRH/ffeeOpxhk3Y/N4vn0NZo=,OR/0Me7mOpHvIXlkC9B3vNjs8TI=
-3,56,xtFDRH/ffeeOpxhk3Y/N4vn0NZo=,OR/0Me7mOpHvIXlkC9B3vNjs8TI=
-6,56,xtFDRH/ffeeOpxhk3Y/N4vn0NZo=,U0nAGJhlBJxOI+vEsVNeCdeDdPg=
-5,56,xtFDRH/ffeeOpxhk3Y/N4vn0NZo=,U0nAGJhlBJxOI+vEsVNeCdeDdPg=
-4,57,xtFDRH/ffeeOpxhk3Y/N4vn0NZo=,OR/0Me7mOpHvIXlkC9B3vNjs8TI=
-3,57,xtFDRH/ffeeOpxhk3Y/N4vn0NZo=,OR/0Me7mOpHvIXlkC9B3vNjs8TI=
-5,54,xtFDRH/ffeeOpxhk3Y/N4vn0NZo=,i6/dEU0vaSm2XBzCrZ4qii22bFE=
-5,55,xtFDRH/ffeeOpxhk3Y/N4vn0NZo=,i6/dEU0vaSm2XBzCrZ4qii22bFE=
-5,57,xtFDRH/ffeeOpxhk3Y/N4vn0NZo=,U0nAGJhlBJxOI+vEsVNeCdeDdPg=
-6,57,xtFDRH/ffeeOpxhk3Y/N4vn0NZo=,U0nAGJhlBJxOI+vEsVNeCdeDdPg=
-4,54,xtFDRH/ffeeOpxhk3Y/N4vn0NZo=,MmT7nTY+DjWp3gKRMgng/DZrtro=
-4,55,xtFDRH/ffeeOpxhk3Y/N4vn0NZo=,MmT7nTY+DjWp3gKRMgng/DZrtro=
-3,55,xtFDRH/ffeeOpxhk3Y/N4vn0NZo=,MmT7nTY+DjWp3gKRMgng/DZrtro=
-6,55,xtFDRH/ffeeOpxhk3Y/N4vn0NZo=,i6/dEU0vaSm2XBzCrZ4qii22bFE=
-6,54,xtFDRH/ffeeOpxhk3Y/N4vn0NZo=,i6/dEU0vaSm2XBzCrZ4qii22bFE=
-3,54,xtFDRH/ffeeOpxhk3Y/N4vn0NZo=,MmT7nTY+DjWp3gKRMgng/DZrtro=
-8,56,JZvmSAGIonGbao4W5zCVpVxctIA=,U0nAGJhlBJxOI+vEsVNeCdeDdPg=
-7,56,JZvmSAGIonGbao4W5zCVpVxctIA=,U0nAGJhlBJxOI+vEsVNeCdeDdPg=
-10,55,JZvmSAGIonGbao4W5zCVpVxctIA=,p3hKuBmWrULdWfogE6ymtHAHVN0=
-9,55,JZvmSAGIonGbao4W5zCVpVxctIA=,p3hKuBmWrULdWfogE6ymtHAHVN0=
-8,57,JZvmSAGIonGbao4W5zCVpVxctIA=,U0nAGJhlBJxOI+vEsVNeCdeDdPg=
-8,55,JZvmSAGIonGbao4W5zCVpVxctIA=,i6/dEU0vaSm2XBzCrZ4qii22bFE=
-7,55,JZvmSAGIonGbao4W5zCVpVxctIA=,i6/dEU0vaSm2XBzCrZ4qii22bFE=
-9,57,JZvmSAGIonGbao4W5zCVpVxctIA=,ngsJuAeVY4yptaUG31cRHHYvT1c=
-7,57,JZvmSAGIonGbao4W5zCVpVxctIA=,U0nAGJhlBJxOI+vEsVNeCdeDdPg=
-8,54,JZvmSAGIonGbao4W5zCVpVxctIA=,i6/dEU0vaSm2XBzCrZ4qii22bFE=
-7,54,JZvmSAGIonGbao4W5zCVpVxctIA=,i6/dEU0vaSm2XBzCrZ4qii22bFE=
-10,54,JZvmSAGIonGbao4W5zCVpVxctIA=,p3hKuBmWrULdWfogE6ymtHAHVN0=
-9,54,JZvmSAGIonGbao4W5zCVpVxctIA=,p3hKuBmWrULdWfogE6ymtHAHVN0=
-10,56,JZvmSAGIonGbao4W5zCVpVxctIA=,ngsJuAeVY4yptaUG31cRHHYvT1c=
-9,56,JZvmSAGIonGbao4W5zCVpVxctIA=,ngsJuAeVY4yptaUG31cRHHYvT1c=
-10,57,JZvmSAGIonGbao4W5zCVpVxctIA=,ngsJuAeVY4yptaUG31cRHHYvT1c=
-10,51,JZvmSAGIonGbao4W5zCVpVxctIA=,WBjMMzJQ0CI07HyvDFGqJd/prEE=
-9,51,JZvmSAGIonGbao4W5zCVpVxctIA=,WBjMMzJQ0CI07HyvDFGqJd/prEE=
-10,59,JZvmSAGIonGbao4W5zCVpVxctIA=,ngsJuAeVY4yptaUG31cRHHYvT1c=
-8,52,JZvmSAGIonGbao4W5zCVpVxctIA=,i6/dEU0vaSm2XBzCrZ4qii22bFE=
-7,59,JZvmSAGIonGbao4W5zCVpVxctIA=,U0nAGJhlBJxOI+vEsVNeCdeDdPg=
-8,60,JZvmSAGIonGbao4W5zCVpVxctIA=,H8V+xCbHhFCrKYylY3lW/EvZQV4=
-9,59,JZvmSAGIonGbao4W5zCVpVxctIA=,ngsJuAeVY4yptaUG31cRHHYvT1c=
-7,52,JZvmSAGIonGbao4W5zCVpVxctIA=,i6/dEU0vaSm2XBzCrZ4qii22bFE=
-7,60,JZvmSAGIonGbao4W5zCVpVxctIA=,H8V+xCbHhFCrKYylY3lW/EvZQV4=
-8,61,JZvmSAGIonGbao4W5zCVpVxctIA=,H8V+xCbHhFCrKYylY3lW/EvZQV4=
-10,58,JZvmSAGIonGbao4W5zCVpVxctIA=,ngsJuAeVY4yptaUG31cRHHYvT1c=
-8,50,JZvmSAGIonGbao4W5zCVpVxctIA=,N6LLdtHVGBTysSbeV++d5F1/pQw=
-7,61,JZvmSAGIonGbao4W5zCVpVxctIA=,H8V+xCbHhFCrKYylY3lW/EvZQV4=
-9,58,JZvmSAGIonGbao4W5zCVpVxctIA=,ngsJuAeVY4yptaUG31cRHHYvT1c=
-10,60,JZvmSAGIonGbao4W5zCVpVxctIA=,eUZKYztVPogDpeHSwVGtNQSDv7o=
-10,61,JZvmSAGIonGbao4W5zCVpVxctIA=,eUZKYztVPogDpeHSwVGtNQSDv7o=
-7,58,JZvmSAGIonGbao4W5zCVpVxctIA=,U0nAGJhlBJxOI+vEsVNeCdeDdPg=
-10,53,JZvmSAGIonGbao4W5zCVpVxctIA=,p3hKuBmWrULdWfogE6ymtHAHVN0=
-10,52,JZvmSAGIonGbao4W5zCVpVxctIA=,p3hKuBmWrULdWfogE6ymtHAHVN0=
-9,52,JZvmSAGIonGbao4W5zCVpVxctIA=,p3hKuBmWrULdWfogE6ymtHAHVN0=
-9,53,JZvmSAGIonGbao4W5zCVpVxctIA=,p3hKuBmWrULdWfogE6ymtHAHVN0=
-8,58,JZvmSAGIonGbao4W5zCVpVxctIA=,U0nAGJhlBJxOI+vEsVNeCdeDdPg=
-7,50,JZvmSAGIonGbao4W5zCVpVxctIA=,N6LLdtHVGBTysSbeV++d5F1/pQw=
-8,59,JZvmSAGIonGbao4W5zCVpVxctIA=,U0nAGJhlBJxOI+vEsVNeCdeDdPg=
-9,60,JZvmSAGIonGbao4W5zCVpVxctIA=,eUZKYztVPogDpeHSwVGtNQSDv7o=
-8,51,JZvmSAGIonGbao4W5zCVpVxctIA=,N6LLdtHVGBTysSbeV++d5F1/pQw=
-9,61,JZvmSAGIonGbao4W5zCVpVxctIA=,eUZKYztVPogDpeHSwVGtNQSDv7o=
-8,53,JZvmSAGIonGbao4W5zCVpVxctIA=,i6/dEU0vaSm2XBzCrZ4qii22bFE=
-7,51,JZvmSAGIonGbao4W5zCVpVxctIA=,N6LLdtHVGBTysSbeV++d5F1/pQw=
-7,53,JZvmSAGIonGbao4W5zCVpVxctIA=,i6/dEU0vaSm2XBzCrZ4qii22bFE=
-10,50,p4TpsPj6WRs1c/v7wOFfKchA5ls=,WBjMMzJQ0CI07HyvDFGqJd/prEE=
-9,50,p4TpsPj6WRs1c/v7wOFfKchA5ls=,WBjMMzJQ0CI07HyvDFGqJd/prEE=
-12,58,p4TpsPj6WRs1c/v7wOFfKchA5ls=,ngsJuAeVY4yptaUG31cRHHYvT1c=
-11,58,p4TpsPj6WRs1c/v7wOFfKchA5ls=,ngsJuAeVY4yptaUG31cRHHYvT1c=
-12,60,p4TpsPj6WRs1c/v7wOFfKchA5ls=,eUZKYztVPogDpeHSwVGtNQSDv7o=
-11,60,p4TpsPj6WRs1c/v7wOFfKchA5ls=,eUZKYztVPogDpeHSwVGtNQSDv7o=
-12,61,p4TpsPj6WRs1c/v7wOFfKchA5ls=,eUZKYztVPogDpeHSwVGtNQSDv7o=
-11,61,p4TpsPj6WRs1c/v7wOFfKchA5ls=,eUZKYztVPogDpeHSwVGtNQSDv7o=
-14,58,p4TpsPj6WRs1c/v7wOFfKchA5ls=,v5UIadYonctIf+jlK1nC8s4e4BY=
-13,58,p4TpsPj6WRs1c/v7wOFfKchA5ls=,v5UIadYonctIf+jlK1nC8s4e4BY=
-12,59,p4TpsPj6WRs1c/v7wOFfKchA5ls=,ngsJuAeVY4yptaUG31cRHHYvT1c=
-11,59,p4TpsPj6WRs1c/v7wOFfKchA5ls=,ngsJuAeVY4yptaUG31cRHHYvT1c=
-14,59,p4TpsPj6WRs1c/v7wOFfKchA5ls=,v5UIadYonctIf+jlK1nC8s4e4BY=
-13,59,p4TpsPj6WRs1c/v7wOFfKchA5ls=,v5UIadYonctIf+jlK1nC8s4e4BY=
-12,54,p4TpsPj6WRs1c/v7wOFfKchA5ls=,p3hKuBmWrULdWfogE6ymtHAHVN0=
-11,54,p4TpsPj6WRs1c/v7wOFfKchA5ls=,p3hKuBmWrULdWfogE6ymtHAHVN0=
-16,54,DWQRUuZz6zEVcKGrChJyeNW2APY=,foWhDZnRuOQjccTQu5eqQI/V4tU=
-15,54,DWQRUuZz6zEVcKGrChJyeNW2APY=,foWhDZnRuOQjccTQu5eqQI/V4tU=
-12,56,DWQRUuZz6zEVcKGrChJyeNW2APY=,ngsJuAeVY4yptaUG31cRHHYvT1c=
-11,56,DWQRUuZz6zEVcKGrChJyeNW2APY=,ngsJuAeVY4yptaUG31cRHHYvT1c=
-14,54,DWQRUuZz6zEVcKGrChJyeNW2APY=,foWhDZnRuOQjccTQu5eqQI/V4tU=
-13,54,DWQRUuZz6zEVcKGrChJyeNW2APY=,foWhDZnRuOQjccTQu5eqQI/V4tU=
-13,57,DWQRUuZz6zEVcKGrChJyeNW2APY=,v5UIadYonctIf+jlK1nC8s4e4BY=
-14,57,DWQRUuZz6zEVcKGrChJyeNW2APY=,v5UIadYonctIf+jlK1nC8s4e4BY=
-11,57,DWQRUuZz6zEVcKGrChJyeNW2APY=,ngsJuAeVY4yptaUG31cRHHYvT1c=
-12,57,DWQRUuZz6zEVcKGrChJyeNW2APY=,ngsJuAeVY4yptaUG31cRHHYvT1c=
-16,55,DWQRUuZz6zEVcKGrChJyeNW2APY=,foWhDZnRuOQjccTQu5eqQI/V4tU=
-14,56,DWQRUuZz6zEVcKGrChJyeNW2APY=,v5UIadYonctIf+jlK1nC8s4e4BY=
-15,57,DWQRUuZz6zEVcKGrChJyeNW2APY=,v5UIadYonctIf+jlK1nC8s4e4BY=
-13,56,DWQRUuZz6zEVcKGrChJyeNW2APY=,v5UIadYonctIf+jlK1nC8s4e4BY=
-11,55,DWQRUuZz6zEVcKGrChJyeNW2APY=,p3hKuBmWrULdWfogE6ymtHAHVN0=
-12,55,DWQRUuZz6zEVcKGrChJyeNW2APY=,p3hKuBmWrULdWfogE6ymtHAHVN0=
-15,55,DWQRUuZz6zEVcKGrChJyeNW2APY=,foWhDZnRuOQjccTQu5eqQI/V4tU=
-16,57,DWQRUuZz6zEVcKGrChJyeNW2APY=,v5UIadYonctIf+jlK1nC8s4e4BY=
-16,56,DWQRUuZz6zEVcKGrChJyeNW2APY=,v5UIadYonctIf+jlK1nC8s4e4BY=
-15,56,DWQRUuZz6zEVcKGrChJyeNW2APY=,v5UIadYonctIf+jlK1nC8s4e4BY=
-14,55,DWQRUuZz6zEVcKGrChJyeNW2APY=,foWhDZnRuOQjccTQu5eqQI/V4tU=
-13,55,DWQRUuZz6zEVcKGrChJyeNW2APY=,foWhDZnRuOQjccTQu5eqQI/V4tU=
-4,48,DWQRUuZz6zEVcKGrChJyeNW2APY=,ZU/KiqhlSJiOES3n3SflLklHols=
-3,48,DWQRUuZz6zEVcKGrChJyeNW2APY=,ZU/KiqhlSJiOES3n3SflLklHols=
-3,49,DWQRUuZz6zEVcKGrChJyeNW2APY=,ZU/KiqhlSJiOES3n3SflLklHols=
-4,49,DWQRUuZz6zEVcKGrChJyeNW2APY=,ZU/KiqhlSJiOES3n3SflLklHols=
-10,48,DWQRUuZz6zEVcKGrChJyeNW2APY=,WBjMMzJQ0CI07HyvDFGqJd/prEE=
-10,49,DWQRUuZz6zEVcKGrChJyeNW2APY=,WBjMMzJQ0CI07HyvDFGqJd/prEE=
-8,48,DWQRUuZz6zEVcKGrChJyeNW2APY=,N6LLdtHVGBTysSbeV++d5F1/pQw=
-7,49,DWQRUuZz6zEVcKGrChJyeNW2APY=,N6LLdtHVGBTysSbeV++d5F1/pQw=
-5,49,DWQRUuZz6zEVcKGrChJyeNW2APY=,N6LLdtHVGBTysSbeV++d5F1/pQw=
-9,48,DWQRUuZz6zEVcKGrChJyeNW2APY=,WBjMMzJQ0CI07HyvDFGqJd/prEE=
-9,49,DWQRUuZz6zEVcKGrChJyeNW2APY=,WBjMMzJQ0CI07HyvDFGqJd/prEE=
-8,49,DWQRUuZz6zEVcKGrChJyeNW2APY=,N6LLdtHVGBTysSbeV++d5F1/pQw=
-6,49,DWQRUuZz6zEVcKGrChJyeNW2APY=,N6LLdtHVGBTysSbeV++d5F1/pQw=
-5,48,DWQRUuZz6zEVcKGrChJyeNW2APY=,N6LLdtHVGBTysSbeV++d5F1/pQw=
-12,51,DWQRUuZz6zEVcKGrChJyeNW2APY=,WBjMMzJQ0CI07HyvDFGqJd/prEE=
-11,51,DWQRUuZz6zEVcKGrChJyeNW2APY=,WBjMMzJQ0CI07HyvDFGqJd/prEE=
-7,48,DWQRUuZz6zEVcKGrChJyeNW2APY=,N6LLdtHVGBTysSbeV++d5F1/pQw=
-16,50,DWQRUuZz6zEVcKGrChJyeNW2APY=,7ECsWvAk4Vh67YnPjlFWY2kymqY=
-6,48,DWQRUuZz6zEVcKGrChJyeNW2APY=,N6LLdtHVGBTysSbeV++d5F1/pQw=
-11,52,DWQRUuZz6zEVcKGrChJyeNW2APY=,p3hKuBmWrULdWfogE6ymtHAHVN0=
-11,53,DWQRUuZz6zEVcKGrChJyeNW2APY=,p3hKuBmWrULdWfogE6ymtHAHVN0=
-12,53,DWQRUuZz6zEVcKGrChJyeNW2APY=,p3hKuBmWrULdWfogE6ymtHAHVN0=
-11,49,DWQRUuZz6zEVcKGrChJyeNW2APY=,WBjMMzJQ0CI07HyvDFGqJd/prEE=
-16,51,DWQRUuZz6zEVcKGrChJyeNW2APY=,7ECsWvAk4Vh67YnPjlFWY2kymqY=
-12,52,DWQRUuZz6zEVcKGrChJyeNW2APY=,p3hKuBmWrULdWfogE6ymtHAHVN0=
-13,52,DWQRUuZz6zEVcKGrChJyeNW2APY=,foWhDZnRuOQjccTQu5eqQI/V4tU=
-14,52,DWQRUuZz6zEVcKGrChJyeNW2APY=,foWhDZnRuOQjccTQu5eqQI/V4tU=
-12,49,DWQRUuZz6zEVcKGrChJyeNW2APY=,WBjMMzJQ0CI07HyvDFGqJd/prEE=
-14,49,DWQRUuZz6zEVcKGrChJyeNW2APY=,7ECsWvAk4Vh67YnPjlFWY2kymqY=
-15,52,DWQRUuZz6zEVcKGrChJyeNW2APY=,foWhDZnRuOQjccTQu5eqQI/V4tU=
-13,49,DWQRUuZz6zEVcKGrChJyeNW2APY=,7ECsWvAk4Vh67YnPjlFWY2kymqY=
-15,50,DWQRUuZz6zEVcKGrChJyeNW2APY=,7ECsWvAk4Vh67YnPjlFWY2kymqY=
-12,48,DWQRUuZz6zEVcKGrChJyeNW2APY=,WBjMMzJQ0CI07HyvDFGqJd/prEE=
-15,51,DWQRUuZz6zEVcKGrChJyeNW2APY=,7ECsWvAk4Vh67YnPjlFWY2kymqY=
-11,48,DWQRUuZz6zEVcKGrChJyeNW2APY=,WBjMMzJQ0CI07HyvDFGqJd/prEE=
-14,48,DWQRUuZz6zEVcKGrChJyeNW2APY=,7ECsWvAk4Vh67YnPjlFWY2kymqY=
-2,56,DWQRUuZz6zEVcKGrChJyeNW2APY=,OR/0Me7mOpHvIXlkC9B3vNjs8TI=
-13,48,DWQRUuZz6zEVcKGrChJyeNW2APY=,7ECsWvAk4Vh67YnPjlFWY2kymqY=
-14,53,DWQRUuZz6zEVcKGrChJyeNW2APY=,foWhDZnRuOQjccTQu5eqQI/V4tU=
-13,53,DWQRUuZz6zEVcKGrChJyeNW2APY=,foWhDZnRuOQjccTQu5eqQI/V4tU=
-13,51,DWQRUuZz6zEVcKGrChJyeNW2APY=,7ECsWvAk4Vh67YnPjlFWY2kymqY=
-2,55,DWQRUuZz6zEVcKGrChJyeNW2APY=,MmT7nTY+DjWp3gKRMgng/DZrtro=
-16,52,DWQRUuZz6zEVcKGrChJyeNW2APY=,foWhDZnRuOQjccTQu5eqQI/V4tU=
-12,50,DWQRUuZz6zEVcKGrChJyeNW2APY=,WBjMMzJQ0CI07HyvDFGqJd/prEE=
-2,51,DWQRUuZz6zEVcKGrChJyeNW2APY=,ZU/KiqhlSJiOES3n3SflLklHols=
-1,51,DWQRUuZz6zEVcKGrChJyeNW2APY=,ZU/KiqhlSJiOES3n3SflLklHols=
-1,55,DWQRUuZz6zEVcKGrChJyeNW2APY=,MmT7nTY+DjWp3gKRMgng/DZrtro=
-14,51,DWQRUuZz6zEVcKGrChJyeNW2APY=,7ECsWvAk4Vh67YnPjlFWY2kymqY=
-1,57,DWQRUuZz6zEVcKGrChJyeNW2APY=,OR/0Me7mOpHvIXlkC9B3vNjs8TI=
-14,50,DWQRUuZz6zEVcKGrChJyeNW2APY=,7ECsWvAk4Vh67YnPjlFWY2kymqY=
-2,53,DWQRUuZz6zEVcKGrChJyeNW2APY=,MmT7nTY+DjWp3gKRMgng/DZrtro=
-2,50,DWQRUuZz6zEVcKGrChJyeNW2APY=,ZU/KiqhlSJiOES3n3SflLklHols=
-1,50,DWQRUuZz6zEVcKGrChJyeNW2APY=,ZU/KiqhlSJiOES3n3SflLklHols=
-1,53,DWQRUuZz6zEVcKGrChJyeNW2APY=,MmT7nTY+DjWp3gKRMgng/DZrtro=
-2,57,DWQRUuZz6zEVcKGrChJyeNW2APY=,OR/0Me7mOpHvIXlkC9B3vNjs8TI=
-1,54,DWQRUuZz6zEVcKGrChJyeNW2APY=,MmT7nTY+DjWp3gKRMgng/DZrtro=
-2,54,DWQRUuZz6zEVcKGrChJyeNW2APY=,MmT7nTY+DjWp3gKRMgng/DZrtro=
-1,56,DWQRUuZz6zEVcKGrChJyeNW2APY=,OR/0Me7mOpHvIXlkC9B3vNjs8TI=
-1,52,DWQRUuZz6zEVcKGrChJyeNW2APY=,MmT7nTY+DjWp3gKRMgng/DZrtro=
-2,52,DWQRUuZz6zEVcKGrChJyeNW2APY=,MmT7nTY+DjWp3gKRMgng/DZrtro=
-13,50,DWQRUuZz6zEVcKGrChJyeNW2APY=,7ECsWvAk4Vh67YnPjlFWY2kymqY=
-11,50,DWQRUuZz6zEVcKGrChJyeNW2APY=,WBjMMzJQ0CI07HyvDFGqJd/prEE=
-15,53,DWQRUuZz6zEVcKGrChJyeNW2APY=,foWhDZnRuOQjccTQu5eqQI/V4tU=
-16,53,DWQRUuZz6zEVcKGrChJyeNW2APY=,foWhDZnRuOQjccTQu5eqQI/V4tU=
-12,63,DWQRUuZz6zEVcKGrChJyeNW2APY=,eUZKYztVPogDpeHSwVGtNQSDv7o=
-11,63,DWQRUuZz6zEVcKGrChJyeNW2APY=,eUZKYztVPogDpeHSwVGtNQSDv7o=
-12,62,DWQRUuZz6zEVcKGrChJyeNW2APY=,eUZKYztVPogDpeHSwVGtNQSDv7o=
-11,62,DWQRUuZz6zEVcKGrChJyeNW2APY=,eUZKYztVPogDpeHSwVGtNQSDv7o=
-10,63,DWQRUuZz6zEVcKGrChJyeNW2APY=,eUZKYztVPogDpeHSwVGtNQSDv7o=
-9,63,DWQRUuZz6zEVcKGrChJyeNW2APY=,eUZKYztVPogDpeHSwVGtNQSDv7o=
-8,62,DWQRUuZz6zEVcKGrChJyeNW2APY=,H8V+xCbHhFCrKYylY3lW/EvZQV4=
-7,62,DWQRUuZz6zEVcKGrChJyeNW2APY=,H8V+xCbHhFCrKYylY3lW/EvZQV4=
-16,58,DWQRUuZz6zEVcKGrChJyeNW2APY=,v5UIadYonctIf+jlK1nC8s4e4BY=
-15,58,DWQRUuZz6zEVcKGrChJyeNW2APY=,v5UIadYonctIf+jlK1nC8s4e4BY=
-16,59,DWQRUuZz6zEVcKGrChJyeNW2APY=,v5UIadYonctIf+jlK1nC8s4e4BY=
-15,59,DWQRUuZz6zEVcKGrChJyeNW2APY=,v5UIadYonctIf+jlK1nC8s4e4BY=
-8,63,DWQRUuZz6zEVcKGrChJyeNW2APY=,H8V+xCbHhFCrKYylY3lW/EvZQV4=
-10,62,DWQRUuZz6zEVcKGrChJyeNW2APY=,eUZKYztVPogDpeHSwVGtNQSDv7o=
-9,62,DWQRUuZz6zEVcKGrChJyeNW2APY=,eUZKYztVPogDpeHSwVGtNQSDv7o=
-2,48,DWQRUuZz6zEVcKGrChJyeNW2APY=,ZU/KiqhlSJiOES3n3SflLklHols=
-1,48,DWQRUuZz6zEVcKGrChJyeNW2APY=,ZU/KiqhlSJiOES3n3SflLklHols=
-1,49,DWQRUuZz6zEVcKGrChJyeNW2APY=,ZU/KiqhlSJiOES3n3SflLklHols=
-4,60,DWQRUuZz6zEVcKGrChJyeNW2APY=,eZqMQifSJ3cA9g10nQK6EVP9d9o=
-7,63,DWQRUuZz6zEVcKGrChJyeNW2APY=,H8V+xCbHhFCrKYylY3lW/EvZQV4=
-1,59,DWQRUuZz6zEVcKGrChJyeNW2APY=,OR/0Me7mOpHvIXlkC9B3vNjs8TI=
-2,59,DWQRUuZz6zEVcKGrChJyeNW2APY=,OR/0Me7mOpHvIXlkC9B3vNjs8TI=
-6,63,DWQRUuZz6zEVcKGrChJyeNW2APY=,H8V+xCbHhFCrKYylY3lW/EvZQV4=
-5,59,DWQRUuZz6zEVcKGrChJyeNW2APY=,U0nAGJhlBJxOI+vEsVNeCdeDdPg=
-6,59,DWQRUuZz6zEVcKGrChJyeNW2APY=,U0nAGJhlBJxOI+vEsVNeCdeDdPg=
-3,59,DWQRUuZz6zEVcKGrChJyeNW2APY=,OR/0Me7mOpHvIXlkC9B3vNjs8TI=
-4,59,DWQRUuZz6zEVcKGrChJyeNW2APY=,OR/0Me7mOpHvIXlkC9B3vNjs8TI=
-5,58,DWQRUuZz6zEVcKGrChJyeNW2APY=,U0nAGJhlBJxOI+vEsVNeCdeDdPg=
-5,63,DWQRUuZz6zEVcKGrChJyeNW2APY=,H8V+xCbHhFCrKYylY3lW/EvZQV4=
-6,62,DWQRUuZz6zEVcKGrChJyeNW2APY=,H8V+xCbHhFCrKYylY3lW/EvZQV4=
-4,58,DWQRUuZz6zEVcKGrChJyeNW2APY=,OR/0Me7mOpHvIXlkC9B3vNjs8TI=
-5,62,DWQRUuZz6zEVcKGrChJyeNW2APY=,H8V+xCbHhFCrKYylY3lW/EvZQV4=
-5,61,DWQRUuZz6zEVcKGrChJyeNW2APY=,H8V+xCbHhFCrKYylY3lW/EvZQV4=
-6,61,DWQRUuZz6zEVcKGrChJyeNW2APY=,H8V+xCbHhFCrKYylY3lW/EvZQV4=
-2,49,DWQRUuZz6zEVcKGrChJyeNW2APY=,ZU/KiqhlSJiOES3n3SflLklHols=
-1,58,DWQRUuZz6zEVcKGrChJyeNW2APY=,OR/0Me7mOpHvIXlkC9B3vNjs8TI=
-3,58,DWQRUuZz6zEVcKGrChJyeNW2APY=,OR/0Me7mOpHvIXlkC9B3vNjs8TI=
-4,62,DWQRUuZz6zEVcKGrChJyeNW2APY=,eZqMQifSJ3cA9g10nQK6EVP9d9o=
-2,58,DWQRUuZz6zEVcKGrChJyeNW2APY=,OR/0Me7mOpHvIXlkC9B3vNjs8TI=
-6,58,DWQRUuZz6zEVcKGrChJyeNW2APY=,U0nAGJhlBJxOI+vEsVNeCdeDdPg=
-3,60,DWQRUuZz6zEVcKGrChJyeNW2APY=,eZqMQifSJ3cA9g10nQK6EVP9d9o=
-1,63,DWQRUuZz6zEVcKGrChJyeNW2APY=,eZqMQifSJ3cA9g10nQK6EVP9d9o=
-3,62,DWQRUuZz6zEVcKGrChJyeNW2APY=,eZqMQifSJ3cA9g10nQK6EVP9d9o=
-3,61,DWQRUuZz6zEVcKGrChJyeNW2APY=,eZqMQifSJ3cA9g10nQK6EVP9d9o=
-4,61,DWQRUuZz6zEVcKGrChJyeNW2APY=,eZqMQifSJ3cA9g10nQK6EVP9d9o=
-5,60,DWQRUuZz6zEVcKGrChJyeNW2APY=,H8V+xCbHhFCrKYylY3lW/EvZQV4=
-6,60,DWQRUuZz6zEVcKGrChJyeNW2APY=,H8V+xCbHhFCrKYylY3lW/EvZQV4=
-2,62,DWQRUuZz6zEVcKGrChJyeNW2APY=,eZqMQifSJ3cA9g10nQK6EVP9d9o=
-4,63,DWQRUuZz6zEVcKGrChJyeNW2APY=,eZqMQifSJ3cA9g10nQK6EVP9d9o=
-2,60,DWQRUuZz6zEVcKGrChJyeNW2APY=,eZqMQifSJ3cA9g10nQK6EVP9d9o=
-2,61,DWQRUuZz6zEVcKGrChJyeNW2APY=,eZqMQifSJ3cA9g10nQK6EVP9d9o=
-1,61,DWQRUuZz6zEVcKGrChJyeNW2APY=,eZqMQifSJ3cA9g10nQK6EVP9d9o=
-1,62,DWQRUuZz6zEVcKGrChJyeNW2APY=,eZqMQifSJ3cA9g10nQK6EVP9d9o=
-1,60,DWQRUuZz6zEVcKGrChJyeNW2APY=,eZqMQifSJ3cA9g10nQK6EVP9d9o=
-3,63,DWQRUuZz6zEVcKGrChJyeNW2APY=,eZqMQifSJ3cA9g10nQK6EVP9d9o=
-2,63,DWQRUuZz6zEVcKGrChJyeNW2APY=,eZqMQifSJ3cA9g10nQK6EVP9d9o=
-16,49,DWQRUuZz6zEVcKGrChJyeNW2APY=,7ECsWvAk4Vh67YnPjlFWY2kymqY=
-16,48,DWQRUuZz6zEVcKGrChJyeNW2APY=,7ECsWvAk4Vh67YnPjlFWY2kymqY=
-15,49,DWQRUuZz6zEVcKGrChJyeNW2APY=,7ECsWvAk4Vh67YnPjlFWY2kymqY=
-15,48,DWQRUuZz6zEVcKGrChJyeNW2APY=,7ECsWvAk4Vh67YnPjlFWY2kymqY=
-4,36,hpv4fCKxuQdO6q6Q2eB5leP8hz4=,/sBz3o3vfANcGanzqY4yU1jUkU4=
-3,36,hpv4fCKxuQdO6q6Q2eB5leP8hz4=,/sBz3o3vfANcGanzqY4yU1jUkU4=
-4,37,hpv4fCKxuQdO6q6Q2eB5leP8hz4=,/sBz3o3vfANcGanzqY4yU1jUkU4=
-3,37,hpv4fCKxuQdO6q6Q2eB5leP8hz4=,/sBz3o3vfANcGanzqY4yU1jUkU4=
-6,36,hpv4fCKxuQdO6q6Q2eB5leP8hz4=,dGzfWh2Psug2OHtuA2llZiJ05+Y=
-5,36,hpv4fCKxuQdO6q6Q2eB5leP8hz4=,dGzfWh2Psug2OHtuA2llZiJ05+Y=
-6,37,hpv4fCKxuQdO6q6Q2eB5leP8hz4=,dGzfWh2Psug2OHtuA2llZiJ05+Y=
-6,34,hpv4fCKxuQdO6q6Q2eB5leP8hz4=,nA7P+15YRzM86kiC3DniQEPPfj0=
-5,37,hpv4fCKxuQdO6q6Q2eB5leP8hz4=,dGzfWh2Psug2OHtuA2llZiJ05+Y=
-3,34,hpv4fCKxuQdO6q6Q2eB5leP8hz4=,upkPdmuVTtXBY4aoFgtSaBH8T6g=
-3,35,hpv4fCKxuQdO6q6Q2eB5leP8hz4=,upkPdmuVTtXBY4aoFgtSaBH8T6g=
-6,35,hpv4fCKxuQdO6q6Q2eB5leP8hz4=,nA7P+15YRzM86kiC3DniQEPPfj0=
-4,35,hpv4fCKxuQdO6q6Q2eB5leP8hz4=,upkPdmuVTtXBY4aoFgtSaBH8T6g=
-5,34,hpv4fCKxuQdO6q6Q2eB5leP8hz4=,nA7P+15YRzM86kiC3DniQEPPfj0=
-4,34,hpv4fCKxuQdO6q6Q2eB5leP8hz4=,upkPdmuVTtXBY4aoFgtSaBH8T6g=
-5,35,hpv4fCKxuQdO6q6Q2eB5leP8hz4=,nA7P+15YRzM86kiC3DniQEPPfj0=
-8,36,K6znCGQO3furcMl0NoT3ePQziE0=,dGzfWh2Psug2OHtuA2llZiJ05+Y=
-10,35,K6znCGQO3furcMl0NoT3ePQziE0=,y2bd46Yt1SCy+B24AB44gb89GVQ=
-9,35,K6znCGQO3furcMl0NoT3ePQziE0=,y2bd46Yt1SCy+B24AB44gb89GVQ=
-7,36,K6znCGQO3furcMl0NoT3ePQziE0=,dGzfWh2Psug2OHtuA2llZiJ05+Y=
-8,37,K6znCGQO3furcMl0NoT3ePQziE0=,dGzfWh2Psug2OHtuA2llZiJ05+Y=
-7,37,K6znCGQO3furcMl0NoT3ePQziE0=,dGzfWh2Psug2OHtuA2llZiJ05+Y=
-10,37,K6znCGQO3furcMl0NoT3ePQziE0=,d4Tp3Oyfhgj5sgdkoE47DCV7b48=
-8,34,K6znCGQO3furcMl0NoT3ePQziE0=,nA7P+15YRzM86kiC3DniQEPPfj0=
-9,37,K6znCGQO3furcMl0NoT3ePQziE0=,d4Tp3Oyfhgj5sgdkoE47DCV7b48=
-7,34,K6znCGQO3furcMl0NoT3ePQziE0=,nA7P+15YRzM86kiC3DniQEPPfj0=
-9,34,K6znCGQO3furcMl0NoT3ePQziE0=,y2bd46Yt1SCy+B24AB44gb89GVQ=
-10,34,K6znCGQO3furcMl0NoT3ePQziE0=,y2bd46Yt1SCy+B24AB44gb89GVQ=
-9,36,K6znCGQO3furcMl0NoT3ePQziE0=,d4Tp3Oyfhgj5sgdkoE47DCV7b48=
-8,35,K6znCGQO3furcMl0NoT3ePQziE0=,nA7P+15YRzM86kiC3DniQEPPfj0=
-10,36,K6znCGQO3furcMl0NoT3ePQziE0=,d4Tp3Oyfhgj5sgdkoE47DCV7b48=
-7,35,K6znCGQO3furcMl0NoT3ePQziE0=,nA7P+15YRzM86kiC3DniQEPPfj0=
-12,39,yKnVLJWREpnsIWVNphOMp4LmWUg=,d4Tp3Oyfhgj5sgdkoE47DCV7b48=
-11,39,yKnVLJWREpnsIWVNphOMp4LmWUg=,d4Tp3Oyfhgj5sgdkoE47DCV7b48=
-12,41,yKnVLJWREpnsIWVNphOMp4LmWUg=,A1CPbRR44EUwin/vBPhXeMXNOq0=
-14,40,yKnVLJWREpnsIWVNphOMp4LmWUg=,WgmvRiVOyxpm199v/r0juwkdaGk=
-13,39,yKnVLJWREpnsIWVNphOMp4LmWUg=,6nY5rOdwIWQ2xJybeVecBiSqrg8=
-13,40,yKnVLJWREpnsIWVNphOMp4LmWUg=,WgmvRiVOyxpm199v/r0juwkdaGk=
-14,39,yKnVLJWREpnsIWVNphOMp4LmWUg=,6nY5rOdwIWQ2xJybeVecBiSqrg8=
-13,38,yKnVLJWREpnsIWVNphOMp4LmWUg=,6nY5rOdwIWQ2xJybeVecBiSqrg8=
-11,40,yKnVLJWREpnsIWVNphOMp4LmWUg=,A1CPbRR44EUwin/vBPhXeMXNOq0=
-14,38,yKnVLJWREpnsIWVNphOMp4LmWUg=,6nY5rOdwIWQ2xJybeVecBiSqrg8=
-12,38,yKnVLJWREpnsIWVNphOMp4LmWUg=,d4Tp3Oyfhgj5sgdkoE47DCV7b48=
-11,38,yKnVLJWREpnsIWVNphOMp4LmWUg=,d4Tp3Oyfhgj5sgdkoE47DCV7b48=
-12,40,yKnVLJWREpnsIWVNphOMp4LmWUg=,A1CPbRR44EUwin/vBPhXeMXNOq0=
-11,41,yKnVLJWREpnsIWVNphOMp4LmWUg=,A1CPbRR44EUwin/vBPhXeMXNOq0=
-13,41,yKnVLJWREpnsIWVNphOMp4LmWUg=,WgmvRiVOyxpm199v/r0juwkdaGk=
-14,41,yKnVLJWREpnsIWVNphOMp4LmWUg=,WgmvRiVOyxpm199v/r0juwkdaGk=
-8,40,yKnVLJWREpnsIWVNphOMp4LmWUg=,P0Yj4CKomPrAX2hFs/V056I6VDE=
-7,40,yKnVLJWREpnsIWVNphOMp4LmWUg=,P0Yj4CKomPrAX2hFs/V056I6VDE=
-9,38,yKnVLJWREpnsIWVNphOMp4LmWUg=,d4Tp3Oyfhgj5sgdkoE47DCV7b48=
-8,39,yKnVLJWREpnsIWVNphOMp4LmWUg=,dGzfWh2Psug2OHtuA2llZiJ05+Y=
-8,41,yKnVLJWREpnsIWVNphOMp4LmWUg=,P0Yj4CKomPrAX2hFs/V056I6VDE=
-7,39,yKnVLJWREpnsIWVNphOMp4LmWUg=,dGzfWh2Psug2OHtuA2llZiJ05+Y=
-10,38,yKnVLJWREpnsIWVNphOMp4LmWUg=,d4Tp3Oyfhgj5sgdkoE47DCV7b48=
-7,38,yKnVLJWREpnsIWVNphOMp4LmWUg=,dGzfWh2Psug2OHtuA2llZiJ05+Y=
-8,38,yKnVLJWREpnsIWVNphOMp4LmWUg=,dGzfWh2Psug2OHtuA2llZiJ05+Y=
-9,40,yKnVLJWREpnsIWVNphOMp4LmWUg=,A1CPbRR44EUwin/vBPhXeMXNOq0=
-9,41,yKnVLJWREpnsIWVNphOMp4LmWUg=,A1CPbRR44EUwin/vBPhXeMXNOq0=
-10,41,yKnVLJWREpnsIWVNphOMp4LmWUg=,A1CPbRR44EUwin/vBPhXeMXNOq0=
-7,41,yKnVLJWREpnsIWVNphOMp4LmWUg=,P0Yj4CKomPrAX2hFs/V056I6VDE=
-10,40,yKnVLJWREpnsIWVNphOMp4LmWUg=,A1CPbRR44EUwin/vBPhXeMXNOq0=
-10,39,yKnVLJWREpnsIWVNphOMp4LmWUg=,d4Tp3Oyfhgj5sgdkoE47DCV7b48=
-9,39,yKnVLJWREpnsIWVNphOMp4LmWUg=,d4Tp3Oyfhgj5sgdkoE47DCV7b48=
-4,40,yKnVLJWREpnsIWVNphOMp4LmWUg=,YYRmOgijuChoOyfXkl1QW8jWzp4=
-6,39,yKnVLJWREpnsIWVNphOMp4LmWUg=,dGzfWh2Psug2OHtuA2llZiJ05+Y=
-6,38,yKnVLJWREpnsIWVNphOMp4LmWUg=,dGzfWh2Psug2OHtuA2llZiJ05+Y=
-5,39,yKnVLJWREpnsIWVNphOMp4LmWUg=,dGzfWh2Psug2OHtuA2llZiJ05+Y=
-5,41,yKnVLJWREpnsIWVNphOMp4LmWUg=,P0Yj4CKomPrAX2hFs/V056I6VDE=
-5,38,yKnVLJWREpnsIWVNphOMp4LmWUg=,dGzfWh2Psug2OHtuA2llZiJ05+Y=
-3,41,yKnVLJWREpnsIWVNphOMp4LmWUg=,YYRmOgijuChoOyfXkl1QW8jWzp4=
-3,40,yKnVLJWREpnsIWVNphOMp4LmWUg=,YYRmOgijuChoOyfXkl1QW8jWzp4=
-4,39,yKnVLJWREpnsIWVNphOMp4LmWUg=,/sBz3o3vfANcGanzqY4yU1jUkU4=
-4,41,yKnVLJWREpnsIWVNphOMp4LmWUg=,YYRmOgijuChoOyfXkl1QW8jWzp4=
-3,39,yKnVLJWREpnsIWVNphOMp4LmWUg=,/sBz3o3vfANcGanzqY4yU1jUkU4=
-4,38,yKnVLJWREpnsIWVNphOMp4LmWUg=,/sBz3o3vfANcGanzqY4yU1jUkU4=
-3,38,yKnVLJWREpnsIWVNphOMp4LmWUg=,/sBz3o3vfANcGanzqY4yU1jUkU4=
-6,40,yKnVLJWREpnsIWVNphOMp4LmWUg=,P0Yj4CKomPrAX2hFs/V056I6VDE=
-5,40,yKnVLJWREpnsIWVNphOMp4LmWUg=,P0Yj4CKomPrAX2hFs/V056I6VDE=
-6,41,yKnVLJWREpnsIWVNphOMp4LmWUg=,P0Yj4CKomPrAX2hFs/V056I6VDE=
-4,44,29pCKi81aLBMu5X8asxGT7PJgMY=,e0e6xCv3ym/JeSQEGa6jspAV10k=
-3,44,29pCKi81aLBMu5X8asxGT7PJgMY=,e0e6xCv3ym/JeSQEGa6jspAV10k=
-6,44,29pCKi81aLBMu5X8asxGT7PJgMY=,NErA9KbIYeatvDPb4xfOFW7zW0g=
-10,45,29pCKi81aLBMu5X8asxGT7PJgMY=,oQWKB9i/Y5iGiSPKQqMzHw6ixSE=
-5,44,29pCKi81aLBMu5X8asxGT7PJgMY=,NErA9KbIYeatvDPb4xfOFW7zW0g=
-9,45,29pCKi81aLBMu5X8asxGT7PJgMY=,oQWKB9i/Y5iGiSPKQqMzHw6ixSE=
-4,45,29pCKi81aLBMu5X8asxGT7PJgMY=,e0e6xCv3ym/JeSQEGa6jspAV10k=
-3,45,29pCKi81aLBMu5X8asxGT7PJgMY=,e0e6xCv3ym/JeSQEGa6jspAV10k=
-8,44,29pCKi81aLBMu5X8asxGT7PJgMY=,NErA9KbIYeatvDPb4xfOFW7zW0g=
-6,42,29pCKi81aLBMu5X8asxGT7PJgMY=,P0Yj4CKomPrAX2hFs/V056I6VDE=
-4,42,29pCKi81aLBMu5X8asxGT7PJgMY=,YYRmOgijuChoOyfXkl1QW8jWzp4=
-7,44,29pCKi81aLBMu5X8asxGT7PJgMY=,NErA9KbIYeatvDPb4xfOFW7zW0g=
-8,42,29pCKi81aLBMu5X8asxGT7PJgMY=,P0Yj4CKomPrAX2hFs/V056I6VDE=
-3,43,29pCKi81aLBMu5X8asxGT7PJgMY=,YYRmOgijuChoOyfXkl1QW8jWzp4=
-7,42,29pCKi81aLBMu5X8asxGT7PJgMY=,P0Yj4CKomPrAX2hFs/V056I6VDE=
-3,42,29pCKi81aLBMu5X8asxGT7PJgMY=,YYRmOgijuChoOyfXkl1QW8jWzp4=
-10,46,29pCKi81aLBMu5X8asxGT7PJgMY=,oQWKB9i/Y5iGiSPKQqMzHw6ixSE=
-5,42,29pCKi81aLBMu5X8asxGT7PJgMY=,P0Yj4CKomPrAX2hFs/V056I6VDE=
-9,46,29pCKi81aLBMu5X8asxGT7PJgMY=,oQWKB9i/Y5iGiSPKQqMzHw6ixSE=
-6,45,29pCKi81aLBMu5X8asxGT7PJgMY=,NErA9KbIYeatvDPb4xfOFW7zW0g=
-5,45,29pCKi81aLBMu5X8asxGT7PJgMY=,NErA9KbIYeatvDPb4xfOFW7zW0g=
-8,45,29pCKi81aLBMu5X8asxGT7PJgMY=,NErA9KbIYeatvDPb4xfOFW7zW0g=
-6,43,29pCKi81aLBMu5X8asxGT7PJgMY=,P0Yj4CKomPrAX2hFs/V056I6VDE=
-5,43,29pCKi81aLBMu5X8asxGT7PJgMY=,P0Yj4CKomPrAX2hFs/V056I6VDE=
-7,45,29pCKi81aLBMu5X8asxGT7PJgMY=,NErA9KbIYeatvDPb4xfOFW7zW0g=
-14,42,29pCKi81aLBMu5X8asxGT7PJgMY=,WgmvRiVOyxpm199v/r0juwkdaGk=
-13,42,29pCKi81aLBMu5X8asxGT7PJgMY=,WgmvRiVOyxpm199v/r0juwkdaGk=
-4,43,29pCKi81aLBMu5X8asxGT7PJgMY=,YYRmOgijuChoOyfXkl1QW8jWzp4=
-12,45,29pCKi81aLBMu5X8asxGT7PJgMY=,oQWKB9i/Y5iGiSPKQqMzHw6ixSE=
-10,42,29pCKi81aLBMu5X8asxGT7PJgMY=,A1CPbRR44EUwin/vBPhXeMXNOq0=
-11,43,29pCKi81aLBMu5X8asxGT7PJgMY=,A1CPbRR44EUwin/vBPhXeMXNOq0=
-13,45,29pCKi81aLBMu5X8asxGT7PJgMY=,nGvubAJnhXpqftPXUhCgZwKY6mk=
-12,43,29pCKi81aLBMu5X8asxGT7PJgMY=,A1CPbRR44EUwin/vBPhXeMXNOq0=
-14,45,29pCKi81aLBMu5X8asxGT7PJgMY=,nGvubAJnhXpqftPXUhCgZwKY6mk=
-9,42,29pCKi81aLBMu5X8asxGT7PJgMY=,A1CPbRR44EUwin/vBPhXeMXNOq0=
-11,44,29pCKi81aLBMu5X8asxGT7PJgMY=,oQWKB9i/Y5iGiSPKQqMzHw6ixSE=
-12,44,29pCKi81aLBMu5X8asxGT7PJgMY=,oQWKB9i/Y5iGiSPKQqMzHw6ixSE=
-13,44,29pCKi81aLBMu5X8asxGT7PJgMY=,nGvubAJnhXpqftPXUhCgZwKY6mk=
-11,45,29pCKi81aLBMu5X8asxGT7PJgMY=,oQWKB9i/Y5iGiSPKQqMzHw6ixSE=
-11,42,29pCKi81aLBMu5X8asxGT7PJgMY=,A1CPbRR44EUwin/vBPhXeMXNOq0=
-12,42,29pCKi81aLBMu5X8asxGT7PJgMY=,A1CPbRR44EUwin/vBPhXeMXNOq0=
-13,43,29pCKi81aLBMu5X8asxGT7PJgMY=,WgmvRiVOyxpm199v/r0juwkdaGk=
-14,43,29pCKi81aLBMu5X8asxGT7PJgMY=,WgmvRiVOyxpm199v/r0juwkdaGk=
-14,44,29pCKi81aLBMu5X8asxGT7PJgMY=,nGvubAJnhXpqftPXUhCgZwKY6mk=
-8,47,29pCKi81aLBMu5X8asxGT7PJgMY=,NErA9KbIYeatvDPb4xfOFW7zW0g=
-10,43,29pCKi81aLBMu5X8asxGT7PJgMY=,A1CPbRR44EUwin/vBPhXeMXNOq0=
-9,43,29pCKi81aLBMu5X8asxGT7PJgMY=,A1CPbRR44EUwin/vBPhXeMXNOq0=
-10,47,29pCKi81aLBMu5X8asxGT7PJgMY=,oQWKB9i/Y5iGiSPKQqMzHw6ixSE=
-7,47,29pCKi81aLBMu5X8asxGT7PJgMY=,NErA9KbIYeatvDPb4xfOFW7zW0g=
-9,44,29pCKi81aLBMu5X8asxGT7PJgMY=,oQWKB9i/Y5iGiSPKQqMzHw6ixSE=
-10,44,29pCKi81aLBMu5X8asxGT7PJgMY=,oQWKB9i/Y5iGiSPKQqMzHw6ixSE=
-9,47,29pCKi81aLBMu5X8asxGT7PJgMY=,oQWKB9i/Y5iGiSPKQqMzHw6ixSE=
-12,46,29pCKi81aLBMu5X8asxGT7PJgMY=,oQWKB9i/Y5iGiSPKQqMzHw6ixSE=
-8,43,29pCKi81aLBMu5X8asxGT7PJgMY=,P0Yj4CKomPrAX2hFs/V056I6VDE=
-7,43,29pCKi81aLBMu5X8asxGT7PJgMY=,P0Yj4CKomPrAX2hFs/V056I6VDE=
-11,46,29pCKi81aLBMu5X8asxGT7PJgMY=,oQWKB9i/Y5iGiSPKQqMzHw6ixSE=
-8,46,29pCKi81aLBMu5X8asxGT7PJgMY=,NErA9KbIYeatvDPb4xfOFW7zW0g=
-7,46,29pCKi81aLBMu5X8asxGT7PJgMY=,NErA9KbIYeatvDPb4xfOFW7zW0g=
-13,46,29pCKi81aLBMu5X8asxGT7PJgMY=,nGvubAJnhXpqftPXUhCgZwKY6mk=
-11,47,29pCKi81aLBMu5X8asxGT7PJgMY=,oQWKB9i/Y5iGiSPKQqMzHw6ixSE=
-14,47,29pCKi81aLBMu5X8asxGT7PJgMY=,nGvubAJnhXpqftPXUhCgZwKY6mk=
-14,46,29pCKi81aLBMu5X8asxGT7PJgMY=,nGvubAJnhXpqftPXUhCgZwKY6mk=
-13,47,29pCKi81aLBMu5X8asxGT7PJgMY=,nGvubAJnhXpqftPXUhCgZwKY6mk=
-12,47,29pCKi81aLBMu5X8asxGT7PJgMY=,oQWKB9i/Y5iGiSPKQqMzHw6ixSE=
-16,43,29pCKi81aLBMu5X8asxGT7PJgMY=,WgmvRiVOyxpm199v/r0juwkdaGk=
-15,43,29pCKi81aLBMu5X8asxGT7PJgMY=,WgmvRiVOyxpm199v/r0juwkdaGk=
-16,44,29pCKi81aLBMu5X8asxGT7PJgMY=,nGvubAJnhXpqftPXUhCgZwKY6mk=
-16,45,29pCKi81aLBMu5X8asxGT7PJgMY=,nGvubAJnhXpqftPXUhCgZwKY6mk=
-15,42,29pCKi81aLBMu5X8asxGT7PJgMY=,WgmvRiVOyxpm199v/r0juwkdaGk=
-16,42,29pCKi81aLBMu5X8asxGT7PJgMY=,WgmvRiVOyxpm199v/r0juwkdaGk=
-15,45,29pCKi81aLBMu5X8asxGT7PJgMY=,nGvubAJnhXpqftPXUhCgZwKY6mk=
-15,44,29pCKi81aLBMu5X8asxGT7PJgMY=,nGvubAJnhXpqftPXUhCgZwKY6mk=
-16,41,29pCKi81aLBMu5X8asxGT7PJgMY=,WgmvRiVOyxpm199v/r0juwkdaGk=
-15,41,29pCKi81aLBMu5X8asxGT7PJgMY=,WgmvRiVOyxpm199v/r0juwkdaGk=
-16,39,29pCKi81aLBMu5X8asxGT7PJgMY=,6nY5rOdwIWQ2xJybeVecBiSqrg8=
-15,39,29pCKi81aLBMu5X8asxGT7PJgMY=,6nY5rOdwIWQ2xJybeVecBiSqrg8=
-16,40,29pCKi81aLBMu5X8asxGT7PJgMY=,WgmvRiVOyxpm199v/r0juwkdaGk=
-15,40,29pCKi81aLBMu5X8asxGT7PJgMY=,WgmvRiVOyxpm199v/r0juwkdaGk=
-16,38,29pCKi81aLBMu5X8asxGT7PJgMY=,6nY5rOdwIWQ2xJybeVecBiSqrg8=
-15,38,sz3sax5znPOZJ8+OIVBSddJRaVk=,6nY5rOdwIWQ2xJybeVecBiSqrg8=
-8,32,sz3sax5znPOZJ8+OIVBSddJRaVk=,nA7P+15YRzM86kiC3DniQEPPfj0=
-7,32,sz3sax5znPOZJ8+OIVBSddJRaVk=,nA7P+15YRzM86kiC3DniQEPPfj0=
-8,33,sz3sax5znPOZJ8+OIVBSddJRaVk=,nA7P+15YRzM86kiC3DniQEPPfj0=
-7,33,sz3sax5znPOZJ8+OIVBSddJRaVk=,nA7P+15YRzM86kiC3DniQEPPfj0=
-10,32,sz3sax5znPOZJ8+OIVBSddJRaVk=,y2bd46Yt1SCy+B24AB44gb89GVQ=
-9,32,sz3sax5znPOZJ8+OIVBSddJRaVk=,y2bd46Yt1SCy+B24AB44gb89GVQ=
-10,33,sz3sax5znPOZJ8+OIVBSddJRaVk=,y2bd46Yt1SCy+B24AB44gb89GVQ=
-9,33,sz3sax5znPOZJ8+OIVBSddJRaVk=,y2bd46Yt1SCy+B24AB44gb89GVQ=
-4,32,sz3sax5znPOZJ8+OIVBSddJRaVk=,upkPdmuVTtXBY4aoFgtSaBH8T6g=
-3,32,sz3sax5znPOZJ8+OIVBSddJRaVk=,upkPdmuVTtXBY4aoFgtSaBH8T6g=
-3,33,sz3sax5znPOZJ8+OIVBSddJRaVk=,upkPdmuVTtXBY4aoFgtSaBH8T6g=
-6,32,sz3sax5znPOZJ8+OIVBSddJRaVk=,nA7P+15YRzM86kiC3DniQEPPfj0=
-4,33,sz3sax5znPOZJ8+OIVBSddJRaVk=,upkPdmuVTtXBY4aoFgtSaBH8T6g=
-5,32,sz3sax5znPOZJ8+OIVBSddJRaVk=,nA7P+15YRzM86kiC3DniQEPPfj0=
-5,33,sz3sax5znPOZJ8+OIVBSddJRaVk=,nA7P+15YRzM86kiC3DniQEPPfj0=
-6,33,sz3sax5znPOZJ8+OIVBSddJRaVk=,nA7P+15YRzM86kiC3DniQEPPfj0=
-14,32,sz3sax5znPOZJ8+OIVBSddJRaVk=,0ufV5wwLfKAH40DOmxk2ljFu8N4=
-13,32,sz3sax5znPOZJ8+OIVBSddJRaVk=,0ufV5wwLfKAH40DOmxk2ljFu8N4=
-16,36,sz3sax5znPOZJ8+OIVBSddJRaVk=,6nY5rOdwIWQ2xJybeVecBiSqrg8=
-15,36,sz3sax5znPOZJ8+OIVBSddJRaVk=,6nY5rOdwIWQ2xJybeVecBiSqrg8=
-1,33,sz3sax5znPOZJ8+OIVBSddJRaVk=,upkPdmuVTtXBY4aoFgtSaBH8T6g=
-13,36,sz3sax5znPOZJ8+OIVBSddJRaVk=,6nY5rOdwIWQ2xJybeVecBiSqrg8=
-2,36,sz3sax5znPOZJ8+OIVBSddJRaVk=,/sBz3o3vfANcGanzqY4yU1jUkU4=
-2,33,sz3sax5znPOZJ8+OIVBSddJRaVk=,upkPdmuVTtXBY4aoFgtSaBH8T6g=
-14,36,sz3sax5znPOZJ8+OIVBSddJRaVk=,6nY5rOdwIWQ2xJybeVecBiSqrg8=
-13,34,sz3sax5znPOZJ8+OIVBSddJRaVk=,0ufV5wwLfKAH40DOmxk2ljFu8N4=
-1,32,sz3sax5znPOZJ8+OIVBSddJRaVk=,upkPdmuVTtXBY4aoFgtSaBH8T6g=
-2,32,sz3sax5znPOZJ8+OIVBSddJRaVk=,upkPdmuVTtXBY4aoFgtSaBH8T6g=
-1,35,sz3sax5znPOZJ8+OIVBSddJRaVk=,upkPdmuVTtXBY4aoFgtSaBH8T6g=
-12,33,sz3sax5znPOZJ8+OIVBSddJRaVk=,y2bd46Yt1SCy+B24AB44gb89GVQ=
-1,34,sz3sax5znPOZJ8+OIVBSddJRaVk=,upkPdmuVTtXBY4aoFgtSaBH8T6g=
-1,36,sz3sax5znPOZJ8+OIVBSddJRaVk=,/sBz3o3vfANcGanzqY4yU1jUkU4=
-2,35,sz3sax5znPOZJ8+OIVBSddJRaVk=,upkPdmuVTtXBY4aoFgtSaBH8T6g=
-11,33,sz3sax5znPOZJ8+OIVBSddJRaVk=,y2bd46Yt1SCy+B24AB44gb89GVQ=
-13,35,sz3sax5znPOZJ8+OIVBSddJRaVk=,0ufV5wwLfKAH40DOmxk2ljFu8N4=
-14,35,sz3sax5znPOZJ8+OIVBSddJRaVk=,0ufV5wwLfKAH40DOmxk2ljFu8N4=
-14,34,sz3sax5znPOZJ8+OIVBSddJRaVk=,0ufV5wwLfKAH40DOmxk2ljFu8N4=
-2,34,sz3sax5znPOZJ8+OIVBSddJRaVk=,upkPdmuVTtXBY4aoFgtSaBH8T6g=
-12,35,sz3sax5znPOZJ8+OIVBSddJRaVk=,y2bd46Yt1SCy+B24AB44gb89GVQ=
-1,37,sz3sax5znPOZJ8+OIVBSddJRaVk=,/sBz3o3vfANcGanzqY4yU1jUkU4=
-2,37,sz3sax5znPOZJ8+OIVBSddJRaVk=,/sBz3o3vfANcGanzqY4yU1jUkU4=
-16,32,sz3sax5znPOZJ8+OIVBSddJRaVk=,0ufV5wwLfKAH40DOmxk2ljFu8N4=
-11,35,sz3sax5znPOZJ8+OIVBSddJRaVk=,y2bd46Yt1SCy+B24AB44gb89GVQ=
-15,32,sz3sax5znPOZJ8+OIVBSddJRaVk=,0ufV5wwLfKAH40DOmxk2ljFu8N4=
-3,47,sz3sax5znPOZJ8+OIVBSddJRaVk=,e0e6xCv3ym/JeSQEGa6jspAV10k=
-4,46,sz3sax5znPOZJ8+OIVBSddJRaVk=,e0e6xCv3ym/JeSQEGa6jspAV10k=
-4,47,sz3sax5znPOZJ8+OIVBSddJRaVk=,e0e6xCv3ym/JeSQEGa6jspAV10k=
-3,46,sz3sax5znPOZJ8+OIVBSddJRaVk=,e0e6xCv3ym/JeSQEGa6jspAV10k=
-13,37,sz3sax5znPOZJ8+OIVBSddJRaVk=,6nY5rOdwIWQ2xJybeVecBiSqrg8=
-16,33,sz3sax5znPOZJ8+OIVBSddJRaVk=,0ufV5wwLfKAH40DOmxk2ljFu8N4=
-11,36,sz3sax5znPOZJ8+OIVBSddJRaVk=,d4Tp3Oyfhgj5sgdkoE47DCV7b48=
-12,36,sz3sax5znPOZJ8+OIVBSddJRaVk=,d4Tp3Oyfhgj5sgdkoE47DCV7b48=
-14,37,sz3sax5znPOZJ8+OIVBSddJRaVk=,6nY5rOdwIWQ2xJybeVecBiSqrg8=
-11,34,sz3sax5znPOZJ8+OIVBSddJRaVk=,y2bd46Yt1SCy+B24AB44gb89GVQ=
-15,35,sz3sax5znPOZJ8+OIVBSddJRaVk=,0ufV5wwLfKAH40DOmxk2ljFu8N4=
-12,34,sz3sax5znPOZJ8+OIVBSddJRaVk=,y2bd46Yt1SCy+B24AB44gb89GVQ=
-16,34,sz3sax5znPOZJ8+OIVBSddJRaVk=,0ufV5wwLfKAH40DOmxk2ljFu8N4=
-6,46,sz3sax5znPOZJ8+OIVBSddJRaVk=,NErA9KbIYeatvDPb4xfOFW7zW0g=
-5,47,sz3sax5znPOZJ8+OIVBSddJRaVk=,NErA9KbIYeatvDPb4xfOFW7zW0g=
-15,33,sz3sax5znPOZJ8+OIVBSddJRaVk=,0ufV5wwLfKAH40DOmxk2ljFu8N4=
-16,35,sz3sax5znPOZJ8+OIVBSddJRaVk=,0ufV5wwLfKAH40DOmxk2ljFu8N4=
-2,39,sz3sax5znPOZJ8+OIVBSddJRaVk=,/sBz3o3vfANcGanzqY4yU1jUkU4=
-2,44,sz3sax5znPOZJ8+OIVBSddJRaVk=,e0e6xCv3ym/JeSQEGa6jspAV10k=
-11,37,sz3sax5znPOZJ8+OIVBSddJRaVk=,d4Tp3Oyfhgj5sgdkoE47DCV7b48=
-1,43,sz3sax5znPOZJ8+OIVBSddJRaVk=,YYRmOgijuChoOyfXkl1QW8jWzp4=
-1,39,sz3sax5znPOZJ8+OIVBSddJRaVk=,/sBz3o3vfANcGanzqY4yU1jUkU4=
-12,37,sz3sax5znPOZJ8+OIVBSddJRaVk=,d4Tp3Oyfhgj5sgdkoE47DCV7b48=
-14,33,sz3sax5znPOZJ8+OIVBSddJRaVk=,0ufV5wwLfKAH40DOmxk2ljFu8N4=
-13,33,sz3sax5znPOZJ8+OIVBSddJRaVk=,0ufV5wwLfKAH40DOmxk2ljFu8N4=
-2,46,sz3sax5znPOZJ8+OIVBSddJRaVk=,e0e6xCv3ym/JeSQEGa6jspAV10k=
-11,32,sz3sax5znPOZJ8+OIVBSddJRaVk=,y2bd46Yt1SCy+B24AB44gb89GVQ=
-15,34,sz3sax5znPOZJ8+OIVBSddJRaVk=,0ufV5wwLfKAH40DOmxk2ljFu8N4=
-2,43,sz3sax5znPOZJ8+OIVBSddJRaVk=,YYRmOgijuChoOyfXkl1QW8jWzp4=
-5,46,sz3sax5znPOZJ8+OIVBSddJRaVk=,NErA9KbIYeatvDPb4xfOFW7zW0g=
-12,32,sz3sax5znPOZJ8+OIVBSddJRaVk=,y2bd46Yt1SCy+B24AB44gb89GVQ=
-15,37,sz3sax5znPOZJ8+OIVBSddJRaVk=,6nY5rOdwIWQ2xJybeVecBiSqrg8=
-6,47,sz3sax5znPOZJ8+OIVBSddJRaVk=,NErA9KbIYeatvDPb4xfOFW7zW0g=
-1,42,sz3sax5znPOZJ8+OIVBSddJRaVk=,YYRmOgijuChoOyfXkl1QW8jWzp4=
-1,38,sz3sax5znPOZJ8+OIVBSddJRaVk=,/sBz3o3vfANcGanzqY4yU1jUkU4=
-16,37,sz3sax5znPOZJ8+OIVBSddJRaVk=,6nY5rOdwIWQ2xJybeVecBiSqrg8=
-1,44,sz3sax5znPOZJ8+OIVBSddJRaVk=,e0e6xCv3ym/JeSQEGa6jspAV10k=
-1,46,sz3sax5znPOZJ8+OIVBSddJRaVk=,e0e6xCv3ym/JeSQEGa6jspAV10k=
-2,47,sz3sax5znPOZJ8+OIVBSddJRaVk=,e0e6xCv3ym/JeSQEGa6jspAV10k=
-2,38,sz3sax5znPOZJ8+OIVBSddJRaVk=,/sBz3o3vfANcGanzqY4yU1jUkU4=
-1,41,sz3sax5znPOZJ8+OIVBSddJRaVk=,YYRmOgijuChoOyfXkl1QW8jWzp4=
-1,47,sz3sax5znPOZJ8+OIVBSddJRaVk=,e0e6xCv3ym/JeSQEGa6jspAV10k=
-1,45,sz3sax5znPOZJ8+OIVBSddJRaVk=,e0e6xCv3ym/JeSQEGa6jspAV10k=
-2,40,sz3sax5znPOZJ8+OIVBSddJRaVk=,YYRmOgijuChoOyfXkl1QW8jWzp4=
-2,42,sz3sax5znPOZJ8+OIVBSddJRaVk=,YYRmOgijuChoOyfXkl1QW8jWzp4=
-1,40,sz3sax5znPOZJ8+OIVBSddJRaVk=,YYRmOgijuChoOyfXkl1QW8jWzp4=
-2,41,sz3sax5znPOZJ8+OIVBSddJRaVk=,YYRmOgijuChoOyfXkl1QW8jWzp4=
-2,45,sz3sax5znPOZJ8+OIVBSddJRaVk=,e0e6xCv3ym/JeSQEGa6jspAV10k=
-16,47,sz3sax5znPOZJ8+OIVBSddJRaVk=,nGvubAJnhXpqftPXUhCgZwKY6mk=
-16,46,sz3sax5znPOZJ8+OIVBSddJRaVk=,nGvubAJnhXpqftPXUhCgZwKY6mk=
-15,47,sz3sax5znPOZJ8+OIVBSddJRaVk=,nGvubAJnhXpqftPXUhCgZwKY6mk=
-15,46,sz3sax5znPOZJ8+OIVBSddJRaVk=,nGvubAJnhXpqftPXUhCgZwKY6mk=
