13,10,ecwYRt3FokPNoA/nSDlVysmzmcA=,VJcWYBQmAjVOw7VFYooYtGJ5F8k=
14,9,ecwYRt3FokPNoA/nSDlVysmzmcA=,VJcWYBQmAjVOw7VFYooYtGJ5F8k=
13,9,ecwYRt3FokPNoA/nSDlVysmzmcA=,VJcWYBQmAjVOw7VFYooYtGJ5F8k=
14,10,ecwYRt3FokPNoA/nSDlVysmzmcA=,VJcWYBQmAjVOw7VFYooYtGJ5F8k=
9,14,ecwYRt3FokPNoA/nSDlVysmzmcA=,oYSNQzbsrs9nsSo1hm7U1vQ37wI=
10,13,ecwYRt3FokPNoA/nSDlVysmzmcA=,oYSNQzbsrs9nsSo1hm7U1vQ37wI=
9,13,ecwYRt3FokPNoA/nSDlVysmzmcA=,oYSNQzbsrs9nsSo1hm7U1vQ37wI=
10,14,ecwYRt3FokPNoA/nSDlVysmzmcA=,oYSNQzbsrs9nsSo1hm7U1vQ37wI=
14,12,ecwYRt3FokPNoA/nSDlVysmzmcA=,XpkmXxwk6YDnYoL8TBfMdWscX8E=
12,13,ecwYRt3FokPNoA/nSDlVysmzmcA=,XpkmXxwk6YDnYoL8TBfMdWscX8E=
11,13,ecwYRt3FokPNoA/nSDlVysmzmcA=,oYSNQzbsrs9nsSo1hm7U1vQ37wI=
13,12,ecwYRt3FokPNoA/nSDlVysmzmcA=,XpkmXxwk6YDnYoL8TBfMdWscX8E=
12,9,ecwYRt3FokPNoA/nSDlVysmzmcA=,VJcWYBQmAjVOw7VFYooYtGJ5F8k=
14,14,ecwYRt3FokPNoA/nSDlVysmzmcA=,XpkmXxwk6YDnYoL8TBfMdWscX8E=
14,11,ecwYRt3FokPNoA/nSDlVysmzmcA=,VJcWYBQmAjVOw7VFYooYtGJ5F8k=
13,11,ecwYRt3FokPNoA/nSDlVysmzmcA=,VJcWYBQmAjVOw7VFYooYtGJ5F8k=
13,14,ecwYRt3FokPNoA/nSDlVysmzmcA=,XpkmXxwk6YDnYoL8TBfMdWscX8E=
12,11,ecwYRt3FokPNoA/nSDlVysmzmcA=,VJcWYBQmAjVOw7VFYooYtGJ5F8k=
11,14,ecwYRt3FokPNoA/nSDlVysmzmcA=,oYSNQzbsrs9nsSo1hm7U1vQ37wI=
14,13,ecwYRt3FokPNoA/nSDlVysmzmcA=,XpkmXxwk6YDnYoL8TBfMdWscX8E=
11,10,ecwYRt3FokPNoA/nSDlVysmzmcA=,qIkZh6N1f8y/SA881MWBTR0S4yg=
12,14,ecwYRt3FokPNoA/nSDlVysmzmcA=,XpkmXxwk6YDnYoL8TBfMdWscX8E=
13,13,ecwYRt3FokPNoA/nSDlVysmzmcA=,XpkmXxwk6YDnYoL8TBfMdWscX8E=
11,9,ecwYRt3FokPNoA/nSDlVysmzmcA=,qIkZh6N1f8y/SA881MWBTR0S4yg=
11,12,ecwYRt3FokPNoA/nSDlVysmzmcA=,oYSNQzbsrs9nsSo1hm7U1vQ37wI=
9,10,ecwYRt3FokPNoA/nSDlVysmzmcA=,qIkZh6N1f8y/SA881MWBTR0S4yg=
10,12,ecwYRt3FokPNoA/nSDlVysmzmcA=,oYSNQzbsrs9nsSo1hm7U1vQ37wI=
10,10,ecwYRt3FokPNoA/nSDlVysmzmcA=,qIkZh6N1f8y/SA881MWBTR0S4yg=
11,11,ecwYRt3FokPNoA/nSDlVysmzmcA=,qIkZh6N1f8y/SA881MWBTR0S4yg=
12,12,ecwYRt3FokPNoA/nSDlVysmzmcA=,XpkmXxwk6YDnYoL8TBfMdWscX8E=
9,12,ecwYRt3FokPNoA/nSDlVysmzmcA=,oYSNQzbsrs9nsSo1hm7U1vQ37wI=
10,9,ecwYRt3FokPNoA/nSDlVysmzmcA=,qIkZh6N1f8y/SA881MWBTR0S4yg=
10,11,ecwYRt3FokPNoA/nSDlVysmzmcA=,qIkZh6N1f8y/SA881MWBTR0S4yg=
12,10,ecwYRt3FokPNoA/nSDlVysmzmcA=,VJcWYBQmAjVOw7VFYooYtGJ5F8k=
9,11,ecwYRt3FokPNoA/nSDlVysmzmcA=,qIkZh6N1f8y/SA881MWBTR0S4yg=
9,9,ecwYRt3FokPNoA/nSDlVysmzmcA=,qIkZh6N1f8y/SA881MWBTR0S4yg=
9,5,ecwYRt3FokPNoA/nSDlVysmzmcA=,As4BE6cC9K5wVYWayH7hh5yuSjg=
10,5,ecwYRt3FokPNoA/nSDlVysmzmcA=,As4BE6cC9K5wVYWayH7hh5yuSjg=
9,8,ecwYRt3FokPNoA/nSDlVysmzmcA=,qIkZh6N1f8y/SA881MWBTR0S4yg=
10,8,ecwYRt3FokPNoA/nSDlVysmzmcA=,qIkZh6N1f8y/SA881MWBTR0S4yg=
10,6,ecwYRt3FokPNoA/nSDlVysmzmcA=,As4BE6cC9K5wVYWayH7hh5yuSjg=
9,7,ecwYRt3FokPNoA/nSDlVysmzmcA=,As4BE6cC9K5wVYWayH7hh5yuSjg=
10,7,ecwYRt3FokPNoA/nSDlVysmzmcA=,As4BE6cC9K5wVYWayH7hh5yuSjg=
9,6,ecwYRt3FokPNoA/nSDlVysmzmcA=,As4BE6cC9K5wVYWayH7hh5yuSjg=
12,8,9T1qMm7lfSueXLQDQh4dHxbcxYQ=,VJcWYBQmAjVOw7VFYooYtGJ5F8k=
13,8,9T1qMm7lfSueXLQDQh4dHxbcxYQ=,VJcWYBQmAjVOw7VFYooYtGJ5F8k=
11,6,9T1qMm7lfSueXLQDQh4dHxbcxYQ=,As4BE6cC9K5wVYWayH7hh5yuSjg=
11,8,9T1qMm7lfSueXLQDQh4dHxbcxYQ=,qIkZh6N1f8y/SA881MWBTR0S4yg=
11,5,9T1qMm7lfSueXLQDQh4dHxbcxYQ=,As4BE6cC9K5wVYWayH7hh5yuSjg=
13,6,9T1qMm7lfSueXLQDQh4dHxbcxYQ=,m8kfGcIsmOq7dB8/GzWTci2c85k=
11,7,9T1qMm7lfSueXLQDQh4dHxbcxYQ=,As4BE6cC9K5wVYWayH7hh5yuSjg=
13,5,9T1qMm7lfSueXLQDQh4dHxbcxYQ=,m8kfGcIsmOq7dB8/GzWTci2c85k=
13,7,9T1qMm7lfSueXLQDQh4dHxbcxYQ=,m8kfGcIsmOq7dB8/GzWTci2c85k=
14,8,9T1qMm7lfSueXLQDQh4dHxbcxYQ=,VJcWYBQmAjVOw7VFYooYtGJ5F8k=
14,5,9T1qMm7lfSueXLQDQh4dHxbcxYQ=,m8kfGcIsmOq7dB8/GzWTci2c85k=
14,6,9T1qMm7lfSueXLQDQh4dHxbcxYQ=,m8kfGcIsmOq7dB8/GzWTci2c85k=
14,7,9T1qMm7lfSueXLQDQh4dHxbcxYQ=,m8kfGcIsmOq7dB8/GzWTci2c85k=
12,5,9T1qMm7lfSueXLQDQh4dHxbcxYQ=,m8kfGcIsmOq7dB8/GzWTci2c85k=
12,7,9T1qMm7lfSueXLQDQh4dHxbcxYQ=,m8kfGcIsmOq7dB8/GzWTci2c85k=
12,6,9T1qMm7lfSueXLQDQh4dHxbcxYQ=,m8kfGcIsmOq7dB8/GzWTci2c85k=
9,3,9T1qMm7lfSueXLQDQh4dHxbcxYQ=,ZUgrEPCr2foWYSLACaCs/Cuu9k0=
10,4,9T1qMm7lfSueXLQDQh4dHxbcxYQ=,As4BE6cC9K5wVYWayH7hh5yuSjg=
9,4,9T1qMm7lfSueXLQDQh4dHxbcxYQ=,As4BE6cC9K5wVYWayH7hh5yuSjg=
10,1,9T1qMm7lfSueXLQDQh4dHxbcxYQ=,ZUgrEPCr2foWYSLACaCs/Cuu9k0=
10,2,9T1qMm7lfSueXLQDQh4dHxbcxYQ=,ZUgrEPCr2foWYSLACaCs/Cuu9k0=
9,1,9T1qMm7lfSueXLQDQh4dHxbcxYQ=,ZUgrEPCr2foWYSLACaCs/Cuu9k0=
9,2,9T1qMm7lfSueXLQDQh4dHxbcxYQ=,ZUgrEPCr2foWYSLACaCs/Cuu9k0=
10,3,9T1qMm7lfSueXLQDQh4dHxbcxYQ=,ZUgrEPCr2foWYSLACaCs/Cuu9k0=
12,2,9T1qMm7lfSueXLQDQh4dHxbcxYQ=,crZcRxhTMJI1HccH8zzB4o3lkH8=
12,1,9T1qMm7lfSueXLQDQh4dHxbcxYQ=,crZcRxhTMJI1HccH8zzB4o3lkH8=
12,3,9T1qMm7lfSueXLQDQh4dHxbcxYQ=,crZcRxhTMJI1HccH8zzB4o3lkH8=
13,3,9T1qMm7lfSueXLQDQh4dHxbcxYQ=,crZcRxhTMJI1HccH8zzB4o3lkH8=
11,2,9T1qMm7lfSueXLQDQh4dHxbcxYQ=,ZUgrEPCr2foWYSLACaCs/Cuu9k0=
14,4,9T1qMm7lfSueXLQDQh4dHxbcxYQ=,m8kfGcIsmOq7dB8/GzWTci2c85k=
14,1,9T1qMm7lfSueXLQDQh4dHxbcxYQ=,crZcRxhTMJI1HccH8zzB4o3lkH8=
14,2,9T1qMm7lfSueXLQDQh4dHxbcxYQ=,crZcRxhTMJI1HccH8zzB4o3lkH8=
11,4,9T1qMm7lfSueXLQDQh4dHxbcxYQ=,As4BE6cC9K5wVYWayH7hh5yuSjg=
11,3,9T1qMm7lfSueXLQDQh4dHxbcxYQ=,ZUgrEPCr2foWYSLACaCs/Cuu9k0=
14,3,9T1qMm7lfSueXLQDQh4dHxbcxYQ=,crZcRxhTMJI1HccH8zzB4o3lkH8=
11,1,9T1qMm7lfSueXLQDQh4dHxbcxYQ=,ZUgrEPCr2foWYSLACaCs/Cuu9k0=
13,4,9T1qMm7lfSueXLQDQh4dHxbcxYQ=,m8kfGcIsmOq7dB8/GzWTci2c85k=
12,4,9T1qMm7lfSueXLQDQh4dHxbcxYQ=,m8kfGcIsmOq7dB8/GzWTci2c85k=
13,1,9T1qMm7lfSueXLQDQh4dHxbcxYQ=,crZcRxhTMJI1HccH8zzB4o3lkH8=
13,2,9T1qMm7lfSueXLQDQh4dHxbcxYQ=,crZcRxhTMJI1HccH8zzB4o3lkH8=
8,5,9T1qMm7lfSueXLQDQh4dHxbcxYQ=,As4BE6cC9K5wVYWayH7hh5yuSjg=
5,5,9T1qMm7lfSueXLQDQh4dHxbcxYQ=,dnxDI9QoDSoBWfIKrx0lshNzHpw=
8,6,9T1qMm7lfSueXLQDQh4dHxbcxYQ=,As4BE6cC9K5wVYWayH7hh5yuSjg=
7,6,9T1qMm7lfSueXLQDQh4dHxbcxYQ=,dnxDI9QoDSoBWfIKrx0lshNzHpw=
6,5,9T1qMm7lfSueXLQDQh4dHxbcxYQ=,dnxDI9QoDSoBWfIKrx0lshNzHpw=
7,5,9T1qMm7lfSueXLQDQh4dHxbcxYQ=,dnxDI9QoDSoBWfIKrx0lshNzHpw=
5,6,9T1qMm7lfSueXLQDQh4dHxbcxYQ=,dnxDI9QoDSoBWfIKrx0lshNzHpw=
6,6,9T1qMm7lfSueXLQDQh4dHxbcxYQ=,dnxDI9QoDSoBWfIKrx0lshNzHpw=
8,1,9T1qMm7lfSueXLQDQh4dHxbcxYQ=,ZUgrEPCr2foWYSLACaCs/Cuu9k0=
8,3,9T1qMm7lfSueXLQDQh4dHxbcxYQ=,ZUgrEPCr2foWYSLACaCs/Cuu9k0=
5,2,9T1qMm7lfSueXLQDQh4dHxbcxYQ=,6H/s/enk0czz0XAZ9W9fq2fU0jE=
6,2,9T1qMm7lfSueXLQDQh4dHxbcxYQ=,6H/s/enk0czz0XAZ9W9fq2fU0jE=
7,3,9T1qMm7lfSueXLQDQh4dHxbcxYQ=,6H/s/enk0czz0XAZ9W9fq2fU0jE=
8,4,9T1qMm7lfSueXLQDQh4dHxbcxYQ=,As4BE6cC9K5wVYWayH7hh5yuSjg=
7,2,9T1qMm7lfSueXLQDQh4dHxbcxYQ=,6H/s/enk0czz0XAZ9W9fq2fU0jE=
7,4,9T1qMm7lfSueXLQDQh4dHxbcxYQ=,dnxDI9QoDSoBWfIKrx0lshNzHpw=
6,3,9T1qMm7lfSueXLQDQh4dHxbcxYQ=,6H/s/enk0czz0XAZ9W9fq2fU0jE=
7,1,9T1qMm7lfSueXLQDQh4dHxbcxYQ=,6H/s/enk0czz0XAZ9W9fq2fU0jE=
5,3,9T1qMm7lfSueXLQDQh4dHxbcxYQ=,6H/s/enk0czz0XAZ9W9fq2fU0jE=
8,2,9T1qMm7lfSueXLQDQh4dHxbcxYQ=,ZUgrEPCr2foWYSLACaCs/Cuu9k0=
6,1,9T1qMm7lfSueXLQDQh4dHxbcxYQ=,6H/s/enk0czz0XAZ9W9fq2fU0jE=
6,4,9T1qMm7lfSueXLQDQh4dHxbcxYQ=,dnxDI9QoDSoBWfIKrx0lshNzHpw=
5,1,9T1qMm7lfSueXLQDQh4dHxbcxYQ=,6H/s/enk0czz0XAZ9W9fq2fU0jE=
5,4,9T1qMm7lfSueXLQDQh4dHxbcxYQ=,dnxDI9QoDSoBWfIKrx0lshNzHpw=
8,8,9T1qMm7lfSueXLQDQh4dHxbcxYQ=,qIkZh6N1f8y/SA881MWBTR0S4yg=
8,10,9T1qMm7lfSueXLQDQh4dHxbcxYQ=,qIkZh6N1f8y/SA881MWBTR0S4yg=
5,10,9T1qMm7lfSueXLQDQh4dHxbcxYQ=,GyFXjnNxbk95Ida5xZX79QoHM2k=
7,14,9T1qMm7lfSueXLQDQh4dHxbcxYQ=,QBl9Y78jGtEQstyUKAKunvQUzqQ=
8,9,9T1qMm7lfSueXLQDQh4dHxbcxYQ=,qIkZh6N1f8y/SA881MWBTR0S4yg=
7,10,9T1qMm7lfSueXLQDQh4dHxbcxYQ=,GyFXjnNxbk95Ida5xZX79QoHM2k=
7,8,9T1qMm7lfSueXLQDQh4dHxbcxYQ=,GyFXjnNxbk95Ida5xZX79QoHM2k=
8,7,9T1qMm7lfSueXLQDQh4dHxbcxYQ=,As4BE6cC9K5wVYWayH7hh5yuSjg=
8,13,9T1qMm7lfSueXLQDQh4dHxbcxYQ=,oYSNQzbsrs9nsSo1hm7U1vQ37wI=
6,8,9T1qMm7lfSueXLQDQh4dHxbcxYQ=,GyFXjnNxbk95Ida5xZX79QoHM2k=
7,12,9T1qMm7lfSueXLQDQh4dHxbcxYQ=,QBl9Y78jGtEQstyUKAKunvQUzqQ=
7,13,9T1qMm7lfSueXLQDQh4dHxbcxYQ=,QBl9Y78jGtEQstyUKAKunvQUzqQ=
8,11,9T1qMm7lfSueXLQDQh4dHxbcxYQ=,qIkZh6N1f8y/SA881MWBTR0S4yg=
7,7,9T1qMm7lfSueXLQDQh4dHxbcxYQ=,dnxDI9QoDSoBWfIKrx0lshNzHpw=
6,14,9T1qMm7lfSueXLQDQh4dHxbcxYQ=,QBl9Y78jGtEQstyUKAKunvQUzqQ=
5,11,9T1qMm7lfSueXLQDQh4dHxbcxYQ=,GyFXjnNxbk95Ida5xZX79QoHM2k=
5,8,9T1qMm7lfSueXLQDQh4dHxbcxYQ=,GyFXjnNxbk95Ida5xZX79QoHM2k=
5,12,9T1qMm7lfSueXLQDQh4dHxbcxYQ=,QBl9Y78jGtEQstyUKAKunvQUzqQ=
6,13,9T1qMm7lfSueXLQDQh4dHxbcxYQ=,QBl9Y78jGtEQstyUKAKunvQUzqQ=
7,11,9T1qMm7lfSueXLQDQh4dHxbcxYQ=,GyFXjnNxbk95Ida5xZX79QoHM2k=
5,7,9T1qMm7lfSueXLQDQh4dHxbcxYQ=,dnxDI9QoDSoBWfIKrx0lshNzHpw=
8,12,9T1qMm7lfSueXLQDQh4dHxbcxYQ=,oYSNQzbsrs9nsSo1hm7U1vQ37wI=
6,11,9T1qMm7lfSueXLQDQh4dHxbcxYQ=,GyFXjnNxbk95Ida5xZX79QoHM2k=
5,14,9T1qMm7lfSueXLQDQh4dHxbcxYQ=,QBl9Y78jGtEQstyUKAKunvQUzqQ=
6,7,9T1qMm7lfSueXLQDQh4dHxbcxYQ=,dnxDI9QoDSoBWfIKrx0lshNzHpw=
5,13,9T1qMm7lfSueXLQDQh4dHxbcxYQ=,QBl9Y78jGtEQstyUKAKunvQUzqQ=
6,12,9T1qMm7lfSueXLQDQh4dHxbcxYQ=,QBl9Y78jGtEQstyUKAKunvQUzqQ=
8,14,9T1qMm7lfSueXLQDQh4dHxbcxYQ=,oYSNQzbsrs9nsSo1hm7U1vQ37wI=
7,9,9T1qMm7lfSueXLQDQh4dHxbcxYQ=,GyFXjnNxbk95Ida5xZX79QoHM2k=
5,9,9T1qMm7lfSueXLQDQh4dHxbcxYQ=,GyFXjnNxbk95Ida5xZX79QoHM2k=
6,10,9T1qMm7lfSueXLQDQh4dHxbcxYQ=,GyFXjnNxbk95Ida5xZX79QoHM2k=
6,9,9T1qMm7lfSueXLQDQh4dHxbcxYQ=,GyFXjnNxbk95Ida5xZX79QoHM2k=
4,11,9T1qMm7lfSueXLQDQh4dHxbcxYQ=,GyFXjnNxbk95Ida5xZX79QoHM2k=
2,12,9T1qMm7lfSueXLQDQh4dHxbcxYQ=,4gOSwI07FAxVuKp3IUjq9x2ZMVA=
1,13,9T1qMm7lfSueXLQDQh4dHxbcxYQ=,4gOSwI07FAxVuKp3IUjq9x2ZMVA=
3,14,9T1qMm7lfSueXLQDQh4dHxbcxYQ=,4gOSwI07FAxVuKp3IUjq9x2ZMVA=
4,14,9T1qMm7lfSueXLQDQh4dHxbcxYQ=,QBl9Y78jGtEQstyUKAKunvQUzqQ=
4,10,9T1qMm7lfSueXLQDQh4dHxbcxYQ=,GyFXjnNxbk95Ida5xZX79QoHM2k=
2,11,9T1qMm7lfSueXLQDQh4dHxbcxYQ=,p80skC+SekCU+ifNhhetx81oOq8=
4,9,9T1qMm7lfSueXLQDQh4dHxbcxYQ=,GyFXjnNxbk95Ida5xZX79QoHM2k=
2,14,9T1qMm7lfSueXLQDQh4dHxbcxYQ=,4gOSwI07FAxVuKp3IUjq9x2ZMVA=
4,12,9T1qMm7lfSueXLQDQh4dHxbcxYQ=,QBl9Y78jGtEQstyUKAKunvQUzqQ=
1,12,9T1qMm7lfSueXLQDQh4dHxbcxYQ=,4gOSwI07FAxVuKp3IUjq9x2ZMVA=
3,9,9T1qMm7lfSueXLQDQh4dHxbcxYQ=,p80skC+SekCU+ifNhhetx81oOq8=
3,13,9T1qMm7lfSueXLQDQh4dHxbcxYQ=,4gOSwI07FAxVuKp3IUjq9x2ZMVA=
2,13,9T1qMm7lfSueXLQDQh4dHxbcxYQ=,4gOSwI07FAxVuKp3IUjq9x2ZMVA=
1,14,9T1qMm7lfSueXLQDQh4dHxbcxYQ=,4gOSwI07FAxVuKp3IUjq9x2ZMVA=
1,11,9T1qMm7lfSueXLQDQh4dHxbcxYQ=,p80skC+SekCU+ifNhhetx81oOq8=
3,12,9T1qMm7lfSueXLQDQh4dHxbcxYQ=,4gOSwI07FAxVuKp3IUjq9x2ZMVA=
1,9,9T1qMm7lfSueXLQDQh4dHxbcxYQ=,p80skC+SekCU+ifNhhetx81oOq8=
2,10,9T1qMm7lfSueXLQDQh4dHxbcxYQ=,p80skC+SekCU+ifNhhetx81oOq8=
2,9,9T1qMm7lfSueXLQDQh4dHxbcxYQ=,p80skC+SekCU+ifNhhetx81oOq8=
1,10,9T1qMm7lfSueXLQDQh4dHxbcxYQ=,p80skC+SekCU+ifNhhetx81oOq8=
3,10,9T1qMm7lfSueXLQDQh4dHxbcxYQ=,p80skC+SekCU+ifNhhetx81oOq8=
3,11,9T1qMm7lfSueXLQDQh4dHxbcxYQ=,p80skC+SekCU+ifNhhetx81oOq8=
4,13,9T1qMm7lfSueXLQDQh4dHxbcxYQ=,QBl9Y78jGtEQstyUKAKunvQUzqQ=
0,10,9T1qMm7lfSueXLQDQh4dHxbcxYQ=,p80skC+SekCU+ifNhhetx81oOq8=
0,9,9T1qMm7lfSueXLQDQh4dHxbcxYQ=,p80skC+SekCU+ifNhhetx81oOq8=
6,0,9T1qMm7lfSueXLQDQh4dHxbcxYQ=,6H/s/enk0czz0XAZ9W9fq2fU0jE=
5,0,9T1qMm7lfSueXLQDQh4dHxbcxYQ=,6H/s/enk0czz0XAZ9W9fq2fU0jE=
8,0,9T1qMm7lfSueXLQDQh4dHxbcxYQ=,ZUgrEPCr2foWYSLACaCs/Cuu9k0=
7,0,9T1qMm7lfSueXLQDQh4dHxbcxYQ=,6H/s/enk0czz0XAZ9W9fq2fU0jE=
10,0,9T1qMm7lfSueXLQDQh4dHxbcxYQ=,ZUgrEPCr2foWYSLACaCs/Cuu9k0=
9,0,9T1qMm7lfSueXLQDQh4dHxbcxYQ=,ZUgrEPCr2foWYSLACaCs/Cuu9k0=
12,0,9T1qMm7lfSueXLQDQh4dHxbcxYQ=,crZcRxhTMJI1HccH8zzB4o3lkH8=
15,1,9T1qMm7lfSueXLQDQh4dHxbcxYQ=,crZcRxhTMJI1HccH8zzB4o3lkH8=
13,0,9T1qMm7lfSueXLQDQh4dHxbcxYQ=,crZcRxhTMJI1HccH8zzB4o3lkH8=
11,0,9T1qMm7lfSueXLQDQh4dHxbcxYQ=,ZUgrEPCr2foWYSLACaCs/Cuu9k0=
15,2,9T1qMm7lfSueXLQDQh4dHxbcxYQ=,crZcRxhTMJI1HccH8zzB4o3lkH8=
14,0,9T1qMm7lfSueXLQDQh4dHxbcxYQ=,crZcRxhTMJI1HccH8zzB4o3lkH8=
15,4,9T1qMm7lfSueXLQDQh4dHxbcxYQ=,m8kfGcIsmOq7dB8/GzWTci2c85k=
15,3,9T1qMm7lfSueXLQDQh4dHxbcxYQ=,crZcRxhTMJI1HccH8zzB4o3lkH8=
15,8,9T1qMm7lfSueXLQDQh4dHxbcxYQ=,VJcWYBQmAjVOw7VFYooYtGJ5F8k=
15,5,9T1qMm7lfSueXLQDQh4dHxbcxYQ=,m8kfGcIsmOq7dB8/GzWTci2c85k=
15,6,9T1qMm7lfSueXLQDQh4dHxbcxYQ=,m8kfGcIsmOq7dB8/GzWTci2c85k=
15,10,9T1qMm7lfSueXLQDQh4dHxbcxYQ=,VJcWYBQmAjVOw7VFYooYtGJ5F8k=
15,7,9T1qMm7lfSueXLQDQh4dHxbcxYQ=,m8kfGcIsmOq7dB8/GzWTci2c85k=
15,9,9T1qMm7lfSueXLQDQh4dHxbcxYQ=,VJcWYBQmAjVOw7VFYooYtGJ5F8k=
14,15,9T1qMm7lfSueXLQDQh4dHxbcxYQ=,XpkmXxwk6YDnYoL8TBfMdWscX8E=
13,15,9T1qMm7lfSueXLQDQh4dHxbcxYQ=,XpkmXxwk6YDnYoL8TBfMdWscX8E=
12,15,9T1qMm7lfSueXLQDQh4dHxbcxYQ=,XpkmXxwk6YDnYoL8TBfMdWscX8E=
11,15,9T1qMm7lfSueXLQDQh4dHxbcxYQ=,oYSNQzbsrs9nsSo1hm7U1vQ37wI=
10,15,9T1qMm7lfSueXLQDQh4dHxbcxYQ=,oYSNQzbsrs9nsSo1hm7U1vQ37wI=
9,15,9T1qMm7lfSueXLQDQh4dHxbcxYQ=,oYSNQzbsrs9nsSo1hm7U1vQ37wI=
15,12,9T1qMm7lfSueXLQDQh4dHxbcxYQ=,XpkmXxwk6YDnYoL8TBfMdWscX8E=
15,13,9T1qMm7lfSueXLQDQh4dHxbcxYQ=,XpkmXxwk6YDnYoL8TBfMdWscX8E=
15,11,9T1qMm7lfSueXLQDQh4dHxbcxYQ=,VJcWYBQmAjVOw7VFYooYtGJ5F8k=
15,14,9T1qMm7lfSueXLQDQh4dHxbcxYQ=,XpkmXxwk6YDnYoL8TBfMdWscX8E=
3,7,9T1qMm7lfSueXLQDQh4dHxbcxYQ=,y6D+DYQP/E0O827DhkgJCxUd0G8=
2,8,9T1qMm7lfSueXLQDQh4dHxbcxYQ=,p80skC+SekCU+ifNhhetx81oOq8=
3,6,9T1qMm7lfSueXLQDQh4dHxbcxYQ=,y6D+DYQP/E0O827DhkgJCxUd0G8=
4,8,9T1qMm7lfSueXLQDQh4dHxbcxYQ=,GyFXjnNxbk95Ida5xZX79QoHM2k=
1,8,9T1qMm7lfSueXLQDQh4dHxbcxYQ=,p80skC+SekCU+ifNhhetx81oOq8=
1,7,9T1qMm7lfSueXLQDQh4dHxbcxYQ=,y6D+DYQP/E0O827DhkgJCxUd0G8=
2,7,9T1qMm7lfSueXLQDQh4dHxbcxYQ=,y6D+DYQP/E0O827DhkgJCxUd0G8=
2,6,9T1qMm7lfSueXLQDQh4dHxbcxYQ=,y6D+DYQP/E0O827DhkgJCxUd0G8=
3,8,9T1qMm7lfSueXLQDQh4dHxbcxYQ=,p80skC+SekCU+ifNhhetx81oOq8=
3,5,9T1qMm7lfSueXLQDQh4dHxbcxYQ=,y6D+DYQP/E0O827DhkgJCxUd0G8=
1,15,9T1qMm7lfSueXLQDQh4dHxbcxYQ=,4gOSwI07FAxVuKp3IUjq9x2ZMVA=
8,15,9T1qMm7lfSueXLQDQh4dHxbcxYQ=,oYSNQzbsrs9nsSo1hm7U1vQ37wI=
4,7,9T1qMm7lfSueXLQDQh4dHxbcxYQ=,dnxDI9QoDSoBWfIKrx0lshNzHpw=
1,6,9T1qMm7lfSueXLQDQh4dHxbcxYQ=,y6D+DYQP/E0O827DhkgJCxUd0G8=
2,4,9T1qMm7lfSueXLQDQh4dHxbcxYQ=,y6D+DYQP/E0O827DhkgJCxUd0G8=
3,15,9T1qMm7lfSueXLQDQh4dHxbcxYQ=,4gOSwI07FAxVuKp3IUjq9x2ZMVA=
2,5,9T1qMm7lfSueXLQDQh4dHxbcxYQ=,y6D+DYQP/E0O827DhkgJCxUd0G8=
7,15,9T1qMm7lfSueXLQDQh4dHxbcxYQ=,QBl9Y78jGtEQstyUKAKunvQUzqQ=
5,15,9T1qMm7lfSueXLQDQh4dHxbcxYQ=,QBl9Y78jGtEQstyUKAKunvQUzqQ=
6,15,9T1qMm7lfSueXLQDQh4dHxbcxYQ=,QBl9Y78jGtEQstyUKAKunvQUzqQ=
4,6,9T1qMm7lfSueXLQDQh4dHxbcxYQ=,dnxDI9QoDSoBWfIKrx0lshNzHpw=
2,15,9T1qMm7lfSueXLQDQh4dHxbcxYQ=,4gOSwI07FAxVuKp3IUjq9x2ZMVA=
0,7,9T1qMm7lfSueXLQDQh4dHxbcxYQ=,y6D+DYQP/E0O827DhkgJCxUd0G8=
4,15,9T1qMm7lfSueXLQDQh4dHxbcxYQ=,QBl9Y78jGtEQstyUKAKunvQUzqQ=
1,5,9T1qMm7lfSueXLQDQh4dHxbcxYQ=,y6D+DYQP/E0O827DhkgJCxUd0G8=
0,3,9T1qMm7lfSueXLQDQh4dHxbcxYQ=,7753vFZAxNEWkpSuvAiIvyIz7/s=
3,2,9T1qMm7lfSueXLQDQh4dHxbcxYQ=,7753vFZAxNEWkpSuvAiIvyIz7/s=
0,5,9T1qMm7lfSueXLQDQh4dHxbcxYQ=,y6D+DYQP/E0O827DhkgJCxUd0G8=
3,1,9T1qMm7lfSueXLQDQh4dHxbcxYQ=,7753vFZAxNEWkpSuvAiIvyIz7/s=
0,6,9T1qMm7lfSueXLQDQh4dHxbcxYQ=,y6D+DYQP/E0O827DhkgJCxUd0G8=
1,1,9T1qMm7lfSueXLQDQh4dHxbcxYQ=,7753vFZAxNEWkpSuvAiIvyIz7/s=
2,1,9T1qMm7lfSueXLQDQh4dHxbcxYQ=,7753vFZAxNEWkpSuvAiIvyIz7/s=
0,4,9T1qMm7lfSueXLQDQh4dHxbcxYQ=,y6D+DYQP/E0O827DhkgJCxUd0G8=
1,4,9T1qMm7lfSueXLQDQh4dHxbcxYQ=,y6D+DYQP/E0O827DhkgJCxUd0G8=
3,3,9T1qMm7lfSueXLQDQh4dHxbcxYQ=,7753vFZAxNEWkpSuvAiIvyIz7/s=
0,8,9T1qMm7lfSueXLQDQh4dHxbcxYQ=,p80skC+SekCU+ifNhhetx81oOq8=
2,2,9T1qMm7lfSueXLQDQh4dHxbcxYQ=,7753vFZAxNEWkpSuvAiIvyIz7/s=
4,0,9T1qMm7lfSueXLQDQh4dHxbcxYQ=,6H/s/enk0czz0XAZ9W9fq2fU0jE=
2,0,9T1qMm7lfSueXLQDQh4dHxbcxYQ=,7753vFZAxNEWkpSuvAiIvyIz7/s=
2,3,9T1qMm7lfSueXLQDQh4dHxbcxYQ=,7753vFZAxNEWkpSuvAiIvyIz7/s=
1,2,9T1qMm7lfSueXLQDQh4dHxbcxYQ=,7753vFZAxNEWkpSuvAiIvyIz7/s=
1,3,9T1qMm7lfSueXLQDQh4dHxbcxYQ=,7753vFZAxNEWkpSuvAiIvyIz7/s=
3,4,9T1qMm7lfSueXLQDQh4dHxbcxYQ=,y6D+DYQP/E0O827DhkgJCxUd0G8=
0,1,9T1qMm7lfSueXLQDQh4dHxbcxYQ=,7753vFZAxNEWkpSuvAiIvyIz7/s=
4,3,9T1qMm7lfSueXLQDQh4dHxbcxYQ=,6H/s/enk0czz0XAZ9W9fq2fU0jE=
4,4,9T1qMm7lfSueXLQDQh4dHxbcxYQ=,dnxDI9QoDSoBWfIKrx0lshNzHpw=
3,0,9T1qMm7lfSueXLQDQh4dHxbcxYQ=,7753vFZAxNEWkpSuvAiIvyIz7/s=
1,0,9T1qMm7lfSueXLQDQh4dHxbcxYQ=,7753vFZAxNEWkpSuvAiIvyIz7/s=
4,2,9T1qMm7lfSueXLQDQh4dHxbcxYQ=,6H/s/enk0czz0XAZ9W9fq2fU0jE=
4,5,9T1qMm7lfSueXLQDQh4dHxbcxYQ=,dnxDI9QoDSoBWfIKrx0lshNzHpw=
0,2,9T1qMm7lfSueXLQDQh4dHxbcxYQ=,7753vFZAxNEWkpSuvAiIvyIz7/s=
4,1,9T1qMm7lfSueXLQDQh4dHxbcxYQ=,6H/s/enk0czz0XAZ9W9fq2fU0jE=
0,12,9T1qMm7lfSueXLQDQh4dHxbcxYQ=,4gOSwI07FAxVuKp3IUjq9x2ZMVA=
0,11,9T1qMm7lfSueXLQDQh4dHxbcxYQ=,p80skC+SekCU+ifNhhetx81oOq8=
0,13,9T1qMm7lfSueXLQDQh4dHxbcxYQ=,4gOSwI07FAxVuKp3IUjq9x2ZMVA=
0,14,9T1qMm7lfSueXLQDQh4dHxbcxYQ=,4gOSwI07FAxVuKp3IUjq9x2ZMVA=
0,15,9T1qMm7lfSueXLQDQh4dHxbcxYQ=,4gOSwI07FAxVuKp3IUjq9x2ZMVA=
15,0,9T1qMm7lfSueXLQDQh4dHxbcxYQ=,crZcRxhTMJI1HccH8zzB4o3lkH8=
15,15,9T1qMm7lfSueXLQDQh4dHxbcxYQ=,XpkmXxwk6YDnYoL8TBfMdWscX8E=
0,0,9T1qMm7lfSueXLQDQh4dHxbcxYQ=,7753vFZAxNEWkpSuvAiIvyIz7/s=
5,17,Ca2+6RgHyyZOvoPlvyv4QitHc+I=,/iy28WhP+RxBTJ0cqxuNmsKxqeM=
6,17,Ca2+6RgHyyZOvoPlvyv4QitHc+I=,/iy28WhP+RxBTJ0cqxuNmsKxqeM=
5,18,Ca2+6RgHyyZOvoPlvyv4QitHc+I=,/iy28WhP+RxBTJ0cqxuNmsKxqeM=
6,18,Ca2+6RgHyyZOvoPlvyv4QitHc+I=,/iy28WhP+RxBTJ0cqxuNmsKxqeM=
2,18,Ca2+6RgHyyZOvoPlvyv4QitHc+I=,mQj2/seXv3JoMPULs2NMhsvbdbg=
3,17,Ca2+6RgHyyZOvoPlvyv4QitHc+I=,mQj2/seXv3JoMPULs2NMhsvbdbg=
4,18,Ca2+6RgHyyZOvoPlvyv4QitHc+I=,/iy28WhP+RxBTJ0cqxuNmsKxqeM=
1,18,Ca2+6RgHyyZOvoPlvyv4QitHc+I=,mQj2/seXv3JoMPULs2NMhsvbdbg=
3,18,Ca2+6RgHyyZOvoPlvyv4QitHc+I=,mQj2/seXv3JoMPULs2NMhsvbdbg=
1,17,Ca2+6RgHyyZOvoPlvyv4QitHc+I=,mQj2/seXv3JoMPULs2NMhsvbdbg=
4,17,Ca2+6RgHyyZOvoPlvyv4QitHc+I=,/iy28WhP+RxBTJ0cqxuNmsKxqeM=
2,17,Ca2+6RgHyyZOvoPlvyv4QitHc+I=,mQj2/seXv3JoMPULs2NMhsvbdbg=
2,20,Ca2+6RgHyyZOvoPlvyv4QitHc+I=,AD/N+ix05+DYFVcopvLNNRChQJ0=
1,22,Ca2+6RgHyyZOvoPlvyv4QitHc+I=,AD/N+ix05+DYFVcopvLNNRChQJ0=
1,19,Ca2+6RgHyyZOvoPlvyv4QitHc+I=,mQj2/seXv3JoMPULs2NMhsvbdbg=
1,20,Ca2+6RgHyyZOvoPlvyv4QitHc+I=,AD/N+ix05+DYFVcopvLNNRChQJ0=
2,22,Ca2+6RgHyyZOvoPlvyv4QitHc+I=,AD/N+ix05+DYFVcopvLNNRChQJ0=
2,19,Ca2+6RgHyyZOvoPlvyv4QitHc+I=,mQj2/seXv3JoMPULs2NMhsvbdbg=
1,21,Ca2+6RgHyyZOvoPlvyv4QitHc+I=,AD/N+ix05+DYFVcopvLNNRChQJ0=
2,21,Ca2+6RgHyyZOvoPlvyv4QitHc+I=,AD/N+ix05+DYFVcopvLNNRChQJ0=
3,21,Ca2+6RgHyyZOvoPlvyv4QitHc+I=,AD/N+ix05+DYFVcopvLNNRChQJ0=
6,22,Ca2+6RgHyyZOvoPlvyv4QitHc+I=,aLvGwjq4/Zg5BFRDVuhLQighKxY=
5,22,Ca2+6RgHyyZOvoPlvyv4QitHc+I=,aLvGwjq4/Zg5BFRDVuhLQighKxY=
4,21,Ca2+6RgHyyZOvoPlvyv4QitHc+I=,aLvGwjq4/Zg5BFRDVuhLQighKxY=
5,21,Ca2+6RgHyyZOvoPlvyv4QitHc+I=,aLvGwjq4/Zg5BFRDVuhLQighKxY=
6,21,Ca2+6RgHyyZOvoPlvyv4QitHc+I=,aLvGwjq4/Zg5BFRDVuhLQighKxY=
3,22,Ca2+6RgHyyZOvoPlvyv4QitHc+I=,AD/N+ix05+DYFVcopvLNNRChQJ0=
4,22,Ca2+6RgHyyZOvoPlvyv4QitHc+I=,aLvGwjq4/Zg5BFRDVuhLQighKxY=
6,20,Ca2+6RgHyyZOvoPlvyv4QitHc+I=,aLvGwjq4/Zg5BFRDVuhLQighKxY=
3,20,Ca2+6RgHyyZOvoPlvyv4QitHc+I=,AD/N+ix05+DYFVcopvLNNRChQJ0=
5,20,Ca2+6RgHyyZOvoPlvyv4QitHc+I=,aLvGwjq4/Zg5BFRDVuhLQighKxY=
4,19,Ca2+6RgHyyZOvoPlvyv4QitHc+I=,/iy28WhP+RxBTJ0cqxuNmsKxqeM=
5,19,Ca2+6RgHyyZOvoPlvyv4QitHc+I=,/iy28WhP+RxBTJ0cqxuNmsKxqeM=
4,20,Ca2+6RgHyyZOvoPlvyv4QitHc+I=,aLvGwjq4/Zg5BFRDVuhLQighKxY=
6,19,Ca2+6RgHyyZOvoPlvyv4QitHc+I=,/iy28WhP+RxBTJ0cqxuNmsKxqeM=
3,19,Ca2+6RgHyyZOvoPlvyv4QitHc+I=,mQj2/seXv3JoMPULs2NMhsvbdbg=
7,21,Ca2+6RgHyyZOvoPlvyv4QitHc+I=,aLvGwjq4/Zg5BFRDVuhLQighKxY=
8,21,Ca2+6RgHyyZOvoPlvyv4QitHc+I=,ypWoXuGEamSZy4aiOB6CvpsFDGk=
9,21,Ca2+6RgHyyZOvoPlvyv4QitHc+I=,ypWoXuGEamSZy4aiOB6CvpsFDGk=
7,22,Ca2+6RgHyyZOvoPlvyv4QitHc+I=,aLvGwjq4/Zg5BFRDVuhLQighKxY=
10,22,Ca2+6RgHyyZOvoPlvyv4QitHc+I=,ypWoXuGEamSZy4aiOB6CvpsFDGk=
9,22,Ca2+6RgHyyZOvoPlvyv4QitHc+I=,ypWoXuGEamSZy4aiOB6CvpsFDGk=
8,22,Ca2+6RgHyyZOvoPlvyv4QitHc+I=,ypWoXuGEamSZy4aiOB6CvpsFDGk=
10,21,Ca2+6RgHyyZOvoPlvyv4QitHc+I=,ypWoXuGEamSZy4aiOB6CvpsFDGk=
12,21,Ca2+6RgHyyZOvoPlvyv4QitHc+I=,kR5fkUP88xdg98RFJmIWB3j/cT4=
14,22,Ca2+6RgHyyZOvoPlvyv4QitHc+I=,kR5fkUP88xdg98RFJmIWB3j/cT4=
12,22,Ca2+6RgHyyZOvoPlvyv4QitHc+I=,kR5fkUP88xdg98RFJmIWB3j/cT4=
13,22,Ca2+6RgHyyZOvoPlvyv4QitHc+I=,kR5fkUP88xdg98RFJmIWB3j/cT4=
11,22,Ca2+6RgHyyZOvoPlvyv4QitHc+I=,ypWoXuGEamSZy4aiOB6CvpsFDGk=
11,21,Ca2+6RgHyyZOvoPlvyv4QitHc+I=,ypWoXuGEamSZy4aiOB6CvpsFDGk=
13,21,Ca2+6RgHyyZOvoPlvyv4QitHc+I=,kR5fkUP88xdg98RFJmIWB3j/cT4=
14,21,Ca2+6RgHyyZOvoPlvyv4QitHc+I=,kR5fkUP88xdg98RFJmIWB3j/cT4=
10,23,Ca2+6RgHyyZOvoPlvyv4QitHc+I=,ypWoXuGEamSZy4aiOB6CvpsFDGk=
9,23,Ca2+6RgHyyZOvoPlvyv4QitHc+I=,ypWoXuGEamSZy4aiOB6CvpsFDGk=
10,24,Ca2+6RgHyyZOvoPlvyv4QitHc+I=,z1/nxN2e/QJmtA2P/clo18zoO0E=
10,26,Ca2+6RgHyyZOvoPlvyv4QitHc+I=,z1/nxN2e/QJmtA2P/clo18zoO0E=
9,25,Ca2+6RgHyyZOvoPlvyv4QitHc+I=,z1/nxN2e/QJmtA2P/clo18zoO0E=
8,25,Ca2+6RgHyyZOvoPlvyv4QitHc+I=,z1/nxN2e/QJmtA2P/clo18zoO0E=
9,26,Ca2+6RgHyyZOvoPlvyv4QitHc+I=,z1/nxN2e/QJmtA2P/clo18zoO0E=
10,25,Ca2+6RgHyyZOvoPlvyv4QitHc+I=,z1/nxN2e/QJmtA2P/clo18zoO0E=
7,24,Ca2+6RgHyyZOvoPlvyv4QitHc+I=,d2SJDy9mQhx4ffp/jQIUB/DJnNI=
8,24,Ca2+6RgHyyZOvoPlvyv4QitHc+I=,z1/nxN2e/QJmtA2P/clo18zoO0E=
6,26,Ca2+6RgHyyZOvoPlvyv4QitHc+I=,d2SJDy9mQhx4ffp/jQIUB/DJnNI=
5,25,Ca2+6RgHyyZOvoPlvyv4QitHc+I=,d2SJDy9mQhx4ffp/jQIUB/DJnNI=
7,26,Ca2+6RgHyyZOvoPlvyv4QitHc+I=,d2SJDy9mQhx4ffp/jQIUB/DJnNI=
5,24,Ca2+6RgHyyZOvoPlvyv4QitHc+I=,d2SJDy9mQhx4ffp/jQIUB/DJnNI=
8,26,Ca2+6RgHyyZOvoPlvyv4QitHc+I=,z1/nxN2e/QJmtA2P/clo18zoO0E=
7,23,Ca2+6RgHyyZOvoPlvyv4QitHc+I=,aLvGwjq4/Zg5BFRDVuhLQighKxY=
6,23,Ca2+6RgHyyZOvoPlvyv4QitHc+I=,aLvGwjq4/Zg5BFRDVuhLQighKxY=
6,25,Ca2+6RgHyyZOvoPlvyv4QitHc+I=,d2SJDy9mQhx4ffp/jQIUB/DJnNI=
7,25,Ca2+6RgHyyZOvoPlvyv4QitHc+I=,d2SJDy9mQhx4ffp/jQIUB/DJnNI=
8,23,Ca2+6RgHyyZOvoPlvyv4QitHc+I=,ypWoXuGEamSZy4aiOB6CvpsFDGk=
6,24,Ca2+6RgHyyZOvoPlvyv4QitHc+I=,d2SJDy9mQhx4ffp/jQIUB/DJnNI=
5,23,Ca2+6RgHyyZOvoPlvyv4QitHc+I=,aLvGwjq4/Zg5BFRDVuhLQighKxY=
5,26,Ca2+6RgHyyZOvoPlvyv4QitHc+I=,d2SJDy9mQhx4ffp/jQIUB/DJnNI=
9,24,Ca2+6RgHyyZOvoPlvyv4QitHc+I=,z1/nxN2e/QJmtA2P/clo18zoO0E=
13,29,Ca2+6RgHyyZOvoPlvyv4QitHc+I=,ymfYIIZPompcdHh9bKpjs7xR3b4=
12,23,Ca2+6RgHyyZOvoPlvyv4QitHc+I=,kR5fkUP88xdg98RFJmIWB3j/cT4=
14,29,Ca2+6RgHyyZOvoPlvyv4QitHc+I=,ymfYIIZPompcdHh9bKpjs7xR3b4=
11,25,Ca2+6RgHyyZOvoPlvyv4QitHc+I=,z1/nxN2e/QJmtA2P/clo18zoO0E=
13,30,Ca2+6RgHyyZOvoPlvyv4QitHc+I=,ymfYIIZPompcdHh9bKpjs7xR3b4=
14,24,Ca2+6RgHyyZOvoPlvyv4QitHc+I=,epTyhcUsrO+xx2rt452wOvef8xY=
14,30,Ca2+6RgHyyZOvoPlvyv4QitHc+I=,ymfYIIZPompcdHh9bKpjs7xR3b4=
13,24,Ca2+6RgHyyZOvoPlvyv4QitHc+I=,epTyhcUsrO+xx2rt452wOvef8xY=
14,26,Ca2+6RgHyyZOvoPlvyv4QitHc+I=,epTyhcUsrO+xx2rt452wOvef8xY=
12,24,Ca2+6RgHyyZOvoPlvyv4QitHc+I=,epTyhcUsrO+xx2rt452wOvef8xY=
14,28,Ca2+6RgHyyZOvoPlvyv4QitHc+I=,ymfYIIZPompcdHh9bKpjs7xR3b4=
13,26,Ca2+6RgHyyZOvoPlvyv4QitHc+I=,epTyhcUsrO+xx2rt452wOvef8xY=
13,28,Ca2+6RgHyyZOvoPlvyv4QitHc+I=,ymfYIIZPompcdHh9bKpjs7xR3b4=
11,23,Ca2+6RgHyyZOvoPlvyv4QitHc+I=,ypWoXuGEamSZy4aiOB6CvpsFDGk=
12,26,Ca2+6RgHyyZOvoPlvyv4QitHc+I=,epTyhcUsrO+xx2rt452wOvef8xY=
14,27,Ca2+6RgHyyZOvoPlvyv4QitHc+I=,epTyhcUsrO+xx2rt452wOvef8xY=
14,23,Ca2+6RgHyyZOvoPlvyv4QitHc+I=,kR5fkUP88xdg98RFJmIWB3j/cT4=
14,25,Ca2+6RgHyyZOvoPlvyv4QitHc+I=,epTyhcUsrO+xx2rt452wOvef8xY=
13,25,Ca2+6RgHyyZOvoPlvyv4QitHc+I=,epTyhcUsrO+xx2rt452wOvef8xY=
11,26,Ca2+6RgHyyZOvoPlvyv4QitHc+I=,z1/nxN2e/QJmtA2P/clo18zoO0E=
13,23,Ca2+6RgHyyZOvoPlvyv4QitHc+I=,kR5fkUP88xdg98RFJmIWB3j/cT4=
13,27,Ca2+6RgHyyZOvoPlvyv4QitHc+I=,epTyhcUsrO+xx2rt452wOvef8xY=
12,25,Ca2+6RgHyyZOvoPlvyv4QitHc+I=,epTyhcUsrO+xx2rt452wOvef8xY=
12,29,Ca2+6RgHyyZOvoPlvyv4QitHc+I=,ymfYIIZPompcdHh9bKpjs7xR3b4=
11,28,Ca2+6RgHyyZOvoPlvyv4QitHc+I=,+SJoq8VnB8161+zY9kSTsAjTggk=
9,27,Ca2+6RgHyyZOvoPlvyv4QitHc+I=,z1/nxN2e/QJmtA2P/clo18zoO0E=
10,28,Ca2+6RgHyyZOvoPlvyv4QitHc+I=,+SJoq8VnB8161+zY9kSTsAjTggk=
9,28,Ca2+6RgHyyZOvoPlvyv4QitHc+I=,+SJoq8VnB8161+zY9kSTsAjTggk=
11,27,Ca2+6RgHyyZOvoPlvyv4QitHc+I=,z1/nxN2e/QJmtA2P/clo18zoO0E=
11,30,Ca2+6RgHyyZOvoPlvyv4QitHc+I=,+SJoq8VnB8161+zY9kSTsAjTggk=
12,28,Ca2+6RgHyyZOvoPlvyv4QitHc+I=,ymfYIIZPompcdHh9bKpjs7xR3b4=
10,27,Ca2+6RgHyyZOvoPlvyv4QitHc+I=,z1/nxN2e/QJmtA2P/clo18zoO0E=
10,30,Ca2+6RgHyyZOvoPlvyv4QitHc+I=,+SJoq8VnB8161+zY9kSTsAjTggk=
12,27,Ca2+6RgHyyZOvoPlvyv4QitHc+I=,epTyhcUsrO+xx2rt452wOvef8xY=
12,30,Ca2+6RgHyyZOvoPlvyv4QitHc+I=,ymfYIIZPompcdHh9bKpjs7xR3b4=
10,29,Ca2+6RgHyyZOvoPlvyv4QitHc+I=,+SJoq8VnB8161+zY9kSTsAjTggk=
9,29,Ca2+6RgHyyZOvoPlvyv4QitHc+I=,+SJoq8VnB8161+zY9kSTsAjTggk=
9,30,Ca2+6RgHyyZOvoPlvyv4QitHc+I=,+SJoq8VnB8161+zY9kSTsAjTggk=
11,29,Ca2+6RgHyyZOvoPlvyv4QitHc+I=,+SJoq8VnB8161+zY9kSTsAjTggk=
8,29,Ca2+6RgHyyZOvoPlvyv4QitHc+I=,+SJoq8VnB8161+zY9kSTsAjTggk=
6,27,Ca2+6RgHyyZOvoPlvyv4QitHc+I=,d2SJDy9mQhx4ffp/jQIUB/DJnNI=
5,27,Ca2+6RgHyyZOvoPlvyv4QitHc+I=,d2SJDy9mQhx4ffp/jQIUB/DJnNI=
8,28,Ca2+6RgHyyZOvoPlvyv4QitHc+I=,+SJoq8VnB8161+zY9kSTsAjTggk=
7,30,Ca2+6RgHyyZOvoPlvyv4QitHc+I=,TADCdXR6Yefne2tLRFKbwQ5JN4g=
7,27,Ca2+6RgHyyZOvoPlvyv4QitHc+I=,d2SJDy9mQhx4ffp/jQIUB/DJnNI=
6,30,Ca2+6RgHyyZOvoPlvyv4QitHc+I=,TADCdXR6Yefne2tLRFKbwQ5JN4g=
5,30,Ca2+6RgHyyZOvoPlvyv4QitHc+I=,TADCdXR6Yefne2tLRFKbwQ5JN4g=
6,29,Ca2+6RgHyyZOvoPlvyv4QitHc+I=,TADCdXR6Yefne2tLRFKbwQ5JN4g=
7,29,Ca2+6RgHyyZOvoPlvyv4QitHc+I=,TADCdXR6Yefne2tLRFKbwQ5JN4g=
5,29,Ca2+6RgHyyZOvoPlvyv4QitHc+I=,TADCdXR6Yefne2tLRFKbwQ5JN4g=
5,28,Ca2+6RgHyyZOvoPlvyv4QitHc+I=,TADCdXR6Yefne2tLRFKbwQ5JN4g=
8,27,Ca2+6RgHyyZOvoPlvyv4QitHc+I=,z1/nxN2e/QJmtA2P/clo18zoO0E=
8,30,Ca2+6RgHyyZOvoPlvyv4QitHc+I=,+SJoq8VnB8161+zY9kSTsAjTggk=
7,28,Ca2+6RgHyyZOvoPlvyv4QitHc+I=,TADCdXR6Yefne2tLRFKbwQ5JN4g=
6,28,Ca2+6RgHyyZOvoPlvyv4QitHc+I=,TADCdXR6Yefne2tLRFKbwQ5JN4g=
11,24,Ca2+6RgHyyZOvoPlvyv4QitHc+I=,z1/nxN2e/QJmtA2P/clo18zoO0E=
0,21,Ca2+6RgHyyZOvoPlvyv4QitHc+I=,AD/N+ix05+DYFVcopvLNNRChQJ0=
0,22,Ca2+6RgHyyZOvoPlvyv4QitHc+I=,AD/N+ix05+DYFVcopvLNNRChQJ0=
5,31,Ca2+6RgHyyZOvoPlvyv4QitHc+I=,TADCdXR6Yefne2tLRFKbwQ5JN4g=
6,31,Ca2+6RgHyyZOvoPlvyv4QitHc+I=,TADCdXR6Yefne2tLRFKbwQ5JN4g=
0,17,Ca2+6RgHyyZOvoPlvyv4QitHc+I=,mQj2/seXv3JoMPULs2NMhsvbdbg=
0,19,Ca2+6RgHyyZOvoPlvyv4QitHc+I=,mQj2/seXv3JoMPULs2NMhsvbdbg=
0,20,Ca2+6RgHyyZOvoPlvyv4QitHc+I=,AD/N+ix05+DYFVcopvLNNRChQJ0=
7,31,Ca2+6RgHyyZOvoPlvyv4QitHc+I=,TADCdXR6Yefne2tLRFKbwQ5JN4g=
0,18,Ca2+6RgHyyZOvoPlvyv4QitHc+I=,mQj2/seXv3JoMPULs2NMhsvbdbg=
10,31,Ca2+6RgHyyZOvoPlvyv4QitHc+I=,+SJoq8VnB8161+zY9kSTsAjTggk=
8,31,Ca2+6RgHyyZOvoPlvyv4QitHc+I=,+SJoq8VnB8161+zY9kSTsAjTggk=
9,31,Ca2+6RgHyyZOvoPlvyv4QitHc+I=,+SJoq8VnB8161+zY9kSTsAjTggk=
14,31,Ca2+6RgHyyZOvoPlvyv4QitHc+I=,ymfYIIZPompcdHh9bKpjs7xR3b4=
13,31,Ca2+6RgHyyZOvoPlvyv4QitHc+I=,ymfYIIZPompcdHh9bKpjs7xR3b4=
15,29,Ca2+6RgHyyZOvoPlvyv4QitHc+I=,ymfYIIZPompcdHh9bKpjs7xR3b4=
12,31,Ca2+6RgHyyZOvoPlvyv4QitHc+I=,ymfYIIZPompcdHh9bKpjs7xR3b4=
15,30,Ca2+6RgHyyZOvoPlvyv4QitHc+I=,ymfYIIZPompcdHh9bKpjs7xR3b4=
15,27,Ca2+6RgHyyZOvoPlvyv4QitHc+I=,epTyhcUsrO+xx2rt452wOvef8xY=
15,26,Ca2+6RgHyyZOvoPlvyv4QitHc+I=,epTyhcUsrO+xx2rt452wOvef8xY=
15,28,Ca2+6RgHyyZOvoPlvyv4QitHc+I=,ymfYIIZPompcdHh9bKpjs7xR3b4=
15,25,Ca2+6RgHyyZOvoPlvyv4QitHc+I=,epTyhcUsrO+xx2rt452wOvef8xY=
4,31,Ca2+6RgHyyZOvoPlvyv4QitHc+I=,TADCdXR6Yefne2tLRFKbwQ5JN4g=
3,30,Ca2+6RgHyyZOvoPlvyv4QitHc+I=,Q2RyVc4nkmvZoBAlD84x7RPc+Xo=
1,29,Ca2+6RgHyyZOvoPlvyv4QitHc+I=,Q2RyVc4nkmvZoBAlD84x7RPc+Xo=
2,30,Ca2+6RgHyyZOvoPlvyv4QitHc+I=,Q2RyVc4nkmvZoBAlD84x7RPc+Xo=
4,29,Ca2+6RgHyyZOvoPlvyv4QitHc+I=,TADCdXR6Yefne2tLRFKbwQ5JN4g=
1,31,Ca2+6RgHyyZOvoPlvyv4QitHc+I=,Q2RyVc4nkmvZoBAlD84x7RPc+Xo=
4,30,Ca2+6RgHyyZOvoPlvyv4QitHc+I=,TADCdXR6Yefne2tLRFKbwQ5JN4g=
15,23,Ca2+6RgHyyZOvoPlvyv4QitHc+I=,kR5fkUP88xdg98RFJmIWB3j/cT4=
2,31,Ca2+6RgHyyZOvoPlvyv4QitHc+I=,Q2RyVc4nkmvZoBAlD84x7RPc+Xo=
15,22,Ca2+6RgHyyZOvoPlvyv4QitHc+I=,kR5fkUP88xdg98RFJmIWB3j/cT4=
2,29,Ca2+6RgHyyZOvoPlvyv4QitHc+I=,Q2RyVc4nkmvZoBAlD84x7RPc+Xo=
3,29,Ca2+6RgHyyZOvoPlvyv4QitHc+I=,Q2RyVc4nkmvZoBAlD84x7RPc+Xo=
15,24,Ca2+6RgHyyZOvoPlvyv4QitHc+I=,epTyhcUsrO+xx2rt452wOvef8xY=
15,21,Ca2+6RgHyyZOvoPlvyv4QitHc+I=,kR5fkUP88xdg98RFJmIWB3j/cT4=
1,30,Ca2+6RgHyyZOvoPlvyv4QitHc+I=,Q2RyVc4nkmvZoBAlD84x7RPc+Xo=
0,29,Ca2+6RgHyyZOvoPlvyv4QitHc+I=,Q2RyVc4nkmvZoBAlD84x7RPc+Xo=
0,30,Ca2+6RgHyyZOvoPlvyv4QitHc+I=,Q2RyVc4nkmvZoBAlD84x7RPc+Xo=
3,31,Ca2+6RgHyyZOvoPlvyv4QitHc+I=,Q2RyVc4nkmvZoBAlD84x7RPc+Xo=
11,31,Ca2+6RgHyyZOvoPlvyv4QitHc+I=,+SJoq8VnB8161+zY9kSTsAjTggk=
6,16,F4pI0gijWzX+Cuw5GKYochdLeeU=,/iy28WhP+RxBTJ0cqxuNmsKxqeM=
5,16,F4pI0gijWzX+Cuw5GKYochdLeeU=,/iy28WhP+RxBTJ0cqxuNmsKxqeM=
4,16,F4pI0gijWzX+Cuw5GKYochdLeeU=,/iy28WhP+RxBTJ0cqxuNmsKxqeM=
3,16,F4pI0gijWzX+Cuw5GKYochdLeeU=,mQj2/seXv3JoMPULs2NMhsvbdbg=
2,16,F4pI0gijWzX+Cuw5GKYochdLeeU=,mQj2/seXv3JoMPULs2NMhsvbdbg=
1,16,F4pI0gijWzX+Cuw5GKYochdLeeU=,mQj2/seXv3JoMPULs2NMhsvbdbg=
2,24,F4pI0gijWzX+Cuw5GKYochdLeeU=,AD/N+ix05+DYFVcopvLNNRChQJ0=
4,25,F4pI0gijWzX+Cuw5GKYochdLeeU=,d2SJDy9mQhx4ffp/jQIUB/DJnNI=
4,23,F4pI0gijWzX+Cuw5GKYochdLeeU=,aLvGwjq4/Zg5BFRDVuhLQighKxY=
3,24,F4pI0gijWzX+Cuw5GKYochdLeeU=,AD/N+ix05+DYFVcopvLNNRChQJ0=
1,24,F4pI0gijWzX+Cuw5GKYochdLeeU=,AD/N+ix05+DYFVcopvLNNRChQJ0=
0,24,F4pI0gijWzX+Cuw5GKYochdLeeU=,AD/N+ix05+DYFVcopvLNNRChQJ0=
3,27,F4pI0gijWzX+Cuw5GKYochdLeeU=,AD/N+ix05+DYFVcopvLNNRChQJ0=
2,28,F4pI0gijWzX+Cuw5GKYochdLeeU=,Q2RyVc4nkmvZoBAlD84x7RPc+Xo=
4,28,F4pI0gijWzX+Cuw5GKYochdLeeU=,TADCdXR6Yefne2tLRFKbwQ5JN4g=
4,26,F4pI0gijWzX+Cuw5GKYochdLeeU=,d2SJDy9mQhx4ffp/jQIUB/DJnNI=
3,23,F4pI0gijWzX+Cuw5GKYochdLeeU=,AD/N+ix05+DYFVcopvLNNRChQJ0=
2,26,F4pI0gijWzX+Cuw5GKYochdLeeU=,AD/N+ix05+DYFVcopvLNNRChQJ0=
2,27,F4pI0gijWzX+Cuw5GKYochdLeeU=,AD/N+ix05+DYFVcopvLNNRChQJ0=
3,28,F4pI0gijWzX+Cuw5GKYochdLeeU=,Q2RyVc4nkmvZoBAlD84x7RPc+Xo=
0,28,F4pI0gijWzX+Cuw5GKYochdLeeU=,Q2RyVc4nkmvZoBAlD84x7RPc+Xo=
2,23,F4pI0gijWzX+Cuw5GKYochdLeeU=,AD/N+ix05+DYFVcopvLNNRChQJ0=
1,28,F4pI0gijWzX+Cuw5GKYochdLeeU=,Q2RyVc4nkmvZoBAlD84x7RPc+Xo=
1,26,F4pI0gijWzX+Cuw5GKYochdLeeU=,AD/N+ix05+DYFVcopvLNNRChQJ0=
0,25,F4pI0gijWzX+Cuw5GKYochdLeeU=,AD/N+ix05+DYFVcopvLNNRChQJ0=
1,25,F4pI0gijWzX+Cuw5GKYochdLeeU=,AD/N+ix05+DYFVcopvLNNRChQJ0=
0,26,F4pI0gijWzX+Cuw5GKYochdLeeU=,AD/N+ix05+DYFVcopvLNNRChQJ0=
4,24,F4pI0gijWzX+Cuw5GKYochdLeeU=,d2SJDy9mQhx4ffp/jQIUB/DJnNI=
0,23,F4pI0gijWzX+Cuw5GKYochdLeeU=,AD/N+ix05+DYFVcopvLNNRChQJ0=
1,27,F4pI0gijWzX+Cuw5GKYochdLeeU=,AD/N+ix05+DYFVcopvLNNRChQJ0=
1,23,F4pI0gijWzX+Cuw5GKYochdLeeU=,AD/N+ix05+DYFVcopvLNNRChQJ0=
2,25,F4pI0gijWzX+Cuw5GKYochdLeeU=,AD/N+ix05+DYFVcopvLNNRChQJ0=
3,26,F4pI0gijWzX+Cuw5GKYochdLeeU=,AD/N+ix05+DYFVcopvLNNRChQJ0=
0,27,F4pI0gijWzX+Cuw5GKYochdLeeU=,AD/N+ix05+DYFVcopvLNNRChQJ0=
3,25,F4pI0gijWzX+Cuw5GKYochdLeeU=,AD/N+ix05+DYFVcopvLNNRChQJ0=
4,27,F4pI0gijWzX+Cuw5GKYochdLeeU=,d2SJDy9mQhx4ffp/jQIUB/DJnNI=
15,31,F4pI0gijWzX+Cuw5GKYochdLeeU=,ymfYIIZPompcdHh9bKpjs7xR3b4=
0,31,F4pI0gijWzX+Cuw5GKYochdLeeU=,Q2RyVc4nkmvZoBAlD84x7RPc+Xo=
0,16,F4pI0gijWzX+Cuw5GKYochdLeeU=,mQj2/seXv3JoMPULs2NMhsvbdbg=
8,17,F4pI0gijWzX+Cuw5GKYochdLeeU=,hL7HVTIJh0lMxYOTuGreq53Kzzw=
7,16,F4pI0gijWzX+Cuw5GKYochdLeeU=,/iy28WhP+RxBTJ0cqxuNmsKxqeM=
9,16,F4pI0gijWzX+Cuw5GKYochdLeeU=,hL7HVTIJh0lMxYOTuGreq53Kzzw=
10,18,F4pI0gijWzX+Cuw5GKYochdLeeU=,hL7HVTIJh0lMxYOTuGreq53Kzzw=
7,18,F4pI0gijWzX+Cuw5GKYochdLeeU=,/iy28WhP+RxBTJ0cqxuNmsKxqeM=
10,16,F4pI0gijWzX+Cuw5GKYochdLeeU=,hL7HVTIJh0lMxYOTuGreq53Kzzw=
8,16,F4pI0gijWzX+Cuw5GKYochdLeeU=,hL7HVTIJh0lMxYOTuGreq53Kzzw=
9,18,F4pI0gijWzX+Cuw5GKYochdLeeU=,hL7HVTIJh0lMxYOTuGreq53Kzzw=
10,20,F4pI0gijWzX+Cuw5GKYochdLeeU=,ypWoXuGEamSZy4aiOB6CvpsFDGk=
8,18,F4pI0gijWzX+Cuw5GKYochdLeeU=,hL7HVTIJh0lMxYOTuGreq53Kzzw=
7,17,F4pI0gijWzX+Cuw5GKYochdLeeU=,/iy28WhP+RxBTJ0cqxuNmsKxqeM=
8,20,F4pI0gijWzX+Cuw5GKYochdLeeU=,ypWoXuGEamSZy4aiOB6CvpsFDGk=
7,20,F4pI0gijWzX+Cuw5GKYochdLeeU=,aLvGwjq4/Zg5BFRDVuhLQighKxY=
10,17,F4pI0gijWzX+Cuw5GKYochdLeeU=,hL7HVTIJh0lMxYOTuGreq53Kzzw=
10,19,F4pI0gijWzX+Cuw5GKYochdLeeU=,hL7HVTIJh0lMxYOTuGreq53Kzzw=
7,19,F4pI0gijWzX+Cuw5GKYochdLeeU=,/iy28WhP+RxBTJ0cqxuNmsKxqeM=
9,20,F4pI0gijWzX+Cuw5GKYochdLeeU=,ypWoXuGEamSZy4aiOB6CvpsFDGk=
9,17,F4pI0gijWzX+Cuw5GKYochdLeeU=,hL7HVTIJh0lMxYOTuGreq53Kzzw=
9,19,F4pI0gijWzX+Cuw5GKYochdLeeU=,hL7HVTIJh0lMxYOTuGreq53Kzzw=
8,19,F4pI0gijWzX+Cuw5GKYochdLeeU=,hL7HVTIJh0lMxYOTuGreq53Kzzw=
15,16,F4pI0gijWzX+Cuw5GKYochdLeeU=,Yd/JrOrI9rg+/WNyM4MmTXcLvsY=
14,16,F4pI0gijWzX+Cuw5GKYochdLeeU=,Yd/JrOrI9rg+/WNyM4MmTXcLvsY=
11,18,F4pI0gijWzX+Cuw5GKYochdLeeU=,hL7HVTIJh0lMxYOTuGreq53Kzzw=
15,19,F4pI0gijWzX+Cuw5GKYochdLeeU=,Yd/JrOrI9rg+/WNyM4MmTXcLvsY=
12,17,F4pI0gijWzX+Cuw5GKYochdLeeU=,Yd/JrOrI9rg+/WNyM4MmTXcLvsY=
11,16,F4pI0gijWzX+Cuw5GKYochdLeeU=,hL7HVTIJh0lMxYOTuGreq53Kzzw=
11,20,F4pI0gijWzX+Cuw5GKYochdLeeU=,ypWoXuGEamSZy4aiOB6CvpsFDGk=
15,18,F4pI0gijWzX+Cuw5GKYochdLeeU=,Yd/JrOrI9rg+/WNyM4MmTXcLvsY=
14,20,F4pI0gijWzX+Cuw5GKYochdLeeU=,kR5fkUP88xdg98RFJmIWB3j/cT4=
13,20,F4pI0gijWzX+Cuw5GKYochdLeeU=,kR5fkUP88xdg98RFJmIWB3j/cT4=
12,16,F4pI0gijWzX+Cuw5GKYochdLeeU=,Yd/JrOrI9rg+/WNyM4MmTXcLvsY=
15,20,F4pI0gijWzX+Cuw5GKYochdLeeU=,kR5fkUP88xdg98RFJmIWB3j/cT4=
13,17,F4pI0gijWzX+Cuw5GKYochdLeeU=,Yd/JrOrI9rg+/WNyM4MmTXcLvsY=
14,19,F4pI0gijWzX+Cuw5GKYochdLeeU=,Yd/JrOrI9rg+/WNyM4MmTXcLvsY=
14,18,F4pI0gijWzX+Cuw5GKYochdLeeU=,Yd/JrOrI9rg+/WNyM4MmTXcLvsY=
13,16,F4pI0gijWzX+Cuw5GKYochdLeeU=,Yd/JrOrI9rg+/WNyM4MmTXcLvsY=
11,17,F4pI0gijWzX+Cuw5GKYochdLeeU=,hL7HVTIJh0lMxYOTuGreq53Kzzw=
12,19,F4pI0gijWzX+Cuw5GKYochdLeeU=,Yd/JrOrI9rg+/WNyM4MmTXcLvsY=
12,20,F4pI0gijWzX+Cuw5GKYochdLeeU=,kR5fkUP88xdg98RFJmIWB3j/cT4=
15,17,F4pI0gijWzX+Cuw5GKYochdLeeU=,Yd/JrOrI9rg+/WNyM4MmTXcLvsY=
11,19,F4pI0gijWzX+Cuw5GKYochdLeeU=,hL7HVTIJh0lMxYOTuGreq53Kzzw=
14,17,F4pI0gijWzX+Cuw5GKYochdLeeU=,Yd/JrOrI9rg+/WNyM4MmTXcLvsY=
13,19,F4pI0gijWzX+Cuw5GKYochdLeeU=,Yd/JrOrI9rg+/WNyM4MmTXcLvsY=
13,18,F4pI0gijWzX+Cuw5GKYochdLeeU=,Yd/JrOrI9rg+/WNyM4MmTXcLvsY=
12,18,F4pI0gijWzX+Cuw5GKYochdLeeU=,Yd/JrOrI9rg+/WNyM4MmTXcLvsY=
30,26,qbZHp5O7/BlvdSaOsAkzM8y2t8U=,CvzE+/MHlA65UAKd6lbYJeN8wv4=
29,26,qbZHp5O7/BlvdSaOsAkzM8y2t8U=,CvzE+/MHlA65UAKd6lbYJeN8wv4=
29,25,qbZHp5O7/BlvdSaOsAkzM8y2t8U=,CvzE+/MHlA65UAKd6lbYJeN8wv4=
30,25,qbZHp5O7/BlvdSaOsAkzM8y2t8U=,CvzE+/MHlA65UAKd6lbYJeN8wv4=
26,25,qbZHp5O7/BlvdSaOsAkzM8y2t8U=,jiN63Yv3k64KmQRyufrthLizFlE=
27,25,qbZHp5O7/BlvdSaOsAkzM8y2t8U=,jiN63Yv3k64KmQRyufrthLizFlE=
26,26,qbZHp5O7/BlvdSaOsAkzM8y2t8U=,jiN63Yv3k64KmQRyufrthLizFlE=
25,26,qbZHp5O7/BlvdSaOsAkzM8y2t8U=,jiN63Yv3k64KmQRyufrthLizFlE=
25,25,qbZHp5O7/BlvdSaOsAkzM8y2t8U=,jiN63Yv3k64KmQRyufrthLizFlE=
28,25,qbZHp5O7/BlvdSaOsAkzM8y2t8U=,CvzE+/MHlA65UAKd6lbYJeN8wv4=
29,23,qbZHp5O7/BlvdSaOsAkzM8y2t8U=,+GeJGJZ2lSllhf9J68SyKbcUldU=
30,22,qbZHp5O7/BlvdSaOsAkzM8y2t8U=,+GeJGJZ2lSllhf9J68SyKbcUldU=
29,22,qbZHp5O7/BlvdSaOsAkzM8y2t8U=,+GeJGJZ2lSllhf9J68SyKbcUldU=
30,21,qbZHp5O7/BlvdSaOsAkzM8y2t8U=,+GeJGJZ2lSllhf9J68SyKbcUldU=
29,21,qbZHp5O7/BlvdSaOsAkzM8y2t8U=,+GeJGJZ2lSllhf9J68SyKbcUldU=
27,26,qbZHp5O7/BlvdSaOsAkzM8y2t8U=,jiN63Yv3k64KmQRyufrthLizFlE=
28,26,qbZHp5O7/BlvdSaOsAkzM8y2t8U=,CvzE+/MHlA65UAKd6lbYJeN8wv4=
30,24,qbZHp5O7/BlvdSaOsAkzM8y2t8U=,CvzE+/MHlA65UAKd6lbYJeN8wv4=
29,24,qbZHp5O7/BlvdSaOsAkzM8y2t8U=,CvzE+/MHlA65UAKd6lbYJeN8wv4=
30,23,qbZHp5O7/BlvdSaOsAkzM8y2t8U=,+GeJGJZ2lSllhf9J68SyKbcUldU=
25,24,qbZHp5O7/BlvdSaOsAkzM8y2t8U=,jiN63Yv3k64KmQRyufrthLizFlE=
27,24,qbZHp5O7/BlvdSaOsAkzM8y2t8U=,jiN63Yv3k64KmQRyufrthLizFlE=
26,24,qbZHp5O7/BlvdSaOsAkzM8y2t8U=,jiN63Yv3k64KmQRyufrthLizFlE=
26,23,qbZHp5O7/BlvdSaOsAkzM8y2t8U=,SlJMTVW4lqHy2VBSrqhCfku8HBY=
28,22,qbZHp5O7/BlvdSaOsAkzM8y2t8U=,+GeJGJZ2lSllhf9J68SyKbcUldU=
25,23,qbZHp5O7/BlvdSaOsAkzM8y2t8U=,SlJMTVW4lqHy2VBSrqhCfku8HBY=
27,23,qbZHp5O7/BlvdSaOsAkzM8y2t8U=,SlJMTVW4lqHy2VBSrqhCfku8HBY=
26,22,qbZHp5O7/BlvdSaOsAkzM8y2t8U=,SlJMTVW4lqHy2VBSrqhCfku8HBY=
26,21,qbZHp5O7/BlvdSaOsAkzM8y2t8U=,SlJMTVW4lqHy2VBSrqhCfku8HBY=
28,23,qbZHp5O7/BlvdSaOsAkzM8y2t8U=,+GeJGJZ2lSllhf9J68SyKbcUldU=
27,22,qbZHp5O7/BlvdSaOsAkzM8y2t8U=,SlJMTVW4lqHy2VBSrqhCfku8HBY=
28,24,qbZHp5O7/BlvdSaOsAkzM8y2t8U=,CvzE+/MHlA65UAKd6lbYJeN8wv4=
25,22,qbZHp5O7/BlvdSaOsAkzM8y2t8U=,SlJMTVW4lqHy2VBSrqhCfku8HBY=
27,21,qbZHp5O7/BlvdSaOsAkzM8y2t8U=,SlJMTVW4lqHy2VBSrqhCfku8HBY=
25,21,qbZHp5O7/BlvdSaOsAkzM8y2t8U=,SlJMTVW4lqHy2VBSrqhCfku8HBY=
28,21,qbZHp5O7/BlvdSaOsAkzM8y2t8U=,+GeJGJZ2lSllhf9J68SyKbcUldU=
25,28,qbZHp5O7/BlvdSaOsAkzM8y2t8U=,Z1v/SEDSOn+MVavUrsu6yyP93DA=
26,28,qbZHp5O7/BlvdSaOsAkzM8y2t8U=,Z1v/SEDSOn+MVavUrsu6yyP93DA=
25,29,qbZHp5O7/BlvdSaOsAkzM8y2t8U=,Z1v/SEDSOn+MVavUrsu6yyP93DA=
26,29,qbZHp5O7/BlvdSaOsAkzM8y2t8U=,Z1v/SEDSOn+MVavUrsu6yyP93DA=
25,30,qbZHp5O7/BlvdSaOsAkzM8y2t8U=,Z1v/SEDSOn+MVavUrsu6yyP93DA=
26,30,qbZHp5O7/BlvdSaOsAkzM8y2t8U=,Z1v/SEDSOn+MVavUrsu6yyP93DA=
26,27,qbZHp5O7/BlvdSaOsAkzM8y2t8U=,jiN63Yv3k64KmQRyufrthLizFlE=
25,27,qbZHp5O7/BlvdSaOsAkzM8y2t8U=,jiN63Yv3k64KmQRyufrthLizFlE=
24,25,qbZHp5O7/BlvdSaOsAkzM8y2t8U=,jiN63Yv3k64KmQRyufrthLizFlE=
23,26,qbZHp5O7/BlvdSaOsAkzM8y2t8U=,EUT26f1Mk0p65Ur9fRudHHTVCyw=
28,29,qbZHp5O7/BlvdSaOsAkzM8y2t8U=,8RGNDymTHn92jNesGBaPri8Wl/0=
24,26,qbZHp5O7/BlvdSaOsAkzM8y2t8U=,jiN63Yv3k64KmQRyufrthLizFlE=
28,27,qbZHp5O7/BlvdSaOsAkzM8y2t8U=,CvzE+/MHlA65UAKd6lbYJeN8wv4=
22,26,qbZHp5O7/BlvdSaOsAkzM8y2t8U=,EUT26f1Mk0p65Ur9fRudHHTVCyw=
29,27,qbZHp5O7/BlvdSaOsAkzM8y2t8U=,CvzE+/MHlA65UAKd6lbYJeN8wv4=
21,26,qbZHp5O7/BlvdSaOsAkzM8y2t8U=,EUT26f1Mk0p65Ur9fRudHHTVCyw=
29,29,qbZHp5O7/BlvdSaOsAkzM8y2t8U=,8RGNDymTHn92jNesGBaPri8Wl/0=
27,27,qbZHp5O7/BlvdSaOsAkzM8y2t8U=,jiN63Yv3k64KmQRyufrthLizFlE=
24,27,qbZHp5O7/BlvdSaOsAkzM8y2t8U=,jiN63Yv3k64KmQRyufrthLizFlE=
30,30,qbZHp5O7/BlvdSaOsAkzM8y2t8U=,8RGNDymTHn92jNesGBaPri8Wl/0=
23,25,qbZHp5O7/BlvdSaOsAkzM8y2t8U=,EUT26f1Mk0p65Ur9fRudHHTVCyw=
23,30,qbZHp5O7/BlvdSaOsAkzM8y2t8U=,Q/sc/BRBKTdm9A6KRqW+nDf9kUU=
30,27,qbZHp5O7/BlvdSaOsAkzM8y2t8U=,CvzE+/MHlA65UAKd6lbYJeN8wv4=
22,30,qbZHp5O7/BlvdSaOsAkzM8y2t8U=,Q/sc/BRBKTdm9A6KRqW+nDf9kUU=
21,30,qbZHp5O7/BlvdSaOsAkzM8y2t8U=,Q/sc/BRBKTdm9A6KRqW+nDf9kUU=
23,28,qbZHp5O7/BlvdSaOsAkzM8y2t8U=,Q/sc/BRBKTdm9A6KRqW+nDf9kUU=
24,30,qbZHp5O7/BlvdSaOsAkzM8y2t8U=,Z1v/SEDSOn+MVavUrsu6yyP93DA=
22,28,qbZHp5O7/BlvdSaOsAkzM8y2t8U=,Q/sc/BRBKTdm9A6KRqW+nDf9kUU=
23,29,qbZHp5O7/BlvdSaOsAkzM8y2t8U=,Q/sc/BRBKTdm9A6KRqW+nDf9kUU=
27,30,qbZHp5O7/BlvdSaOsAkzM8y2t8U=,Z1v/SEDSOn+MVavUrsu6yyP93DA=
21,29,qbZHp5O7/BlvdSaOsAkzM8y2t8U=,Q/sc/BRBKTdm9A6KRqW+nDf9kUU=
22,25,qbZHp5O7/BlvdSaOsAkzM8y2t8U=,EUT26f1Mk0p65Ur9fRudHHTVCyw=
27,28,qbZHp5O7/BlvdSaOsAkzM8y2t8U=,Z1v/SEDSOn+MVavUrsu6yyP93DA=
30,28,qbZHp5O7/BlvdSaOsAkzM8y2t8U=,8RGNDymTHn92jNesGBaPri8Wl/0=
24,28,qbZHp5O7/BlvdSaOsAkzM8y2t8U=,Z1v/SEDSOn+MVavUrsu6yyP93DA=
28,30,qbZHp5O7/BlvdSaOsAkzM8y2t8U=,8RGNDymTHn92jNesGBaPri8Wl/0=
21,28,qbZHp5O7/BlvdSaOsAkzM8y2t8U=,Q/sc/BRBKTdm9A6KRqW+nDf9kUU=
22,29,qbZHp5O7/BlvdSaOsAkzM8y2t8U=,Q/sc/BRBKTdm9A6KRqW+nDf9kUU=
29,28,qbZHp5O7/BlvdSaOsAkzM8y2t8U=,8RGNDymTHn92jNesGBaPri8Wl/0=
29,30,qbZHp5O7/BlvdSaOsAkzM8y2t8U=,8RGNDymTHn92jNesGBaPri8Wl/0=
27,29,qbZHp5O7/BlvdSaOsAkzM8y2t8U=,Z1v/SEDSOn+MVavUrsu6yyP93DA=
30,29,qbZHp5O7/BlvdSaOsAkzM8y2t8U=,8RGNDymTHn92jNesGBaPri8Wl/0=
21,27,qbZHp5O7/BlvdSaOsAkzM8y2t8U=,EUT26f1Mk0p65Ur9fRudHHTVCyw=
21,25,qbZHp5O7/BlvdSaOsAkzM8y2t8U=,EUT26f1Mk0p65Ur9fRudHHTVCyw=
24,29,qbZHp5O7/BlvdSaOsAkzM8y2t8U=,Z1v/SEDSOn+MVavUrsu6yyP93DA=
22,27,qbZHp5O7/BlvdSaOsAkzM8y2t8U=,EUT26f1Mk0p65Ur9fRudHHTVCyw=
23,27,qbZHp5O7/BlvdSaOsAkzM8y2t8U=,EUT26f1Mk0p65Ur9fRudHHTVCyw=
28,28,qbZHp5O7/BlvdSaOsAkzM8y2t8U=,8RGNDymTHn92jNesGBaPri8Wl/0=
17,26,qbZHp5O7/BlvdSaOsAkzM8y2t8U=,IcO6SvDfqRCEV7zp882B7ppsjqo=
17,25,qbZHp5O7/BlvdSaOsAkzM8y2t8U=,IcO6SvDfqRCEV7zp882B7ppsjqo=
20,26,qbZHp5O7/BlvdSaOsAkzM8y2t8U=,EUT26f1Mk0p65Ur9fRudHHTVCyw=
20,25,qbZHp5O7/BlvdSaOsAkzM8y2t8U=,EUT26f1Mk0p65Ur9fRudHHTVCyw=
18,26,qbZHp5O7/BlvdSaOsAkzM8y2t8U=,IcO6SvDfqRCEV7zp882B7ppsjqo=
19,25,qbZHp5O7/BlvdSaOsAkzM8y2t8U=,IcO6SvDfqRCEV7zp882B7ppsjqo=
19,26,qbZHp5O7/BlvdSaOsAkzM8y2t8U=,IcO6SvDfqRCEV7zp882B7ppsjqo=
18,25,qbZHp5O7/BlvdSaOsAkzM8y2t8U=,IcO6SvDfqRCEV7zp882B7ppsjqo=
17,23,qbZHp5O7/BlvdSaOsAkzM8y2t8U=,dqMdjTx9eYR+UM60Mfs0NZZcbBo=
18,22,qbZHp5O7/BlvdSaOsAkzM8y2t8U=,dqMdjTx9eYR+UM60Mfs0NZZcbBo=
17,21,qbZHp5O7/BlvdSaOsAkzM8y2t8U=,dqMdjTx9eYR+UM60Mfs0NZZcbBo=
17,24,qbZHp5O7/BlvdSaOsAkzM8y2t8U=,IcO6SvDfqRCEV7zp882B7ppsjqo=
18,23,qbZHp5O7/BlvdSaOsAkzM8y2t8U=,dqMdjTx9eYR+UM60Mfs0NZZcbBo=
17,22,qbZHp5O7/BlvdSaOsAkzM8y2t8U=,dqMdjTx9eYR+UM60Mfs0NZZcbBo=
18,24,qbZHp5O7/BlvdSaOsAkzM8y2t8U=,IcO6SvDfqRCEV7zp882B7ppsjqo=
18,21,qbZHp5O7/BlvdSaOsAkzM8y2t8U=,dqMdjTx9eYR+UM60Mfs0NZZcbBo=
19,28,qbZHp5O7/BlvdSaOsAkzM8y2t8U=,AQ8Bqt7Ezh5eZyYeuJDH0P63E7c=
18,28,qbZHp5O7/BlvdSaOsAkzM8y2t8U=,AQ8Bqt7Ezh5eZyYeuJDH0P63E7c=
20,29,qbZHp5O7/BlvdSaOsAkzM8y2t8U=,Q/sc/BRBKTdm9A6KRqW+nDf9kUU=
20,28,qbZHp5O7/BlvdSaOsAkzM8y2t8U=,Q/sc/BRBKTdm9A6KRqW+nDf9kUU=
19,30,qbZHp5O7/BlvdSaOsAkzM8y2t8U=,AQ8Bqt7Ezh5eZyYeuJDH0P63E7c=
17,28,qbZHp5O7/BlvdSaOsAkzM8y2t8U=,AQ8Bqt7Ezh5eZyYeuJDH0P63E7c=
20,30,qbZHp5O7/BlvdSaOsAkzM8y2t8U=,Q/sc/BRBKTdm9A6KRqW+nDf9kUU=
24,21,qbZHp5O7/BlvdSaOsAkzM8y2t8U=,SlJMTVW4lqHy2VBSrqhCfku8HBY=
19,22,qbZHp5O7/BlvdSaOsAkzM8y2t8U=,dqMdjTx9eYR+UM60Mfs0NZZcbBo=
19,27,qbZHp5O7/BlvdSaOsAkzM8y2t8U=,IcO6SvDfqRCEV7zp882B7ppsjqo=
17,30,qbZHp5O7/BlvdSaOsAkzM8y2t8U=,AQ8Bqt7Ezh5eZyYeuJDH0P63E7c=
22,22,qbZHp5O7/BlvdSaOsAkzM8y2t8U=,siUpB/rVUDbnZ3BmOScU8EUluFg=
20,22,qbZHp5O7/BlvdSaOsAkzM8y2t8U=,siUpB/rVUDbnZ3BmOScU8EUluFg=
23,22,qbZHp5O7/BlvdSaOsAkzM8y2t8U=,siUpB/rVUDbnZ3BmOScU8EUluFg=
21,22,qbZHp5O7/BlvdSaOsAkzM8y2t8U=,siUpB/rVUDbnZ3BmOScU8EUluFg=
19,23,qbZHp5O7/BlvdSaOsAkzM8y2t8U=,dqMdjTx9eYR+UM60Mfs0NZZcbBo=
19,29,qbZHp5O7/BlvdSaOsAkzM8y2t8U=,AQ8Bqt7Ezh5eZyYeuJDH0P63E7c=
22,21,qbZHp5O7/BlvdSaOsAkzM8y2t8U=,siUpB/rVUDbnZ3BmOScU8EUluFg=
23,21,qbZHp5O7/BlvdSaOsAkzM8y2t8U=,siUpB/rVUDbnZ3BmOScU8EUluFg=
21,21,qbZHp5O7/BlvdSaOsAkzM8y2t8U=,siUpB/rVUDbnZ3BmOScU8EUluFg=
23,24,qbZHp5O7/BlvdSaOsAkzM8y2t8U=,EUT26f1Mk0p65Ur9fRudHHTVCyw=
20,21,qbZHp5O7/BlvdSaOsAkzM8y2t8U=,siUpB/rVUDbnZ3BmOScU8EUluFg=
18,27,qbZHp5O7/BlvdSaOsAkzM8y2t8U=,IcO6SvDfqRCEV7zp882B7ppsjqo=
24,24,qbZHp5O7/BlvdSaOsAkzM8y2t8U=,jiN63Yv3k64KmQRyufrthLizFlE=
20,23,qbZHp5O7/BlvdSaOsAkzM8y2t8U=,siUpB/rVUDbnZ3BmOScU8EUluFg=
17,29,qbZHp5O7/BlvdSaOsAkzM8y2t8U=,AQ8Bqt7Ezh5eZyYeuJDH0P63E7c=
18,29,qbZHp5O7/BlvdSaOsAkzM8y2t8U=,AQ8Bqt7Ezh5eZyYeuJDH0P63E7c=
22,24,qbZHp5O7/BlvdSaOsAkzM8y2t8U=,EUT26f1Mk0p65Ur9fRudHHTVCyw=
24,23,qbZHp5O7/BlvdSaOsAkzM8y2t8U=,SlJMTVW4lqHy2VBSrqhCfku8HBY=
19,21,qbZHp5O7/BlvdSaOsAkzM8y2t8U=,dqMdjTx9eYR+UM60Mfs0NZZcbBo=
21,24,qbZHp5O7/BlvdSaOsAkzM8y2t8U=,EUT26f1Mk0p65Ur9fRudHHTVCyw=
20,24,qbZHp5O7/BlvdSaOsAkzM8y2t8U=,EUT26f1Mk0p65Ur9fRudHHTVCyw=
20,27,qbZHp5O7/BlvdSaOsAkzM8y2t8U=,EUT26f1Mk0p65Ur9fRudHHTVCyw=
24,22,qbZHp5O7/BlvdSaOsAkzM8y2t8U=,SlJMTVW4lqHy2VBSrqhCfku8HBY=
17,27,qbZHp5O7/BlvdSaOsAkzM8y2t8U=,IcO6SvDfqRCEV7zp882B7ppsjqo=
19,24,qbZHp5O7/BlvdSaOsAkzM8y2t8U=,IcO6SvDfqRCEV7zp882B7ppsjqo=
23,23,qbZHp5O7/BlvdSaOsAkzM8y2t8U=,siUpB/rVUDbnZ3BmOScU8EUluFg=
21,23,qbZHp5O7/BlvdSaOsAkzM8y2t8U=,siUpB/rVUDbnZ3BmOScU8EUluFg=
22,23,qbZHp5O7/BlvdSaOsAkzM8y2t8U=,siUpB/rVUDbnZ3BmOScU8EUluFg=
18,30,qbZHp5O7/BlvdSaOsAkzM8y2t8U=,AQ8Bqt7Ezh5eZyYeuJDH0P63E7c=
21,17,qbZHp5O7/BlvdSaOsAkzM8y2t8U=,H5KRVVqSwML5e/O1wopTm4Y1kEM=
22,17,qbZHp5O7/BlvdSaOsAkzM8y2t8U=,H5KRVVqSwML5e/O1wopTm4Y1kEM=
22,18,qbZHp5O7/BlvdSaOsAkzM8y2t8U=,H5KRVVqSwML5e/O1wopTm4Y1kEM=
22,19,qbZHp5O7/BlvdSaOsAkzM8y2t8U=,H5KRVVqSwML5e/O1wopTm4Y1kEM=
21,19,qbZHp5O7/BlvdSaOsAkzM8y2t8U=,H5KRVVqSwML5e/O1wopTm4Y1kEM=
22,20,qbZHp5O7/BlvdSaOsAkzM8y2t8U=,siUpB/rVUDbnZ3BmOScU8EUluFg=
21,18,qbZHp5O7/BlvdSaOsAkzM8y2t8U=,H5KRVVqSwML5e/O1wopTm4Y1kEM=
21,20,qbZHp5O7/BlvdSaOsAkzM8y2t8U=,siUpB/rVUDbnZ3BmOScU8EUluFg=
21,16,qbZHp5O7/BlvdSaOsAkzM8y2t8U=,H5KRVVqSwML5e/O1wopTm4Y1kEM=
18,20,qbZHp5O7/BlvdSaOsAkzM8y2t8U=,dqMdjTx9eYR+UM60Mfs0NZZcbBo=
22,16,qbZHp5O7/BlvdSaOsAkzM8y2t8U=,H5KRVVqSwML5e/O1wopTm4Y1kEM=
20,17,qbZHp5O7/BlvdSaOsAkzM8y2t8U=,H5KRVVqSwML5e/O1wopTm4Y1kEM=
16,18,qbZHp5O7/BlvdSaOsAkzM8y2t8U=,zhGTLJB5c5KodWD9SGCD1V25VJw=
31,21,qbZHp5O7/BlvdSaOsAkzM8y2t8U=,+GeJGJZ2lSllhf9J68SyKbcUldU=
31,22,qbZHp5O7/BlvdSaOsAkzM8y2t8U=,+GeJGJZ2lSllhf9J68SyKbcUldU=
20,18,qbZHp5O7/BlvdSaOsAkzM8y2t8U=,H5KRVVqSwML5e/O1wopTm4Y1kEM=
19,18,qbZHp5O7/BlvdSaOsAkzM8y2t8U=,zhGTLJB5c5KodWD9SGCD1V25VJw=
17,18,qbZHp5O7/BlvdSaOsAkzM8y2t8U=,zhGTLJB5c5KodWD9SGCD1V25VJw=
19,20,qbZHp5O7/BlvdSaOsAkzM8y2t8U=,dqMdjTx9eYR+UM60Mfs0NZZcbBo=
17,16,qbZHp5O7/BlvdSaOsAkzM8y2t8U=,zhGTLJB5c5KodWD9SGCD1V25VJw=
18,18,qbZHp5O7/BlvdSaOsAkzM8y2t8U=,zhGTLJB5c5KodWD9SGCD1V25VJw=
17,20,qbZHp5O7/BlvdSaOsAkzM8y2t8U=,dqMdjTx9eYR+UM60Mfs0NZZcbBo=
31,24,qbZHp5O7/BlvdSaOsAkzM8y2t8U=,CvzE+/MHlA65UAKd6lbYJeN8wv4=
19,17,qbZHp5O7/BlvdSaOsAkzM8y2t8U=,zhGTLJB5c5KodWD9SGCD1V25VJw=
31,25,qbZHp5O7/BlvdSaOsAkzM8y2t8U=,CvzE+/MHlA65UAKd6lbYJeN8wv4=
19,19,qbZHp5O7/BlvdSaOsAkzM8y2t8U=,zhGTLJB5c5KodWD9SGCD1V25VJw=
18,19,qbZHp5O7/BlvdSaOsAkzM8y2t8U=,zhGTLJB5c5KodWD9SGCD1V25VJw=
20,20,qbZHp5O7/BlvdSaOsAkzM8y2t8U=,siUpB/rVUDbnZ3BmOScU8EUluFg=
17,17,qbZHp5O7/BlvdSaOsAkzM8y2t8U=,zhGTLJB5c5KodWD9SGCD1V25VJw=
18,17,qbZHp5O7/BlvdSaOsAkzM8y2t8U=,zhGTLJB5c5KodWD9SGCD1V25VJw=
31,23,qbZHp5O7/BlvdSaOsAkzM8y2t8U=,+GeJGJZ2lSllhf9J68SyKbcUldU=
20,16,qbZHp5O7/BlvdSaOsAkzM8y2t8U=,H5KRVVqSwML5e/O1wopTm4Y1kEM=
19,16,qbZHp5O7/BlvdSaOsAkzM8y2t8U=,zhGTLJB5c5KodWD9SGCD1V25VJw=
31,26,qbZHp5O7/BlvdSaOsAkzM8y2t8U=,CvzE+/MHlA65UAKd6lbYJeN8wv4=
18,16,qbZHp5O7/BlvdSaOsAkzM8y2t8U=,zhGTLJB5c5KodWD9SGCD1V25VJw=
17,19,qbZHp5O7/BlvdSaOsAkzM8y2t8U=,zhGTLJB5c5KodWD9SGCD1V25VJw=
20,19,qbZHp5O7/BlvdSaOsAkzM8y2t8U=,H5KRVVqSwML5e/O1wopTm4Y1kEM=
16,17,qbZHp5O7/BlvdSaOsAkzM8y2t8U=,zhGTLJB5c5KodWD9SGCD1V25VJw=
31,27,qbZHp5O7/BlvdSaOsAkzM8y2t8U=,CvzE+/MHlA65UAKd6lbYJeN8wv4=
16,26,qbZHp5O7/BlvdSaOsAkzM8y2t8U=,IcO6SvDfqRCEV7zp882B7ppsjqo=
16,25,qbZHp5O7/BlvdSaOsAkzM8y2t8U=,IcO6SvDfqRCEV7zp882B7ppsjqo=
31,30,qbZHp5O7/BlvdSaOsAkzM8y2t8U=,8RGNDymTHn92jNesGBaPri8Wl/0=
31,29,qbZHp5O7/BlvdSaOsAkzM8y2t8U=,8RGNDymTHn92jNesGBaPri8Wl/0=
31,28,qbZHp5O7/BlvdSaOsAkzM8y2t8U=,8RGNDymTHn92jNesGBaPri8Wl/0=
17,31,qbZHp5O7/BlvdSaOsAkzM8y2t8U=,AQ8Bqt7Ezh5eZyYeuJDH0P63E7c=
18,31,HraryA8IKT6VJDXEZE6SHFPGIIk=,AQ8Bqt7Ezh5eZyYeuJDH0P63E7c=
16,27,HraryA8IKT6VJDXEZE6SHFPGIIk=,IcO6SvDfqRCEV7zp882B7ppsjqo=
16,29,HraryA8IKT6VJDXEZE6SHFPGIIk=,AQ8Bqt7Ezh5eZyYeuJDH0P63E7c=
16,28,HraryA8IKT6VJDXEZE6SHFPGIIk=,AQ8Bqt7Ezh5eZyYeuJDH0P63E7c=
16,30,HraryA8IKT6VJDXEZE6SHFPGIIk=,AQ8Bqt7Ezh5eZyYeuJDH0P63E7c=
20,31,HraryA8IKT6VJDXEZE6SHFPGIIk=,Q/sc/BRBKTdm9A6KRqW+nDf9kUU=
29,17,HraryA8IKT6VJDXEZE6SHFPGIIk=,FAF2+JxrgYrzX7fvZzEpLTisH+U=
31,16,HraryA8IKT6VJDXEZE6SHFPGIIk=,FAF2+JxrgYrzX7fvZzEpLTisH+U=
30,16,HraryA8IKT6VJDXEZE6SHFPGIIk=,FAF2+JxrgYrzX7fvZzEpLTisH+U=
31,19,HraryA8IKT6VJDXEZE6SHFPGIIk=,FAF2+JxrgYrzX7fvZzEpLTisH+U=
29,16,HraryA8IKT6VJDXEZE6SHFPGIIk=,FAF2+JxrgYrzX7fvZzEpLTisH+U=
30,19,HraryA8IKT6VJDXEZE6SHFPGIIk=,FAF2+JxrgYrzX7fvZzEpLTisH+U=
31,20,HraryA8IKT6VJDXEZE6SHFPGIIk=,+GeJGJZ2lSllhf9J68SyKbcUldU=
29,19,HraryA8IKT6VJDXEZE6SHFPGIIk=,FAF2+JxrgYrzX7fvZzEpLTisH+U=
30,20,HraryA8IKT6VJDXEZE6SHFPGIIk=,+GeJGJZ2lSllhf9J68SyKbcUldU=
21,31,HraryA8IKT6VJDXEZE6SHFPGIIk=,Q/sc/BRBKTdm9A6KRqW+nDf9kUU=
30,17,HraryA8IKT6VJDXEZE6SHFPGIIk=,FAF2+JxrgYrzX7fvZzEpLTisH+U=
30,18,HraryA8IKT6VJDXEZE6SHFPGIIk=,FAF2+JxrgYrzX7fvZzEpLTisH+U=
31,18,HraryA8IKT6VJDXEZE6SHFPGIIk=,FAF2+JxrgYrzX7fvZzEpLTisH+U=
29,18,HraryA8IKT6VJDXEZE6SHFPGIIk=,FAF2+JxrgYrzX7fvZzEpLTisH+U=
29,20,HraryA8IKT6VJDXEZE6SHFPGIIk=,+GeJGJZ2lSllhf9J68SyKbcUldU=
19,31,HraryA8IKT6VJDXEZE6SHFPGIIk=,AQ8Bqt7Ezh5eZyYeuJDH0P63E7c=
22,31,HraryA8IKT6VJDXEZE6SHFPGIIk=,Q/sc/BRBKTdm9A6KRqW+nDf9kUU=
26,31,HraryA8IKT6VJDXEZE6SHFPGIIk=,Z1v/SEDSOn+MVavUrsu6yyP93DA=
24,31,HraryA8IKT6VJDXEZE6SHFPGIIk=,Z1v/SEDSOn+MVavUrsu6yyP93DA=
25,31,HraryA8IKT6VJDXEZE6SHFPGIIk=,Z1v/SEDSOn+MVavUrsu6yyP93DA=
23,31,HraryA8IKT6VJDXEZE6SHFPGIIk=,Q/sc/BRBKTdm9A6KRqW+nDf9kUU=
31,17,HraryA8IKT6VJDXEZE6SHFPGIIk=,FAF2+JxrgYrzX7fvZzEpLTisH+U=
24,18,HraryA8IKT6VJDXEZE6SHFPGIIk=,07C1vZMxK2Fj3Bkywx+vukRvrZE=
25,18,HraryA8IKT6VJDXEZE6SHFPGIIk=,07C1vZMxK2Fj3Bkywx+vukRvrZE=
24,19,HraryA8IKT6VJDXEZE6SHFPGIIk=,07C1vZMxK2Fj3Bkywx+vukRvrZE=
26,18,HraryA8IKT6VJDXEZE6SHFPGIIk=,07C1vZMxK2Fj3Bkywx+vukRvrZE=
27,20,HraryA8IKT6VJDXEZE6SHFPGIIk=,SlJMTVW4lqHy2VBSrqhCfku8HBY=
27,17,HraryA8IKT6VJDXEZE6SHFPGIIk=,07C1vZMxK2Fj3Bkywx+vukRvrZE=
28,16,HraryA8IKT6VJDXEZE6SHFPGIIk=,FAF2+JxrgYrzX7fvZzEpLTisH+U=
26,17,HraryA8IKT6VJDXEZE6SHFPGIIk=,07C1vZMxK2Fj3Bkywx+vukRvrZE=
25,19,HraryA8IKT6VJDXEZE6SHFPGIIk=,07C1vZMxK2Fj3Bkywx+vukRvrZE=
26,20,HraryA8IKT6VJDXEZE6SHFPGIIk=,SlJMTVW4lqHy2VBSrqhCfku8HBY=
28,19,HraryA8IKT6VJDXEZE6SHFPGIIk=,FAF2+JxrgYrzX7fvZzEpLTisH+U=
28,18,HraryA8IKT6VJDXEZE6SHFPGIIk=,FAF2+JxrgYrzX7fvZzEpLTisH+U=
27,18,HraryA8IKT6VJDXEZE6SHFPGIIk=,07C1vZMxK2Fj3Bkywx+vukRvrZE=
25,17,HraryA8IKT6VJDXEZE6SHFPGIIk=,07C1vZMxK2Fj3Bkywx+vukRvrZE=
24,17,HraryA8IKT6VJDXEZE6SHFPGIIk=,07C1vZMxK2Fj3Bkywx+vukRvrZE=
28,17,HraryA8IKT6VJDXEZE6SHFPGIIk=,FAF2+JxrgYrzX7fvZzEpLTisH+U=
28,20,HraryA8IKT6VJDXEZE6SHFPGIIk=,+GeJGJZ2lSllhf9J68SyKbcUldU=
26,16,HraryA8IKT6VJDXEZE6SHFPGIIk=,07C1vZMxK2Fj3Bkywx+vukRvrZE=
27,16,HraryA8IKT6VJDXEZE6SHFPGIIk=,07C1vZMxK2Fj3Bkywx+vukRvrZE=
23,20,HraryA8IKT6VJDXEZE6SHFPGIIk=,siUpB/rVUDbnZ3BmOScU8EUluFg=
16,16,HraryA8IKT6VJDXEZE6SHFPGIIk=,zhGTLJB5c5KodWD9SGCD1V25VJw=
23,17,HraryA8IKT6VJDXEZE6SHFPGIIk=,H5KRVVqSwML5e/O1wopTm4Y1kEM=
25,16,HraryA8IKT6VJDXEZE6SHFPGIIk=,07C1vZMxK2Fj3Bkywx+vukRvrZE=
25,20,HraryA8IKT6VJDXEZE6SHFPGIIk=,SlJMTVW4lqHy2VBSrqhCfku8HBY=
16,23,HraryA8IKT6VJDXEZE6SHFPGIIk=,dqMdjTx9eYR+UM60Mfs0NZZcbBo=
16,22,HraryA8IKT6VJDXEZE6SHFPGIIk=,dqMdjTx9eYR+UM60Mfs0NZZcbBo=
16,19,HraryA8IKT6VJDXEZE6SHFPGIIk=,zhGTLJB5c5KodWD9SGCD1V25VJw=
16,21,HraryA8IKT6VJDXEZE6SHFPGIIk=,dqMdjTx9eYR+UM60Mfs0NZZcbBo=
28,31,HraryA8IKT6VJDXEZE6SHFPGIIk=,8RGNDymTHn92jNesGBaPri8Wl/0=
16,24,HraryA8IKT6VJDXEZE6SHFPGIIk=,IcO6SvDfqRCEV7zp882B7ppsjqo=
16,20,HraryA8IKT6VJDXEZE6SHFPGIIk=,dqMdjTx9eYR+UM60Mfs0NZZcbBo=
24,16,HraryA8IKT6VJDXEZE6SHFPGIIk=,07C1vZMxK2Fj3Bkywx+vukRvrZE=
23,18,HraryA8IKT6VJDXEZE6SHFPGIIk=,H5KRVVqSwML5e/O1wopTm4Y1kEM=
31,31,HraryA8IKT6VJDXEZE6SHFPGIIk=,8RGNDymTHn92jNesGBaPri8Wl/0=
24,20,HraryA8IKT6VJDXEZE6SHFPGIIk=,SlJMTVW4lqHy2VBSrqhCfku8HBY=
27,19,HraryA8IKT6VJDXEZE6SHFPGIIk=,07C1vZMxK2Fj3Bkywx+vukRvrZE=
27,31,HraryA8IKT6VJDXEZE6SHFPGIIk=,Z1v/SEDSOn+MVavUrsu6yyP93DA=
29,31,HraryA8IKT6VJDXEZE6SHFPGIIk=,8RGNDymTHn92jNesGBaPri8Wl/0=
23,19,HraryA8IKT6VJDXEZE6SHFPGIIk=,H5KRVVqSwML5e/O1wopTm4Y1kEM=
30,31,HraryA8IKT6VJDXEZE6SHFPGIIk=,8RGNDymTHn92jNesGBaPri8Wl/0=
23,16,HraryA8IKT6VJDXEZE6SHFPGIIk=,H5KRVVqSwML5e/O1wopTm4Y1kEM=
26,19,HraryA8IKT6VJDXEZE6SHFPGIIk=,07C1vZMxK2Fj3Bkywx+vukRvrZE=
16,31,HraryA8IKT6VJDXEZE6SHFPGIIk=,AQ8Bqt7Ezh5eZyYeuJDH0P63E7c=
18,10,HraryA8IKT6VJDXEZE6SHFPGIIk=,6XKt0MNjHlZtJe2beoqTxBkYnmw=
17,10,HraryA8IKT6VJDXEZE6SHFPGIIk=,6XKt0MNjHlZtJe2beoqTxBkYnmw=
17,9,HraryA8IKT6VJDXEZE6SHFPGIIk=,6XKt0MNjHlZtJe2beoqTxBkYnmw=
18,9,HraryA8IKT6VJDXEZE6SHFPGIIk=,6XKt0MNjHlZtJe2beoqTxBkYnmw=
17,5,HraryA8IKT6VJDXEZE6SHFPGIIk=,YEuicHKDCCvig3bPAfvmml77mIw=
18,5,HraryA8IKT6VJDXEZE6SHFPGIIk=,YEuicHKDCCvig3bPAfvmml77mIw=
17,7,HraryA8IKT6VJDXEZE6SHFPGIIk=,YEuicHKDCCvig3bPAfvmml77mIw=
18,6,HraryA8IKT6VJDXEZE6SHFPGIIk=,YEuicHKDCCvig3bPAfvmml77mIw=
17,8,HraryA8IKT6VJDXEZE6SHFPGIIk=,6XKt0MNjHlZtJe2beoqTxBkYnmw=
17,6,HraryA8IKT6VJDXEZE6SHFPGIIk=,YEuicHKDCCvig3bPAfvmml77mIw=
18,7,HraryA8IKT6VJDXEZE6SHFPGIIk=,YEuicHKDCCvig3bPAfvmml77mIw=
18,8,HraryA8IKT6VJDXEZE6SHFPGIIk=,6XKt0MNjHlZtJe2beoqTxBkYnmw=
19,5,HraryA8IKT6VJDXEZE6SHFPGIIk=,YEuicHKDCCvig3bPAfvmml77mIw=
22,6,HraryA8IKT6VJDXEZE6SHFPGIIk=,SZew1+ua31jQpRKoiP00Ce13IZs=
21,6,HraryA8IKT6VJDXEZE6SHFPGIIk=,SZew1+ua31jQpRKoiP00Ce13IZs=
20,6,HraryA8IKT6VJDXEZE6SHFPGIIk=,SZew1+ua31jQpRKoiP00Ce13IZs=
22,5,HraryA8IKT6VJDXEZE6SHFPGIIk=,SZew1+ua31jQpRKoiP00Ce13IZs=
21,5,HraryA8IKT6VJDXEZE6SHFPGIIk=,SZew1+ua31jQpRKoiP00Ce13IZs=
19,6,HraryA8IKT6VJDXEZE6SHFPGIIk=,YEuicHKDCCvig3bPAfvmml77mIw=
20,5,HraryA8IKT6VJDXEZE6SHFPGIIk=,SZew1+ua31jQpRKoiP00Ce13IZs=
20,9,HraryA8IKT6VJDXEZE6SHFPGIIk=,SZew1+ua31jQpRKoiP00Ce13IZs=
20,7,HraryA8IKT6VJDXEZE6SHFPGIIk=,SZew1+ua31jQpRKoiP00Ce13IZs=
21,7,HraryA8IKT6VJDXEZE6SHFPGIIk=,SZew1+ua31jQpRKoiP00Ce13IZs=
21,9,HraryA8IKT6VJDXEZE6SHFPGIIk=,SZew1+ua31jQpRKoiP00Ce13IZs=
22,9,HraryA8IKT6VJDXEZE6SHFPGIIk=,SZew1+ua31jQpRKoiP00Ce13IZs=
22,7,HraryA8IKT6VJDXEZE6SHFPGIIk=,SZew1+ua31jQpRKoiP00Ce13IZs=
20,10,HraryA8IKT6VJDXEZE6SHFPGIIk=,SZew1+ua31jQpRKoiP00Ce13IZs=
19,9,HraryA8IKT6VJDXEZE6SHFPGIIk=,6XKt0MNjHlZtJe2beoqTxBkYnmw=
19,7,HraryA8IKT6VJDXEZE6SHFPGIIk=,YEuicHKDCCvig3bPAfvmml77mIw=
19,8,HraryA8IKT6VJDXEZE6SHFPGIIk=,6XKt0MNjHlZtJe2beoqTxBkYnmw=
19,10,HraryA8IKT6VJDXEZE6SHFPGIIk=,6XKt0MNjHlZtJe2beoqTxBkYnmw=
20,8,HraryA8IKT6VJDXEZE6SHFPGIIk=,SZew1+ua31jQpRKoiP00Ce13IZs=
21,8,HraryA8IKT6VJDXEZE6SHFPGIIk=,SZew1+ua31jQpRKoiP00Ce13IZs=
21,10,HraryA8IKT6VJDXEZE6SHFPGIIk=,SZew1+ua31jQpRKoiP00Ce13IZs=
22,10,HraryA8IKT6VJDXEZE6SHFPGIIk=,SZew1+ua31jQpRKoiP00Ce13IZs=
22,8,HraryA8IKT6VJDXEZE6SHFPGIIk=,SZew1+ua31jQpRKoiP00Ce13IZs=
29,5,HraryA8IKT6VJDXEZE6SHFPGIIk=,SZew1+ua31jQpRKoiP00Ce13IZs=
30,5,HraryA8IKT6VJDXEZE6SHFPGIIk=,SZew1+ua31jQpRKoiP00Ce13IZs=
30,6,HraryA8IKT6VJDXEZE6SHFPGIIk=,SZew1+ua31jQpRKoiP00Ce13IZs=
28,5,HraryA8IKT6VJDXEZE6SHFPGIIk=,SZew1+ua31jQpRKoiP00Ce13IZs=
29,6,HraryA8IKT6VJDXEZE6SHFPGIIk=,SZew1+ua31jQpRKoiP00Ce13IZs=
27,6,HraryA8IKT6VJDXEZE6SHFPGIIk=,SZew1+ua31jQpRKoiP00Ce13IZs=
25,6,HraryA8IKT6VJDXEZE6SHFPGIIk=,SZew1+ua31jQpRKoiP00Ce13IZs=
23,6,HraryA8IKT6VJDXEZE6SHFPGIIk=,SZew1+ua31jQpRKoiP00Ce13IZs=
26,6,HraryA8IKT6VJDXEZE6SHFPGIIk=,SZew1+ua31jQpRKoiP00Ce13IZs=
24,6,HraryA8IKT6VJDXEZE6SHFPGIIk=,SZew1+ua31jQpRKoiP00Ce13IZs=
28,6,HraryA8IKT6VJDXEZE6SHFPGIIk=,SZew1+ua31jQpRKoiP00Ce13IZs=
27,5,HraryA8IKT6VJDXEZE6SHFPGIIk=,SZew1+ua31jQpRKoiP00Ce13IZs=
23,5,HraryA8IKT6VJDXEZE6SHFPGIIk=,SZew1+ua31jQpRKoiP00Ce13IZs=
26,5,HraryA8IKT6VJDXEZE6SHFPGIIk=,SZew1+ua31jQpRKoiP00Ce13IZs=
25,5,HraryA8IKT6VJDXEZE6SHFPGIIk=,SZew1+ua31jQpRKoiP00Ce13IZs=
24,5,HraryA8IKT6VJDXEZE6SHFPGIIk=,SZew1+ua31jQpRKoiP00Ce13IZs=
24,7,HraryA8IKT6VJDXEZE6SHFPGIIk=,SZew1+ua31jQpRKoiP00Ce13IZs=
23,9,HraryA8IKT6VJDXEZE6SHFPGIIk=,SZew1+ua31jQpRKoiP00Ce13IZs=
23,7,HraryA8IKT6VJDXEZE6SHFPGIIk=,SZew1+ua31jQpRKoiP00Ce13IZs=
23,10,HraryA8IKT6VJDXEZE6SHFPGIIk=,SZew1+ua31jQpRKoiP00Ce13IZs=
25,7,HraryA8IKT6VJDXEZE6SHFPGIIk=,SZew1+ua31jQpRKoiP00Ce13IZs=
26,7,HraryA8IKT6VJDXEZE6SHFPGIIk=,SZew1+ua31jQpRKoiP00Ce13IZs=
28,7,HraryA8IKT6VJDXEZE6SHFPGIIk=,SZew1+ua31jQpRKoiP00Ce13IZs=
23,8,HraryA8IKT6VJDXEZE6SHFPGIIk=,SZew1+ua31jQpRKoiP00Ce13IZs=
24,8,HraryA8IKT6VJDXEZE6SHFPGIIk=,SZew1+ua31jQpRKoiP00Ce13IZs=
29,7,HraryA8IKT6VJDXEZE6SHFPGIIk=,SZew1+ua31jQpRKoiP00Ce13IZs=
25,8,HraryA8IKT6VJDXEZE6SHFPGIIk=,SZew1+ua31jQpRKoiP00Ce13IZs=
26,10,HraryA8IKT6VJDXEZE6SHFPGIIk=,SZew1+ua31jQpRKoiP00Ce13IZs=
26,8,HraryA8IKT6VJDXEZE6SHFPGIIk=,SZew1+ua31jQpRKoiP00Ce13IZs=
25,10,HraryA8IKT6VJDXEZE6SHFPGIIk=,SZew1+ua31jQpRKoiP00Ce13IZs=
24,9,HraryA8IKT6VJDXEZE6SHFPGIIk=,SZew1+ua31jQpRKoiP00Ce13IZs=
30,10,HraryA8IKT6VJDXEZE6SHFPGIIk=,SZew1+ua31jQpRKoiP00Ce13IZs=
27,10,HraryA8IKT6VJDXEZE6SHFPGIIk=,SZew1+ua31jQpRKoiP00Ce13IZs=
30,8,HraryA8IKT6VJDXEZE6SHFPGIIk=,SZew1+ua31jQpRKoiP00Ce13IZs=
29,8,HraryA8IKT6VJDXEZE6SHFPGIIk=,SZew1+ua31jQpRKoiP00Ce13IZs=
29,10,HraryA8IKT6VJDXEZE6SHFPGIIk=,SZew1+ua31jQpRKoiP00Ce13IZs=
28,10,HraryA8IKT6VJDXEZE6SHFPGIIk=,SZew1+ua31jQpRKoiP00Ce13IZs=
25,9,HraryA8IKT6VJDXEZE6SHFPGIIk=,SZew1+ua31jQpRKoiP00Ce13IZs=
26,9,HraryA8IKT6VJDXEZE6SHFPGIIk=,SZew1+ua31jQpRKoiP00Ce13IZs=
28,8,HraryA8IKT6VJDXEZE6SHFPGIIk=,SZew1+ua31jQpRKoiP00Ce13IZs=
24,10,HraryA8IKT6VJDXEZE6SHFPGIIk=,SZew1+ua31jQpRKoiP00Ce13IZs=
30,7,HraryA8IKT6VJDXEZE6SHFPGIIk=,SZew1+ua31jQpRKoiP00Ce13IZs=
27,7,HraryA8IKT6VJDXEZE6SHFPGIIk=,SZew1+ua31jQpRKoiP00Ce13IZs=
30,9,HraryA8IKT6VJDXEZE6SHFPGIIk=,SZew1+ua31jQpRKoiP00Ce13IZs=
26,1,HraryA8IKT6VJDXEZE6SHFPGIIk=,SZew1+ua31jQpRKoiP00Ce13IZs=
26,2,HraryA8IKT6VJDXEZE6SHFPGIIk=,SZew1+ua31jQpRKoiP00Ce13IZs=
29,9,HraryA8IKT6VJDXEZE6SHFPGIIk=,SZew1+ua31jQpRKoiP00Ce13IZs=
25,1,HraryA8IKT6VJDXEZE6SHFPGIIk=,SZew1+ua31jQpRKoiP00Ce13IZs=
27,8,HraryA8IKT6VJDXEZE6SHFPGIIk=,SZew1+ua31jQpRKoiP00Ce13IZs=
25,3,HraryA8IKT6VJDXEZE6SHFPGIIk=,SZew1+ua31jQpRKoiP00Ce13IZs=
28,9,HraryA8IKT6VJDXEZE6SHFPGIIk=,SZew1+ua31jQpRKoiP00Ce13IZs=
26,4,HraryA8IKT6VJDXEZE6SHFPGIIk=,SZew1+ua31jQpRKoiP00Ce13IZs=
26,3,HraryA8IKT6VJDXEZE6SHFPGIIk=,SZew1+ua31jQpRKoiP00Ce13IZs=
25,2,HraryA8IKT6VJDXEZE6SHFPGIIk=,SZew1+ua31jQpRKoiP00Ce13IZs=
25,4,HraryA8IKT6VJDXEZE6SHFPGIIk=,SZew1+ua31jQpRKoiP00Ce13IZs=
27,9,HraryA8IKT6VJDXEZE6SHFPGIIk=,SZew1+ua31jQpRKoiP00Ce13IZs=
25,13,HraryA8IKT6VJDXEZE6SHFPGIIk=,SZew1+ua31jQpRKoiP00Ce13IZs=
26,12,HraryA8IKT6VJDXEZE6SHFPGIIk=,SZew1+ua31jQpRKoiP00Ce13IZs=
26,13,HraryA8IKT6VJDXEZE6SHFPGIIk=,SZew1+ua31jQpRKoiP00Ce13IZs=
25,11,HraryA8IKT6VJDXEZE6SHFPGIIk=,SZew1+ua31jQpRKoiP00Ce13IZs=
26,11,HraryA8IKT6VJDXEZE6SHFPGIIk=,SZew1+ua31jQpRKoiP00Ce13IZs=
25,12,HraryA8IKT6VJDXEZE6SHFPGIIk=,SZew1+ua31jQpRKoiP00Ce13IZs=
25,14,HraryA8IKT6VJDXEZE6SHFPGIIk=,SZew1+ua31jQpRKoiP00Ce13IZs=
26,14,HraryA8IKT6VJDXEZE6SHFPGIIk=,SZew1+ua31jQpRKoiP00Ce13IZs=
28,11,HraryA8IKT6VJDXEZE6SHFPGIIk=,SZew1+ua31jQpRKoiP00Ce13IZs=
25,15,HraryA8IKT6VJDXEZE6SHFPGIIk=,SZew1+ua31jQpRKoiP00Ce13IZs=
26,15,HraryA8IKT6VJDXEZE6SHFPGIIk=,SZew1+ua31jQpRKoiP00Ce13IZs=
29,11,HraryA8IKT6VJDXEZE6SHFPGIIk=,SZew1+ua31jQpRKoiP00Ce13IZs=
27,13,HraryA8IKT6VJDXEZE6SHFPGIIk=,SZew1+ua31jQpRKoiP00Ce13IZs=
28,13,HraryA8IKT6VJDXEZE6SHFPGIIk=,SZew1+ua31jQpRKoiP00Ce13IZs=
29,13,HraryA8IKT6VJDXEZE6SHFPGIIk=,SZew1+ua31jQpRKoiP00Ce13IZs=
30,13,HraryA8IKT6VJDXEZE6SHFPGIIk=,SZew1+ua31jQpRKoiP00Ce13IZs=
30,11,HraryA8IKT6VJDXEZE6SHFPGIIk=,SZew1+ua31jQpRKoiP00Ce13IZs=
28,14,HraryA8IKT6VJDXEZE6SHFPGIIk=,SZew1+ua31jQpRKoiP00Ce13IZs=
16,9,HraryA8IKT6VJDXEZE6SHFPGIIk=,6XKt0MNjHlZtJe2beoqTxBkYnmw=
27,12,HraryA8IKT6VJDXEZE6SHFPGIIk=,SZew1+ua31jQpRKoiP00Ce13IZs=
16,10,HraryA8IKT6VJDXEZE6SHFPGIIk=,6XKt0MNjHlZtJe2beoqTxBkYnmw=
29,14,HraryA8IKT6VJDXEZE6SHFPGIIk=,SZew1+ua31jQpRKoiP00Ce13IZs=
30,14,HraryA8IKT6VJDXEZE6SHFPGIIk=,SZew1+ua31jQpRKoiP00Ce13IZs=
27,14,HraryA8IKT6VJDXEZE6SHFPGIIk=,SZew1+ua31jQpRKoiP00Ce13IZs=
27,11,HraryA8IKT6VJDXEZE6SHFPGIIk=,SZew1+ua31jQpRKoiP00Ce13IZs=
28,12,HraryA8IKT6VJDXEZE6SHFPGIIk=,SZew1+ua31jQpRKoiP00Ce13IZs=
29,12,HraryA8IKT6VJDXEZE6SHFPGIIk=,SZew1+ua31jQpRKoiP00Ce13IZs=
30,12,HraryA8IKT6VJDXEZE6SHFPGIIk=,SZew1+ua31jQpRKoiP00Ce13IZs=
17,15,c2/tgwogmxs40gp1Gy9GBAxWh4o=,3pFJEl122YsGsBeDq4dBZIjzObw=
18,13,c2/tgwogmxs40gp1Gy9GBAxWh4o=,3pFJEl122YsGsBeDq4dBZIjzObw=
17,14,c2/tgwogmxs40gp1Gy9GBAxWh4o=,3pFJEl122YsGsBeDq4dBZIjzObw=
17,13,c2/tgwogmxs40gp1Gy9GBAxWh4o=,3pFJEl122YsGsBeDq4dBZIjzObw=
16,14,c2/tgwogmxs40gp1Gy9GBAxWh4o=,3pFJEl122YsGsBeDq4dBZIjzObw=
16,5,c2/tgwogmxs40gp1Gy9GBAxWh4o=,YEuicHKDCCvig3bPAfvmml77mIw=
16,8,c2/tgwogmxs40gp1Gy9GBAxWh4o=,6XKt0MNjHlZtJe2beoqTxBkYnmw=
16,7,c2/tgwogmxs40gp1Gy9GBAxWh4o=,YEuicHKDCCvig3bPAfvmml77mIw=
16,13,c2/tgwogmxs40gp1Gy9GBAxWh4o=,3pFJEl122YsGsBeDq4dBZIjzObw=
18,14,c2/tgwogmxs40gp1Gy9GBAxWh4o=,3pFJEl122YsGsBeDq4dBZIjzObw=
18,15,c2/tgwogmxs40gp1Gy9GBAxWh4o=,3pFJEl122YsGsBeDq4dBZIjzObw=
16,11,c2/tgwogmxs40gp1Gy9GBAxWh4o=,6XKt0MNjHlZtJe2beoqTxBkYnmw=
16,12,c2/tgwogmxs40gp1Gy9GBAxWh4o=,3pFJEl122YsGsBeDq4dBZIjzObw=
17,12,c2/tgwogmxs40gp1Gy9GBAxWh4o=,3pFJEl122YsGsBeDq4dBZIjzObw=
17,11,c2/tgwogmxs40gp1Gy9GBAxWh4o=,6XKt0MNjHlZtJe2beoqTxBkYnmw=
18,11,c2/tgwogmxs40gp1Gy9GBAxWh4o=,6XKt0MNjHlZtJe2beoqTxBkYnmw=
18,12,c2/tgwogmxs40gp1Gy9GBAxWh4o=,3pFJEl122YsGsBeDq4dBZIjzObw=
16,6,c2/tgwogmxs40gp1Gy9GBAxWh4o=,YEuicHKDCCvig3bPAfvmml77mIw=
24,13,c2/tgwogmxs40gp1Gy9GBAxWh4o=,SZew1+ua31jQpRKoiP00Ce13IZs=
19,13,c2/tgwogmxs40gp1Gy9GBAxWh4o=,3pFJEl122YsGsBeDq4dBZIjzObw=
22,14,c2/tgwogmxs40gp1Gy9GBAxWh4o=,wR0ivCR7uH4nto1IxcsJow4JH20=
21,14,c2/tgwogmxs40gp1Gy9GBAxWh4o=,wR0ivCR7uH4nto1IxcsJow4JH20=
20,14,c2/tgwogmxs40gp1Gy9GBAxWh4o=,wR0ivCR7uH4nto1IxcsJow4JH20=
22,13,c2/tgwogmxs40gp1Gy9GBAxWh4o=,wR0ivCR7uH4nto1IxcsJow4JH20=
21,13,c2/tgwogmxs40gp1Gy9GBAxWh4o=,wR0ivCR7uH4nto1IxcsJow4JH20=
23,13,c2/tgwogmxs40gp1Gy9GBAxWh4o=,wR0ivCR7uH4nto1IxcsJow4JH20=
24,15,c2/tgwogmxs40gp1Gy9GBAxWh4o=,SZew1+ua31jQpRKoiP00Ce13IZs=
20,13,c2/tgwogmxs40gp1Gy9GBAxWh4o=,wR0ivCR7uH4nto1IxcsJow4JH20=
23,12,c2/tgwogmxs40gp1Gy9GBAxWh4o=,wR0ivCR7uH4nto1IxcsJow4JH20=
24,11,c2/tgwogmxs40gp1Gy9GBAxWh4o=,SZew1+ua31jQpRKoiP00Ce13IZs=
19,11,c2/tgwogmxs40gp1Gy9GBAxWh4o=,6XKt0MNjHlZtJe2beoqTxBkYnmw=
19,15,c2/tgwogmxs40gp1Gy9GBAxWh4o=,3pFJEl122YsGsBeDq4dBZIjzObw=
23,11,c2/tgwogmxs40gp1Gy9GBAxWh4o=,SZew1+ua31jQpRKoiP00Ce13IZs=
22,12,c2/tgwogmxs40gp1Gy9GBAxWh4o=,wR0ivCR7uH4nto1IxcsJow4JH20=
19,14,c2/tgwogmxs40gp1Gy9GBAxWh4o=,3pFJEl122YsGsBeDq4dBZIjzObw=
21,12,c2/tgwogmxs40gp1Gy9GBAxWh4o=,wR0ivCR7uH4nto1IxcsJow4JH20=
20,15,c2/tgwogmxs40gp1Gy9GBAxWh4o=,wR0ivCR7uH4nto1IxcsJow4JH20=
22,11,c2/tgwogmxs40gp1Gy9GBAxWh4o=,SZew1+ua31jQpRKoiP00Ce13IZs=
20,11,c2/tgwogmxs40gp1Gy9GBAxWh4o=,SZew1+ua31jQpRKoiP00Ce13IZs=
21,11,c2/tgwogmxs40gp1Gy9GBAxWh4o=,SZew1+ua31jQpRKoiP00Ce13IZs=
24,14,c2/tgwogmxs40gp1Gy9GBAxWh4o=,SZew1+ua31jQpRKoiP00Ce13IZs=
23,15,c2/tgwogmxs40gp1Gy9GBAxWh4o=,wR0ivCR7uH4nto1IxcsJow4JH20=
20,12,c2/tgwogmxs40gp1Gy9GBAxWh4o=,wR0ivCR7uH4nto1IxcsJow4JH20=
22,15,c2/tgwogmxs40gp1Gy9GBAxWh4o=,wR0ivCR7uH4nto1IxcsJow4JH20=
21,15,c2/tgwogmxs40gp1Gy9GBAxWh4o=,wR0ivCR7uH4nto1IxcsJow4JH20=
19,12,c2/tgwogmxs40gp1Gy9GBAxWh4o=,3pFJEl122YsGsBeDq4dBZIjzObw=
24,12,c2/tgwogmxs40gp1Gy9GBAxWh4o=,SZew1+ua31jQpRKoiP00Ce13IZs=
23,14,c2/tgwogmxs40gp1Gy9GBAxWh4o=,wR0ivCR7uH4nto1IxcsJow4JH20=
17,3,c2/tgwogmxs40gp1Gy9GBAxWh4o=,cK+hv2Xe4l7F2wndGkCG4WzFG9w=
17,2,c2/tgwogmxs40gp1Gy9GBAxWh4o=,cK+hv2Xe4l7F2wndGkCG4WzFG9w=
17,1,c2/tgwogmxs40gp1Gy9GBAxWh4o=,cK+hv2Xe4l7F2wndGkCG4WzFG9w=
18,1,c2/tgwogmxs40gp1Gy9GBAxWh4o=,cK+hv2Xe4l7F2wndGkCG4WzFG9w=
18,4,c2/tgwogmxs40gp1Gy9GBAxWh4o=,YEuicHKDCCvig3bPAfvmml77mIw=
18,2,c2/tgwogmxs40gp1Gy9GBAxWh4o=,cK+hv2Xe4l7F2wndGkCG4WzFG9w=
17,4,c2/tgwogmxs40gp1Gy9GBAxWh4o=,YEuicHKDCCvig3bPAfvmml77mIw=
18,3,c2/tgwogmxs40gp1Gy9GBAxWh4o=,cK+hv2Xe4l7F2wndGkCG4WzFG9w=
25,0,c2/tgwogmxs40gp1Gy9GBAxWh4o=,SZew1+ua31jQpRKoiP00Ce13IZs=
26,0,c2/tgwogmxs40gp1Gy9GBAxWh4o=,SZew1+ua31jQpRKoiP00Ce13IZs=
28,1,c2/tgwogmxs40gp1Gy9GBAxWh4o=,SZew1+ua31jQpRKoiP00Ce13IZs=
29,1,c2/tgwogmxs40gp1Gy9GBAxWh4o=,SZew1+ua31jQpRKoiP00Ce13IZs=
30,1,c2/tgwogmxs40gp1Gy9GBAxWh4o=,SZew1+ua31jQpRKoiP00Ce13IZs=
27,1,c2/tgwogmxs40gp1Gy9GBAxWh4o=,SZew1+ua31jQpRKoiP00Ce13IZs=
30,3,c2/tgwogmxs40gp1Gy9GBAxWh4o=,SZew1+ua31jQpRKoiP00Ce13IZs=
27,2,c2/tgwogmxs40gp1Gy9GBAxWh4o=,SZew1+ua31jQpRKoiP00Ce13IZs=
30,4,c2/tgwogmxs40gp1Gy9GBAxWh4o=,SZew1+ua31jQpRKoiP00Ce13IZs=
30,2,c2/tgwogmxs40gp1Gy9GBAxWh4o=,SZew1+ua31jQpRKoiP00Ce13IZs=
29,2,c2/tgwogmxs40gp1Gy9GBAxWh4o=,SZew1+ua31jQpRKoiP00Ce13IZs=
28,2,c2/tgwogmxs40gp1Gy9GBAxWh4o=,SZew1+ua31jQpRKoiP00Ce13IZs=
28,0,c2/tgwogmxs40gp1Gy9GBAxWh4o=,SZew1+ua31jQpRKoiP00Ce13IZs=
29,0,c2/tgwogmxs40gp1Gy9GBAxWh4o=,SZew1+ua31jQpRKoiP00Ce13IZs=
30,0,c2/tgwogmxs40gp1Gy9GBAxWh4o=,SZew1+ua31jQpRKoiP00Ce13IZs=
27,3,c2/tgwogmxs40gp1Gy9GBAxWh4o=,SZew1+ua31jQpRKoiP00Ce13IZs=
29,3,c2/tgwogmxs40gp1Gy9GBAxWh4o=,SZew1+ua31jQpRKoiP00Ce13IZs=
27,0,c2/tgwogmxs40gp1Gy9GBAxWh4o=,SZew1+ua31jQpRKoiP00Ce13IZs=
28,3,c2/tgwogmxs40gp1Gy9GBAxWh4o=,SZew1+ua31jQpRKoiP00Ce13IZs=
29,4,c2/tgwogmxs40gp1Gy9GBAxWh4o=,SZew1+ua31jQpRKoiP00Ce13IZs=
27,4,c2/tgwogmxs40gp1Gy9GBAxWh4o=,SZew1+ua31jQpRKoiP00Ce13IZs=
28,4,c2/tgwogmxs40gp1Gy9GBAxWh4o=,SZew1+ua31jQpRKoiP00Ce13IZs=
31,1,c2/tgwogmxs40gp1Gy9GBAxWh4o=,SZew1+ua31jQpRKoiP00Ce13IZs=
31,2,c2/tgwogmxs40gp1Gy9GBAxWh4o=,SZew1+ua31jQpRKoiP00Ce13IZs=
31,4,c2/tgwogmxs40gp1Gy9GBAxWh4o=,SZew1+ua31jQpRKoiP00Ce13IZs=
31,6,c2/tgwogmxs40gp1Gy9GBAxWh4o=,SZew1+ua31jQpRKoiP00Ce13IZs=
31,5,c2/tgwogmxs40gp1Gy9GBAxWh4o=,SZew1+ua31jQpRKoiP00Ce13IZs=
31,3,c2/tgwogmxs40gp1Gy9GBAxWh4o=,SZew1+ua31jQpRKoiP00Ce13IZs=
31,9,c2/tgwogmxs40gp1Gy9GBAxWh4o=,SZew1+ua31jQpRKoiP00Ce13IZs=
18,0,c2/tgwogmxs40gp1Gy9GBAxWh4o=,cK+hv2Xe4l7F2wndGkCG4WzFG9w=
17,0,c2/tgwogmxs40gp1Gy9GBAxWh4o=,cK+hv2Xe4l7F2wndGkCG4WzFG9w=
16,1,c2/tgwogmxs40gp1Gy9GBAxWh4o=,cK+hv2Xe4l7F2wndGkCG4WzFG9w=
16,0,c2/tgwogmxs40gp1Gy9GBAxWh4o=,cK+hv2Xe4l7F2wndGkCG4WzFG9w=
16,2,c2/tgwogmxs40gp1Gy9GBAxWh4o=,cK+hv2Xe4l7F2wndGkCG4WzFG9w=
16,3,c2/tgwogmxs40gp1Gy9GBAxWh4o=,cK+hv2Xe4l7F2wndGkCG4WzFG9w=
31,8,c2/tgwogmxs40gp1Gy9GBAxWh4o=,SZew1+ua31jQpRKoiP00Ce13IZs=
31,10,c2/tgwogmxs40gp1Gy9GBAxWh4o=,SZew1+ua31jQpRKoiP00Ce13IZs=
31,7,c2/tgwogmxs40gp1Gy9GBAxWh4o=,SZew1+ua31jQpRKoiP00Ce13IZs=
16,4,c2/tgwogmxs40gp1Gy9GBAxWh4o=,YEuicHKDCCvig3bPAfvmml77mIw=
24,0,c2/tgwogmxs40gp1Gy9GBAxWh4o=,SZew1+ua31jQpRKoiP00Ce13IZs=
19,1,c2/tgwogmxs40gp1Gy9GBAxWh4o=,cK+hv2Xe4l7F2wndGkCG4WzFG9w=
23,1,c2/tgwogmxs40gp1Gy9GBAxWh4o=,SZew1+ua31jQpRKoiP00Ce13IZs=
20,2,c2/tgwogmxs40gp1Gy9GBAxWh4o=,SZew1+ua31jQpRKoiP00Ce13IZs=
23,2,c2/tgwogmxs40gp1Gy9GBAxWh4o=,SZew1+ua31jQpRKoiP00Ce13IZs=
21,2,c2/tgwogmxs40gp1Gy9GBAxWh4o=,SZew1+ua31jQpRKoiP00Ce13IZs=
20,3,c2/tgwogmxs40gp1Gy9GBAxWh4o=,SZew1+ua31jQpRKoiP00Ce13IZs=
31,13,c2/tgwogmxs40gp1Gy9GBAxWh4o=,SZew1+ua31jQpRKoiP00Ce13IZs=
31,11,c2/tgwogmxs40gp1Gy9GBAxWh4o=,SZew1+ua31jQpRKoiP00Ce13IZs=
31,0,c2/tgwogmxs40gp1Gy9GBAxWh4o=,SZew1+ua31jQpRKoiP00Ce13IZs=
31,12,c2/tgwogmxs40gp1Gy9GBAxWh4o=,SZew1+ua31jQpRKoiP00Ce13IZs=
31,14,c2/tgwogmxs40gp1Gy9GBAxWh4o=,SZew1+ua31jQpRKoiP00Ce13IZs=
23,4,c2/tgwogmxs40gp1Gy9GBAxWh4o=,SZew1+ua31jQpRKoiP00Ce13IZs=
22,4,c2/tgwogmxs40gp1Gy9GBAxWh4o=,SZew1+ua31jQpRKoiP00Ce13IZs=
24,3,c2/tgwogmxs40gp1Gy9GBAxWh4o=,SZew1+ua31jQpRKoiP00Ce13IZs=
23,0,c2/tgwogmxs40gp1Gy9GBAxWh4o=,SZew1+ua31jQpRKoiP00Ce13IZs=
22,1,c2/tgwogmxs40gp1Gy9GBAxWh4o=,SZew1+ua31jQpRKoiP00Ce13IZs=
20,1,c2/tgwogmxs40gp1Gy9GBAxWh4o=,SZew1+ua31jQpRKoiP00Ce13IZs=
21,4,c2/tgwogmxs40gp1Gy9GBAxWh4o=,SZew1+ua31jQpRKoiP00Ce13IZs=
21,1,c2/tgwogmxs40gp1Gy9GBAxWh4o=,SZew1+ua31jQpRKoiP00Ce13IZs=
24,2,c2/tgwogmxs40gp1Gy9GBAxWh4o=,SZew1+ua31jQpRKoiP00Ce13IZs=
19,0,c2/tgwogmxs40gp1Gy9GBAxWh4o=,cK+hv2Xe4l7F2wndGkCG4WzFG9w=
20,4,c2/tgwogmxs40gp1Gy9GBAxWh4o=,SZew1+ua31jQpRKoiP00Ce13IZs=
21,0,c2/tgwogmxs40gp1Gy9GBAxWh4o=,SZew1+ua31jQpRKoiP00Ce13IZs=
22,0,c2/tgwogmxs40gp1Gy9GBAxWh4o=,SZew1+ua31jQpRKoiP00Ce13IZs=
28,15,c2/tgwogmxs40gp1Gy9GBAxWh4o=,SZew1+ua31jQpRKoiP00Ce13IZs=
21,3,c2/tgwogmxs40gp1Gy9GBAxWh4o=,SZew1+ua31jQpRKoiP00Ce13IZs=
24,4,c2/tgwogmxs40gp1Gy9GBAxWh4o=,SZew1+ua31jQpRKoiP00Ce13IZs=
20,0,c2/tgwogmxs40gp1Gy9GBAxWh4o=,SZew1+ua31jQpRKoiP00Ce13IZs=
23,3,c2/tgwogmxs40gp1Gy9GBAxWh4o=,SZew1+ua31jQpRKoiP00Ce13IZs=
22,3,c2/tgwogmxs40gp1Gy9GBAxWh4o=,SZew1+ua31jQpRKoiP00Ce13IZs=
19,3,c2/tgwogmxs40gp1Gy9GBAxWh4o=,cK+hv2Xe4l7F2wndGkCG4WzFG9w=
29,15,c2/tgwogmxs40gp1Gy9GBAxWh4o=,SZew1+ua31jQpRKoiP00Ce13IZs=
19,2,c2/tgwogmxs40gp1Gy9GBAxWh4o=,cK+hv2Xe4l7F2wndGkCG4WzFG9w=
19,4,c2/tgwogmxs40gp1Gy9GBAxWh4o=,YEuicHKDCCvig3bPAfvmml77mIw=
24,1,c2/tgwogmxs40gp1Gy9GBAxWh4o=,SZew1+ua31jQpRKoiP00Ce13IZs=
30,15,c2/tgwogmxs40gp1Gy9GBAxWh4o=,SZew1+ua31jQpRKoiP00Ce13IZs=
27,15,c2/tgwogmxs40gp1Gy9GBAxWh4o=,SZew1+ua31jQpRKoiP00Ce13IZs=
22,2,c2/tgwogmxs40gp1Gy9GBAxWh4o=,SZew1+ua31jQpRKoiP00Ce13IZs=
16,15,c2/tgwogmxs40gp1Gy9GBAxWh4o=,3pFJEl122YsGsBeDq4dBZIjzObw=
31,15,c2/tgwogmxs40gp1Gy9GBAxWh4o=,SZew1+ua31jQpRKoiP00Ce13IZs=
