-11,-11,cwea5SOkIR0a7WT0NeFK3/+9eRc=,uQdIxZop2sc1YdQaRMS21qFwXKo=
-10,-11,cwea5SOkIR0a7WT0NeFK3/+9eRc=,uQdIxZop2sc1YdQaRMS21qFwXKo=
-11,-10,cwea5SOkIR0a7WT0NeFK3/+9eRc=,uQdIxZop2sc1YdQaRMS21qFwXKo=
-10,-10,cwea5SOkIR0a7WT0NeFK3/+9eRc=,uQdIxZop2sc1YdQaRMS21qFwXKo=
-12,-11,cwea5SOkIR0a7WT0NeFK3/+9eRc=,uQdIxZop2sc1YdQaRMS21qFwXKo=
-15,-11,cwea5SOkIR0a7WT0NeFK3/+9eRc=,DobVUAtufh/2UzAZe2WBeZj/wjY=
-14,-11,cwea5SOkIR0a7WT0NeFK3/+9eRc=,DobVUAtufh/2UzAZe2WBeZj/wjY=
-13,-11,cwea5SOkIR0a7WT0NeFK3/+9eRc=,DobVUAtufh/2UzAZe2WBeZj/wjY=
-15,-10,cwea5SOkIR0a7WT0NeFK3/+9eRc=,DobVUAtufh/2UzAZe2WBeZj/wjY=
-14,-10,cwea5SOkIR0a7WT0NeFK3/+9eRc=,DobVUAtufh/2UzAZe2WBeZj/wjY=
-14,-12,cwea5SOkIR0a7WT0NeFK3/+9eRc=,DobVUAtufh/2UzAZe2WBeZj/wjY=
-15,-12,cwea5SOkIR0a7WT0NeFK3/+9eRc=,DobVUAtufh/2UzAZe2WBeZj/wjY=
-12,-10,cwea5SOkIR0a7WT0NeFK3/+9eRc=,uQdIxZop2sc1YdQaRMS21qFwXKo=
-13,-10,cwea5SOkIR0a7WT0NeFK3/+9eRc=,DobVUAtufh/2UzAZe2WBeZj/wjY=
-11,-9,cwea5SOkIR0a7WT0NeFK3/+9eRc=,uQdIxZop2sc1YdQaRMS21qFwXKo=
-10,-9,cwea5SOkIR0a7WT0NeFK3/+9eRc=,uQdIxZop2sc1YdQaRMS21qFwXKo=
-10,-8,cwea5SOkIR0a7WT0NeFK3/+9eRc=,Ffmo0squawYNYE3iPGKsYtp+j3Q=
-11,-8,cwea5SOkIR0a7WT0NeFK3/+9eRc=,Ffmo0squawYNYE3iPGKsYtp+j3Q=
-12,-9,cwea5SOkIR0a7WT0NeFK3/+9eRc=,uQdIxZop2sc1YdQaRMS21qFwXKo=
-10,-7,cwea5SOkIR0a7WT0NeFK3/+9eRc=,Ffmo0squawYNYE3iPGKsYtp+j3Q=
-11,-7,cwea5SOkIR0a7WT0NeFK3/+9eRc=,Ffmo0squawYNYE3iPGKsYtp+j3Q=
-10,-6,cwea5SOkIR0a7WT0NeFK3/+9eRc=,Ffmo0squawYNYE3iPGKsYtp+j3Q=
-11,-6,cwea5SOkIR0a7WT0NeFK3/+9eRc=,Ffmo0squawYNYE3iPGKsYtp+j3Q=
-15,-7,cwea5SOkIR0a7WT0NeFK3/+9eRc=,0oVVpCCjSlLgEFhLVcK5Cb5FQ/c=
-14,-8,cwea5SOkIR0a7WT0NeFK3/+9eRc=,0oVVpCCjSlLgEFhLVcK5Cb5FQ/c=
-13,-6,cwea5SOkIR0a7WT0NeFK3/+9eRc=,0oVVpCCjSlLgEFhLVcK5Cb5FQ/c=
-13,-8,cwea5SOkIR0a7WT0NeFK3/+9eRc=,0oVVpCCjSlLgEFhLVcK5Cb5FQ/c=
-14,-6,cwea5SOkIR0a7WT0NeFK3/+9eRc=,0oVVpCCjSlLgEFhLVcK5Cb5FQ/c=
-15,-6,cwea5SOkIR0a7WT0NeFK3/+9eRc=,0oVVpCCjSlLgEFhLVcK5Cb5FQ/c=
-15,-8,cwea5SOkIR0a7WT0NeFK3/+9eRc=,0oVVpCCjSlLgEFhLVcK5Cb5FQ/c=
-13,-7,cwea5SOkIR0a7WT0NeFK3/+9eRc=,0oVVpCCjSlLgEFhLVcK5Cb5FQ/c=
-14,-7,cwea5SOkIR0a7WT0NeFK3/+9eRc=,0oVVpCCjSlLgEFhLVcK5Cb5FQ/c=
-14,-9,cwea5SOkIR0a7WT0NeFK3/+9eRc=,DobVUAtufh/2UzAZe2WBeZj/wjY=
-13,-9,cwea5SOkIR0a7WT0NeFK3/+9eRc=,DobVUAtufh/2UzAZe2WBeZj/wjY=
-12,-7,cwea5SOkIR0a7WT0NeFK3/+9eRc=,Ffmo0squawYNYE3iPGKsYtp+j3Q=
-15,-9,cwea5SOkIR0a7WT0NeFK3/+9eRc=,DobVUAtufh/2UzAZe2WBeZj/wjY=
-12,-8,cwea5SOkIR0a7WT0NeFK3/+9eRc=,Ffmo0squawYNYE3iPGKsYtp+j3Q=
-12,-6,cwea5SOkIR0a7WT0NeFK3/+9eRc=,Ffmo0squawYNYE3iPGKsYtp+j3Q=
-8,-7,cwea5SOkIR0a7WT0NeFK3/+9eRc=,Msp06/BjmLFolEyXzyDr3W/u/qc=
-9,-7,cwea5SOkIR0a7WT0NeFK3/+9eRc=,Ffmo0squawYNYE3iPGKsYtp+j3Q=
-7,-6,cwea5SOkIR0a7WT0NeFK3/+9eRc=,Msp06/BjmLFolEyXzyDr3W/u/qc=
-7,-7,cwea5SOkIR0a7WT0NeFK3/+9eRc=,Msp06/BjmLFolEyXzyDr3W/u/qc=
-6,-6,cwea5SOkIR0a7WT0NeFK3/+9eRc=,Msp06/BjmLFolEyXzyDr3W/u/qc=
-6,-7,cwea5SOkIR0a7WT0NeFK3/+9eRc=,Msp06/BjmLFolEyXzyDr3W/u/qc=
-8,-6,cwea5SOkIR0a7WT0NeFK3/+9eRc=,Msp06/BjmLFolEyXzyDr3W/u/qc=
-9,-6,cwea5SOkIR0a7WT0NeFK3/+9eRc=,Ffmo0squawYNYE3iPGKsYtp+j3Q=
-11,-4,cwea5SOkIR0a7WT0NeFK3/+9eRc=,V5S4wnWRLabKASnTENtOg0qwXK4=
-10,-4,cwea5SOkIR0a7WT0NeFK3/+9eRc=,V5S4wnWRLabKASnTENtOg0qwXK4=
-11,-3,cwea5SOkIR0a7WT0NeFK3/+9eRc=,V5S4wnWRLabKASnTENtOg0qwXK4=
-10,-3,cwea5SOkIR0a7WT0NeFK3/+9eRc=,V5S4wnWRLabKASnTENtOg0qwXK4=
-11,-5,cwea5SOkIR0a7WT0NeFK3/+9eRc=,Ffmo0squawYNYE3iPGKsYtp+j3Q=
-10,-5,cwea5SOkIR0a7WT0NeFK3/+9eRc=,Ffmo0squawYNYE3iPGKsYtp+j3Q=
-11,-2,cwea5SOkIR0a7WT0NeFK3/+9eRc=,V5S4wnWRLabKASnTENtOg0qwXK4=
-10,-2,cwea5SOkIR0a7WT0NeFK3/+9eRc=,V5S4wnWRLabKASnTENtOg0qwXK4=
-8,-3,cwea5SOkIR0a7WT0NeFK3/+9eRc=,vwleM/ll3B41SEBw/V2SiIIeYNU=
-7,-3,cwea5SOkIR0a7WT0NeFK3/+9eRc=,vwleM/ll3B41SEBw/V2SiIIeYNU=
-6,-4,cwea5SOkIR0a7WT0NeFK3/+9eRc=,vwleM/ll3B41SEBw/V2SiIIeYNU=
-9,-2,cwea5SOkIR0a7WT0NeFK3/+9eRc=,V5S4wnWRLabKASnTENtOg0qwXK4=
-9,-4,cwea5SOkIR0a7WT0NeFK3/+9eRc=,V5S4wnWRLabKASnTENtOg0qwXK4=
-6,-3,cwea5SOkIR0a7WT0NeFK3/+9eRc=,vwleM/ll3B41SEBw/V2SiIIeYNU=
-7,-4,cwea5SOkIR0a7WT0NeFK3/+9eRc=,vwleM/ll3B41SEBw/V2SiIIeYNU=
-6,-5,cwea5SOkIR0a7WT0NeFK3/+9eRc=,Msp06/BjmLFolEyXzyDr3W/u/qc=
-8,-4,cwea5SOkIR0a7WT0NeFK3/+9eRc=,vwleM/ll3B41SEBw/V2SiIIeYNU=
-7,-5,cwea5SOkIR0a7WT0NeFK3/+9eRc=,Msp06/BjmLFolEyXzyDr3W/u/qc=
-6,-2,cwea5SOkIR0a7WT0NeFK3/+9eRc=,vwleM/ll3B41SEBw/V2SiIIeYNU=
-9,-3,cwea5SOkIR0a7WT0NeFK3/+9eRc=,V5S4wnWRLabKASnTENtOg0qwXK4=
-9,-5,cwea5SOkIR0a7WT0NeFK3/+9eRc=,Ffmo0squawYNYE3iPGKsYtp+j3Q=
-8,-5,cwea5SOkIR0a7WT0NeFK3/+9eRc=,Msp06/BjmLFolEyXzyDr3W/u/qc=
-7,-2,cwea5SOkIR0a7WT0NeFK3/+9eRc=,vwleM/ll3B41SEBw/V2SiIIeYNU=
-5,-6,cwea5SOkIR0a7WT0NeFK3/+9eRc=,Msp06/BjmLFolEyXzyDr3W/u/qc=
-2,-6,cwea5SOkIR0a7WT0NeFK3/+9eRc=,MLmphv02TsikESWCNfr5FRT2clE=
-4,-7,cwea5SOkIR0a7WT0NeFK3/+9eRc=,MLmphv02TsikESWCNfr5FRT2clE=
-4,-6,cwea5SOkIR0a7WT0NeFK3/+9eRc=,MLmphv02TsikESWCNfr5FRT2clE=
-3,-6,cwea5SOkIR0a7WT0NeFK3/+9eRc=,MLmphv02TsikESWCNfr5FRT2clE=
-8,-2,cwea5SOkIR0a7WT0NeFK3/+9eRc=,vwleM/ll3B41SEBw/V2SiIIeYNU=
-5,-7,cwea5SOkIR0a7WT0NeFK3/+9eRc=,Msp06/BjmLFolEyXzyDr3W/u/qc=
-2,-7,cwea5SOkIR0a7WT0NeFK3/+9eRc=,MLmphv02TsikESWCNfr5FRT2clE=
-3,-7,cwea5SOkIR0a7WT0NeFK3/+9eRc=,MLmphv02TsikESWCNfr5FRT2clE=
-2,-3,cwea5SOkIR0a7WT0NeFK3/+9eRc=,dMojFN897cLsnR9GV34qx1TL4Sw=
-5,-2,cwea5SOkIR0a7WT0NeFK3/+9eRc=,vwleM/ll3B41SEBw/V2SiIIeYNU=
-5,-4,cwea5SOkIR0a7WT0NeFK3/+9eRc=,vwleM/ll3B41SEBw/V2SiIIeYNU=
-5,-5,cwea5SOkIR0a7WT0NeFK3/+9eRc=,Msp06/BjmLFolEyXzyDr3W/u/qc=
-3,-3,cwea5SOkIR0a7WT0NeFK3/+9eRc=,dMojFN897cLsnR9GV34qx1TL4Sw=
-2,-5,cwea5SOkIR0a7WT0NeFK3/+9eRc=,MLmphv02TsikESWCNfr5FRT2clE=
-4,-3,cwea5SOkIR0a7WT0NeFK3/+9eRc=,dMojFN897cLsnR9GV34qx1TL4Sw=
-2,-2,cwea5SOkIR0a7WT0NeFK3/+9eRc=,dMojFN897cLsnR9GV34qx1TL4Sw=
-5,-3,cwea5SOkIR0a7WT0NeFK3/+9eRc=,vwleM/ll3B41SEBw/V2SiIIeYNU=
-3,-5,cwea5SOkIR0a7WT0NeFK3/+9eRc=,MLmphv02TsikESWCNfr5FRT2clE=
-2,-4,cwea5SOkIR0a7WT0NeFK3/+9eRc=,dMojFN897cLsnR9GV34qx1TL4Sw=
-3,-2,cwea5SOkIR0a7WT0NeFK3/+9eRc=,dMojFN897cLsnR9GV34qx1TL4Sw=
-3,-4,cwea5SOkIR0a7WT0NeFK3/+9eRc=,dMojFN897cLsnR9GV34qx1TL4Sw=
-4,-5,cwea5SOkIR0a7WT0NeFK3/+9eRc=,MLmphv02TsikESWCNfr5FRT2clE=
-4,-2,cwea5SOkIR0a7WT0NeFK3/+9eRc=,dMojFN897cLsnR9GV34qx1TL4Sw=
-4,-4,cwea5SOkIR0a7WT0NeFK3/+9eRc=,dMojFN897cLsnR9GV34qx1TL4Sw=
-7,-15,cwea5SOkIR0a7WT0NeFK3/+9eRc=,fz4PaikzZN4EU2Ah1eN1JnwOKTI=
-6,-15,cwea5SOkIR0a7WT0NeFK3/+9eRc=,fz4PaikzZN4EU2Ah1eN1JnwOKTI=
-7,-14,cwea5SOkIR0a7WT0NeFK3/+9eRc=,fz4PaikzZN4EU2Ah1eN1JnwOKTI=
-6,-14,cwea5SOkIR0a7WT0NeFK3/+9eRc=,fz4PaikzZN4EU2Ah1eN1JnwOKTI=
-8,-11,cwea5SOkIR0a7WT0NeFK3/+9eRc=,seF0Hq2aPp2qod4CqE5XxP2785Q=
-9,-9,cwea5SOkIR0a7WT0NeFK3/+9eRc=,uQdIxZop2sc1YdQaRMS21qFwXKo=
-9,-10,cwea5SOkIR0a7WT0NeFK3/+9eRc=,uQdIxZop2sc1YdQaRMS21qFwXKo=
-7,-11,cwea5SOkIR0a7WT0NeFK3/+9eRc=,seF0Hq2aPp2qod4CqE5XxP2785Q=
-6,-12,cwea5SOkIR0a7WT0NeFK3/+9eRc=,seF0Hq2aPp2qod4CqE5XxP2785Q=
-6,-11,cwea5SOkIR0a7WT0NeFK3/+9eRc=,seF0Hq2aPp2qod4CqE5XxP2785Q=
-8,-10,cwea5SOkIR0a7WT0NeFK3/+9eRc=,seF0Hq2aPp2qod4CqE5XxP2785Q=
-6,-8,cwea5SOkIR0a7WT0NeFK3/+9eRc=,Msp06/BjmLFolEyXzyDr3W/u/qc=
-7,-8,cwea5SOkIR0a7WT0NeFK3/+9eRc=,Msp06/BjmLFolEyXzyDr3W/u/qc=
-8,-8,cwea5SOkIR0a7WT0NeFK3/+9eRc=,Msp06/BjmLFolEyXzyDr3W/u/qc=
-6,-9,cwea5SOkIR0a7WT0NeFK3/+9eRc=,seF0Hq2aPp2qod4CqE5XxP2785Q=
-7,-12,cwea5SOkIR0a7WT0NeFK3/+9eRc=,seF0Hq2aPp2qod4CqE5XxP2785Q=
-7,-9,cwea5SOkIR0a7WT0NeFK3/+9eRc=,seF0Hq2aPp2qod4CqE5XxP2785Q=
-9,-8,cwea5SOkIR0a7WT0NeFK3/+9eRc=,Ffmo0squawYNYE3iPGKsYtp+j3Q=
-6,-13,cwea5SOkIR0a7WT0NeFK3/+9eRc=,fz4PaikzZN4EU2Ah1eN1JnwOKTI=
-8,-9,cwea5SOkIR0a7WT0NeFK3/+9eRc=,seF0Hq2aPp2qod4CqE5XxP2785Q=
-6,-10,cwea5SOkIR0a7WT0NeFK3/+9eRc=,seF0Hq2aPp2qod4CqE5XxP2785Q=
-7,-10,cwea5SOkIR0a7WT0NeFK3/+9eRc=,seF0Hq2aPp2qod4CqE5XxP2785Q=
-9,-11,cwea5SOkIR0a7WT0NeFK3/+9eRc=,uQdIxZop2sc1YdQaRMS21qFwXKo=
-7,-13,cwea5SOkIR0a7WT0NeFK3/+9eRc=,fz4PaikzZN4EU2Ah1eN1JnwOKTI=
-4,-15,cwea5SOkIR0a7WT0NeFK3/+9eRc=,9ZtMhLXQf53J3R9UGyrMH0RJb0w=
-1,-14,cwea5SOkIR0a7WT0NeFK3/+9eRc=,9ZtMhLXQf53J3R9UGyrMH0RJb0w=
-11,-1,cwea5SOkIR0a7WT0NeFK3/+9eRc=,V5S4wnWRLabKASnTENtOg0qwXK4=
-3,-15,cwea5SOkIR0a7WT0NeFK3/+9eRc=,9ZtMhLXQf53J3R9UGyrMH0RJb0w=
-10,-1,cwea5SOkIR0a7WT0NeFK3/+9eRc=,V5S4wnWRLabKASnTENtOg0qwXK4=
-2,-15,cwea5SOkIR0a7WT0NeFK3/+9eRc=,9ZtMhLXQf53J3R9UGyrMH0RJb0w=
-1,-15,cwea5SOkIR0a7WT0NeFK3/+9eRc=,9ZtMhLXQf53J3R9UGyrMH0RJb0w=
-5,-15,cwea5SOkIR0a7WT0NeFK3/+9eRc=,fz4PaikzZN4EU2Ah1eN1JnwOKTI=
-3,-16,cwea5SOkIR0a7WT0NeFK3/+9eRc=,9ZtMhLXQf53J3R9UGyrMH0RJb0w=
-4,-14,cwea5SOkIR0a7WT0NeFK3/+9eRc=,9ZtMhLXQf53J3R9UGyrMH0RJb0w=
-3,-14,cwea5SOkIR0a7WT0NeFK3/+9eRc=,9ZtMhLXQf53J3R9UGyrMH0RJb0w=
-2,-16,cwea5SOkIR0a7WT0NeFK3/+9eRc=,9ZtMhLXQf53J3R9UGyrMH0RJb0w=
-5,-14,cwea5SOkIR0a7WT0NeFK3/+9eRc=,fz4PaikzZN4EU2Ah1eN1JnwOKTI=
-2,-14,cwea5SOkIR0a7WT0NeFK3/+9eRc=,9ZtMhLXQf53J3R9UGyrMH0RJb0w=
-1,-7,cwea5SOkIR0a7WT0NeFK3/+9eRc=,MLmphv02TsikESWCNfr5FRT2clE=
-1,-6,cwea5SOkIR0a7WT0NeFK3/+9eRc=,MLmphv02TsikESWCNfr5FRT2clE=
-1,-3,cwea5SOkIR0a7WT0NeFK3/+9eRc=,dMojFN897cLsnR9GV34qx1TL4Sw=
-1,-5,cwea5SOkIR0a7WT0NeFK3/+9eRc=,MLmphv02TsikESWCNfr5FRT2clE=
-1,-4,cwea5SOkIR0a7WT0NeFK3/+9eRc=,dMojFN897cLsnR9GV34qx1TL4Sw=
-1,-2,cwea5SOkIR0a7WT0NeFK3/+9eRc=,dMojFN897cLsnR9GV34qx1TL4Sw=
-16,-3,cwea5SOkIR0a7WT0NeFK3/+9eRc=,3OfvQLtd26giOQb7HRaLkto6toI=
-13,-1,cwea5SOkIR0a7WT0NeFK3/+9eRc=,3OfvQLtd26giOQb7HRaLkto6toI=
-15,-4,cwea5SOkIR0a7WT0NeFK3/+9eRc=,3OfvQLtd26giOQb7HRaLkto6toI=
-13,-4,cwea5SOkIR0a7WT0NeFK3/+9eRc=,3OfvQLtd26giOQb7HRaLkto6toI=
-14,-4,cwea5SOkIR0a7WT0NeFK3/+9eRc=,3OfvQLtd26giOQb7HRaLkto6toI=
-14,-5,cwea5SOkIR0a7WT0NeFK3/+9eRc=,0oVVpCCjSlLgEFhLVcK5Cb5FQ/c=
-13,-5,cwea5SOkIR0a7WT0NeFK3/+9eRc=,0oVVpCCjSlLgEFhLVcK5Cb5FQ/c=
-12,-4,cwea5SOkIR0a7WT0NeFK3/+9eRc=,V5S4wnWRLabKASnTENtOg0qwXK4=
-13,-2,cwea5SOkIR0a7WT0NeFK3/+9eRc=,3OfvQLtd26giOQb7HRaLkto6toI=
-15,-5,cwea5SOkIR0a7WT0NeFK3/+9eRc=,0oVVpCCjSlLgEFhLVcK5Cb5FQ/c=
-14,-1,cwea5SOkIR0a7WT0NeFK3/+9eRc=,3OfvQLtd26giOQb7HRaLkto6toI=
-14,-2,cwea5SOkIR0a7WT0NeFK3/+9eRc=,3OfvQLtd26giOQb7HRaLkto6toI=
-12,-5,cwea5SOkIR0a7WT0NeFK3/+9eRc=,Ffmo0squawYNYE3iPGKsYtp+j3Q=
-15,-1,cwea5SOkIR0a7WT0NeFK3/+9eRc=,3OfvQLtd26giOQb7HRaLkto6toI=
-12,-2,cwea5SOkIR0a7WT0NeFK3/+9eRc=,V5S4wnWRLabKASnTENtOg0qwXK4=
-16,-2,cwea5SOkIR0a7WT0NeFK3/+9eRc=,3OfvQLtd26giOQb7HRaLkto6toI=
-12,-3,cwea5SOkIR0a7WT0NeFK3/+9eRc=,V5S4wnWRLabKASnTENtOg0qwXK4=
-15,-2,cwea5SOkIR0a7WT0NeFK3/+9eRc=,3OfvQLtd26giOQb7HRaLkto6toI=
-13,-3,cwea5SOkIR0a7WT0NeFK3/+9eRc=,3OfvQLtd26giOQb7HRaLkto6toI=
-12,-1,cwea5SOkIR0a7WT0NeFK3/+9eRc=,V5S4wnWRLabKASnTENtOg0qwXK4=
-15,-3,cwea5SOkIR0a7WT0NeFK3/+9eRc=,3OfvQLtd26giOQb7HRaLkto6toI=
-14,-3,cwea5SOkIR0a7WT0NeFK3/+9eRc=,3OfvQLtd26giOQb7HRaLkto6toI=
-16,-5,cwea5SOkIR0a7WT0NeFK3/+9eRc=,0oVVpCCjSlLgEFhLVcK5Cb5FQ/c=
-16,-6,cwea5SOkIR0a7WT0NeFK3/+9eRc=,0oVVpCCjSlLgEFhLVcK5Cb5FQ/c=
-16,-7,cwea5SOkIR0a7WT0NeFK3/+9eRc=,0oVVpCCjSlLgEFhLVcK5Cb5FQ/c=
-16,-4,cwea5SOkIR0a7WT0NeFK3/+9eRc=,3OfvQLtd26giOQb7HRaLkto6toI=
-16,-11,cwea5SOkIR0a7WT0NeFK3/+9eRc=,DobVUAtufh/2UzAZe2WBeZj/wjY=
-16,-10,cwea5SOkIR0a7WT0NeFK3/+9eRc=,DobVUAtufh/2UzAZe2WBeZj/wjY=
-16,-8,cwea5SOkIR0a7WT0NeFK3/+9eRc=,0oVVpCCjSlLgEFhLVcK5Cb5FQ/c=
-16,-9,cwea5SOkIR0a7WT0NeFK3/+9eRc=,DobVUAtufh/2UzAZe2WBeZj/wjY=
-5,-12,cwea5SOkIR0a7WT0NeFK3/+9eRc=,seF0Hq2aPp2qod4CqE5XxP2785Q=
-4,-13,cwea5SOkIR0a7WT0NeFK3/+9eRc=,9ZtMhLXQf53J3R9UGyrMH0RJb0w=
-5,-13,cwea5SOkIR0a7WT0NeFK3/+9eRc=,fz4PaikzZN4EU2Ah1eN1JnwOKTI=
-5,-9,cwea5SOkIR0a7WT0NeFK3/+9eRc=,seF0Hq2aPp2qod4CqE5XxP2785Q=
-5,-10,cwea5SOkIR0a7WT0NeFK3/+9eRc=,seF0Hq2aPp2qod4CqE5XxP2785Q=
-1,-13,cwea5SOkIR0a7WT0NeFK3/+9eRc=,9ZtMhLXQf53J3R9UGyrMH0RJb0w=
-2,-13,cwea5SOkIR0a7WT0NeFK3/+9eRc=,9ZtMhLXQf53J3R9UGyrMH0RJb0w=
-4,-12,cwea5SOkIR0a7WT0NeFK3/+9eRc=,FhqzPgu9A4I+/AYl0Hr58Yv09Cs=
-5,-8,cwea5SOkIR0a7WT0NeFK3/+9eRc=,Msp06/BjmLFolEyXzyDr3W/u/qc=
-8,-13,cwea5SOkIR0a7WT0NeFK3/+9eRc=,fz4PaikzZN4EU2Ah1eN1JnwOKTI=
-8,-12,cwea5SOkIR0a7WT0NeFK3/+9eRc=,seF0Hq2aPp2qod4CqE5XxP2785Q=
-8,-15,cwea5SOkIR0a7WT0NeFK3/+9eRc=,fz4PaikzZN4EU2Ah1eN1JnwOKTI=
-12,-12,cwea5SOkIR0a7WT0NeFK3/+9eRc=,uQdIxZop2sc1YdQaRMS21qFwXKo=
-11,-12,cwea5SOkIR0a7WT0NeFK3/+9eRc=,uQdIxZop2sc1YdQaRMS21qFwXKo=
-8,-14,cwea5SOkIR0a7WT0NeFK3/+9eRc=,fz4PaikzZN4EU2Ah1eN1JnwOKTI=
-10,-12,cwea5SOkIR0a7WT0NeFK3/+9eRc=,uQdIxZop2sc1YdQaRMS21qFwXKo=
-13,-12,cwea5SOkIR0a7WT0NeFK3/+9eRc=,DobVUAtufh/2UzAZe2WBeZj/wjY=
-16,-12,cwea5SOkIR0a7WT0NeFK3/+9eRc=,DobVUAtufh/2UzAZe2WBeZj/wjY=
-2,-9,cwea5SOkIR0a7WT0NeFK3/+9eRc=,FhqzPgu9A4I+/AYl0Hr58Yv09Cs=
-9,-12,cwea5SOkIR0a7WT0NeFK3/+9eRc=,uQdIxZop2sc1YdQaRMS21qFwXKo=
-4,-9,cwea5SOkIR0a7WT0NeFK3/+9eRc=,FhqzPgu9A4I+/AYl0Hr58Yv09Cs=
-5,-11,cwea5SOkIR0a7WT0NeFK3/+9eRc=,seF0Hq2aPp2qod4CqE5XxP2785Q=
-1,-10,cwea5SOkIR0a7WT0NeFK3/+9eRc=,FhqzPgu9A4I+/AYl0Hr58Yv09Cs=
-3,-8,cwea5SOkIR0a7WT0NeFK3/+9eRc=,MLmphv02TsikESWCNfr5FRT2clE=
-3,-9,cwea5SOkIR0a7WT0NeFK3/+9eRc=,FhqzPgu9A4I+/AYl0Hr58Yv09Cs=
-3,-13,cwea5SOkIR0a7WT0NeFK3/+9eRc=,9ZtMhLXQf53J3R9UGyrMH0RJb0w=
-2,-10,cwea5SOkIR0a7WT0NeFK3/+9eRc=,FhqzPgu9A4I+/AYl0Hr58Yv09Cs=
-4,-8,cwea5SOkIR0a7WT0NeFK3/+9eRc=,MLmphv02TsikESWCNfr5FRT2clE=
-1,-9,cwea5SOkIR0a7WT0NeFK3/+9eRc=,FhqzPgu9A4I+/AYl0Hr58Yv09Cs=
-4,-10,cwea5SOkIR0a7WT0NeFK3/+9eRc=,FhqzPgu9A4I+/AYl0Hr58Yv09Cs=
-1,-8,cwea5SOkIR0a7WT0NeFK3/+9eRc=,MLmphv02TsikESWCNfr5FRT2clE=
-1,-11,cwea5SOkIR0a7WT0NeFK3/+9eRc=,FhqzPgu9A4I+/AYl0Hr58Yv09Cs=
-4,-11,cwea5SOkIR0a7WT0NeFK3/+9eRc=,FhqzPgu9A4I+/AYl0Hr58Yv09Cs=
-2,-11,cwea5SOkIR0a7WT0NeFK3/+9eRc=,FhqzPgu9A4I+/AYl0Hr58Yv09Cs=
-4,-16,cwea5SOkIR0a7WT0NeFK3/+9eRc=,9ZtMhLXQf53J3R9UGyrMH0RJb0w=
-6,-16,cwea5SOkIR0a7WT0NeFK3/+9eRc=,fz4PaikzZN4EU2Ah1eN1JnwOKTI=
-5,-16,cwea5SOkIR0a7WT0NeFK3/+9eRc=,fz4PaikzZN4EU2Ah1eN1JnwOKTI=
-7,-16,cwea5SOkIR0a7WT0NeFK3/+9eRc=,fz4PaikzZN4EU2Ah1eN1JnwOKTI=
-3,-11,cwea5SOkIR0a7WT0NeFK3/+9eRc=,FhqzPgu9A4I+/AYl0Hr58Yv09Cs=
-2,-8,cwea5SOkIR0a7WT0NeFK3/+9eRc=,MLmphv02TsikESWCNfr5FRT2clE=
-1,-12,cwea5SOkIR0a7WT0NeFK3/+9eRc=,FhqzPgu9A4I+/AYl0Hr58Yv09Cs=
-2,-12,cwea5SOkIR0a7WT0NeFK3/+9eRc=,FhqzPgu9A4I+/AYl0Hr58Yv09Cs=
-3,-10,cwea5SOkIR0a7WT0NeFK3/+9eRc=,FhqzPgu9A4I+/AYl0Hr58Yv09Cs=
-3,-12,cwea5SOkIR0a7WT0NeFK3/+9eRc=,FhqzPgu9A4I+/AYl0Hr58Yv09Cs=
-1,-16,cwea5SOkIR0a7WT0NeFK3/+9eRc=,9ZtMhLXQf53J3R9UGyrMH0RJb0w=
-8,-16,cwea5SOkIR0a7WT0NeFK3/+9eRc=,fz4PaikzZN4EU2Ah1eN1JnwOKTI=
-3,-1,cwea5SOkIR0a7WT0NeFK3/+9eRc=,dMojFN897cLsnR9GV34qx1TL4Sw=
-6,-1,cwea5SOkIR0a7WT0NeFK3/+9eRc=,vwleM/ll3B41SEBw/V2SiIIeYNU=
-2,-1,cwea5SOkIR0a7WT0NeFK3/+9eRc=,dMojFN897cLsnR9GV34qx1TL4Sw=
-8,-1,cwea5SOkIR0a7WT0NeFK3/+9eRc=,vwleM/ll3B41SEBw/V2SiIIeYNU=
-7,-1,cwea5SOkIR0a7WT0NeFK3/+9eRc=,vwleM/ll3B41SEBw/V2SiIIeYNU=
-5,-1,cwea5SOkIR0a7WT0NeFK3/+9eRc=,vwleM/ll3B41SEBw/V2SiIIeYNU=
-4,-1,cwea5SOkIR0a7WT0NeFK3/+9eRc=,dMojFN897cLsnR9GV34qx1TL4Sw=
-9,-1,cwea5SOkIR0a7WT0NeFK3/+9eRc=,V5S4wnWRLabKASnTENtOg0qwXK4=
-1,-1,cwea5SOkIR0a7WT0NeFK3/+9eRc=,dMojFN897cLsnR9GV34qx1TL4Sw=
-16,-1,cwea5SOkIR0a7WT0NeFK3/+9eRc=,3OfvQLtd26giOQb7HRaLkto6toI=
-23,-23,1UJ8FFMHiA/wfaq2qWyIq2k0EZ0=,SpSQckQdSxB+74kUSIPjGf5CiDU=
-22,-22,1UJ8FFMHiA/wfaq2qWyIq2k0EZ0=,SpSQckQdSxB+74kUSIPjGf5CiDU=
-23,-22,1UJ8FFMHiA/wfaq2qWyIq2k0EZ0=,SpSQckQdSxB+74kUSIPjGf5CiDU=
-22,-23,1UJ8FFMHiA/wfaq2qWyIq2k0EZ0=,SpSQckQdSxB+74kUSIPjGf5CiDU=
-23,-18,1UJ8FFMHiA/wfaq2qWyIq2k0EZ0=,xAtoUFkh5vk7zlDVBGdewQ2H9bE=
-22,-18,1UJ8FFMHiA/wfaq2qWyIq2k0EZ0=,xAtoUFkh5vk7zlDVBGdewQ2H9bE=
-22,-20,1UJ8FFMHiA/wfaq2qWyIq2k0EZ0=,xAtoUFkh5vk7zlDVBGdewQ2H9bE=
-23,-21,1UJ8FFMHiA/wfaq2qWyIq2k0EZ0=,SpSQckQdSxB+74kUSIPjGf5CiDU=
-23,-19,1UJ8FFMHiA/wfaq2qWyIq2k0EZ0=,xAtoUFkh5vk7zlDVBGdewQ2H9bE=
-22,-19,1UJ8FFMHiA/wfaq2qWyIq2k0EZ0=,xAtoUFkh5vk7zlDVBGdewQ2H9bE=
-22,-21,1UJ8FFMHiA/wfaq2qWyIq2k0EZ0=,SpSQckQdSxB+74kUSIPjGf5CiDU=
-23,-20,1UJ8FFMHiA/wfaq2qWyIq2k0EZ0=,xAtoUFkh5vk7zlDVBGdewQ2H9bE=
-24,-23,1UJ8FFMHiA/wfaq2qWyIq2k0EZ0=,SpSQckQdSxB+74kUSIPjGf5CiDU=
-24,-22,1UJ8FFMHiA/wfaq2qWyIq2k0EZ0=,SpSQckQdSxB+74kUSIPjGf5CiDU=
-27,-23,1UJ8FFMHiA/wfaq2qWyIq2k0EZ0=,G07u3cPe6/M6fl1qtQNndzSPFGA=
-26,-23,1UJ8FFMHiA/wfaq2qWyIq2k0EZ0=,G07u3cPe6/M6fl1qtQNndzSPFGA=
-25,-23,1UJ8FFMHiA/wfaq2qWyIq2k0EZ0=,G07u3cPe6/M6fl1qtQNndzSPFGA=
-27,-22,1UJ8FFMHiA/wfaq2qWyIq2k0EZ0=,G07u3cPe6/M6fl1qtQNndzSPFGA=
-26,-22,1UJ8FFMHiA/wfaq2qWyIq2k0EZ0=,G07u3cPe6/M6fl1qtQNndzSPFGA=
-25,-22,1UJ8FFMHiA/wfaq2qWyIq2k0EZ0=,G07u3cPe6/M6fl1qtQNndzSPFGA=
-27,-24,1UJ8FFMHiA/wfaq2qWyIq2k0EZ0=,G07u3cPe6/M6fl1qtQNndzSPFGA=
-26,-24,1UJ8FFMHiA/wfaq2qWyIq2k0EZ0=,G07u3cPe6/M6fl1qtQNndzSPFGA=
-27,-25,1UJ8FFMHiA/wfaq2qWyIq2k0EZ0=,RpmC2qBEulZ13T79Wj7yA0AbZoo=
-26,-25,1UJ8FFMHiA/wfaq2qWyIq2k0EZ0=,RpmC2qBEulZ13T79Wj7yA0AbZoo=
-26,-27,1UJ8FFMHiA/wfaq2qWyIq2k0EZ0=,RpmC2qBEulZ13T79Wj7yA0AbZoo=
-26,-26,1UJ8FFMHiA/wfaq2qWyIq2k0EZ0=,RpmC2qBEulZ13T79Wj7yA0AbZoo=
-27,-27,1UJ8FFMHiA/wfaq2qWyIq2k0EZ0=,RpmC2qBEulZ13T79Wj7yA0AbZoo=
-27,-26,1UJ8FFMHiA/wfaq2qWyIq2k0EZ0=,RpmC2qBEulZ13T79Wj7yA0AbZoo=
-31,-25,1UJ8FFMHiA/wfaq2qWyIq2k0EZ0=,42qDKxpJo9aukuPJRnwy5wJ7PRM=
-31,-23,1UJ8FFMHiA/wfaq2qWyIq2k0EZ0=,ATekP9SsygK8FO66mZhVW6bMt4g=
-30,-25,1UJ8FFMHiA/wfaq2qWyIq2k0EZ0=,42qDKxpJo9aukuPJRnwy5wJ7PRM=
-28,-24,1UJ8FFMHiA/wfaq2qWyIq2k0EZ0=,G07u3cPe6/M6fl1qtQNndzSPFGA=
-30,-23,1UJ8FFMHiA/wfaq2qWyIq2k0EZ0=,ATekP9SsygK8FO66mZhVW6bMt4g=
-29,-25,1UJ8FFMHiA/wfaq2qWyIq2k0EZ0=,42qDKxpJo9aukuPJRnwy5wJ7PRM=
-28,-25,1UJ8FFMHiA/wfaq2qWyIq2k0EZ0=,RpmC2qBEulZ13T79Wj7yA0AbZoo=
-31,-27,1UJ8FFMHiA/wfaq2qWyIq2k0EZ0=,42qDKxpJo9aukuPJRnwy5wJ7PRM=
-30,-27,1UJ8FFMHiA/wfaq2qWyIq2k0EZ0=,42qDKxpJo9aukuPJRnwy5wJ7PRM=
-29,-23,1UJ8FFMHiA/wfaq2qWyIq2k0EZ0=,ATekP9SsygK8FO66mZhVW6bMt4g=
-29,-27,1UJ8FFMHiA/wfaq2qWyIq2k0EZ0=,42qDKxpJo9aukuPJRnwy5wJ7PRM=
-31,-22,1UJ8FFMHiA/wfaq2qWyIq2k0EZ0=,ATekP9SsygK8FO66mZhVW6bMt4g=
-31,-24,1UJ8FFMHiA/wfaq2qWyIq2k0EZ0=,ATekP9SsygK8FO66mZhVW6bMt4g=
-31,-26,1UJ8FFMHiA/wfaq2qWyIq2k0EZ0=,42qDKxpJo9aukuPJRnwy5wJ7PRM=
-30,-24,1UJ8FFMHiA/wfaq2qWyIq2k0EZ0=,ATekP9SsygK8FO66mZhVW6bMt4g=
-29,-26,1UJ8FFMHiA/wfaq2qWyIq2k0EZ0=,42qDKxpJo9aukuPJRnwy5wJ7PRM=
-28,-26,1UJ8FFMHiA/wfaq2qWyIq2k0EZ0=,RpmC2qBEulZ13T79Wj7yA0AbZoo=
-28,-27,1UJ8FFMHiA/wfaq2qWyIq2k0EZ0=,RpmC2qBEulZ13T79Wj7yA0AbZoo=
-30,-26,1UJ8FFMHiA/wfaq2qWyIq2k0EZ0=,42qDKxpJo9aukuPJRnwy5wJ7PRM=
-29,-24,1UJ8FFMHiA/wfaq2qWyIq2k0EZ0=,ATekP9SsygK8FO66mZhVW6bMt4g=
-30,-22,1UJ8FFMHiA/wfaq2qWyIq2k0EZ0=,ATekP9SsygK8FO66mZhVW6bMt4g=
-29,-22,1UJ8FFMHiA/wfaq2qWyIq2k0EZ0=,ATekP9SsygK8FO66mZhVW6bMt4g=
-28,-22,1UJ8FFMHiA/wfaq2qWyIq2k0EZ0=,G07u3cPe6/M6fl1qtQNndzSPFGA=
-28,-23,1UJ8FFMHiA/wfaq2qWyIq2k0EZ0=,G07u3cPe6/M6fl1qtQNndzSPFGA=
-32,-23,1UJ8FFMHiA/wfaq2qWyIq2k0EZ0=,ATekP9SsygK8FO66mZhVW6bMt4g=
-32,-22,1UJ8FFMHiA/wfaq2qWyIq2k0EZ0=,ATekP9SsygK8FO66mZhVW6bMt4g=
-27,-21,1UJ8FFMHiA/wfaq2qWyIq2k0EZ0=,G07u3cPe6/M6fl1qtQNndzSPFGA=
-24,-19,1UJ8FFMHiA/wfaq2qWyIq2k0EZ0=,xAtoUFkh5vk7zlDVBGdewQ2H9bE=
-26,-21,1UJ8FFMHiA/wfaq2qWyIq2k0EZ0=,G07u3cPe6/M6fl1qtQNndzSPFGA=
-22,-17,1UJ8FFMHiA/wfaq2qWyIq2k0EZ0=,xAtoUFkh5vk7zlDVBGdewQ2H9bE=
-23,-17,1UJ8FFMHiA/wfaq2qWyIq2k0EZ0=,xAtoUFkh5vk7zlDVBGdewQ2H9bE=
-25,-17,1UJ8FFMHiA/wfaq2qWyIq2k0EZ0=,KoVK9ykh0YPP9uf3z8EfR7PGhSs=
-24,-17,1UJ8FFMHiA/wfaq2qWyIq2k0EZ0=,xAtoUFkh5vk7zlDVBGdewQ2H9bE=
-25,-18,1UJ8FFMHiA/wfaq2qWyIq2k0EZ0=,KoVK9ykh0YPP9uf3z8EfR7PGhSs=
-26,-17,1UJ8FFMHiA/wfaq2qWyIq2k0EZ0=,KoVK9ykh0YPP9uf3z8EfR7PGhSs=
-25,-19,1UJ8FFMHiA/wfaq2qWyIq2k0EZ0=,KoVK9ykh0YPP9uf3z8EfR7PGhSs=
-26,-18,1UJ8FFMHiA/wfaq2qWyIq2k0EZ0=,KoVK9ykh0YPP9uf3z8EfR7PGhSs=
-27,-18,1UJ8FFMHiA/wfaq2qWyIq2k0EZ0=,KoVK9ykh0YPP9uf3z8EfR7PGhSs=
-24,-20,1UJ8FFMHiA/wfaq2qWyIq2k0EZ0=,xAtoUFkh5vk7zlDVBGdewQ2H9bE=
-24,-18,1UJ8FFMHiA/wfaq2qWyIq2k0EZ0=,xAtoUFkh5vk7zlDVBGdewQ2H9bE=
-18,-19,1UJ8FFMHiA/wfaq2qWyIq2k0EZ0=,9ApfaDgOs+xSFEw80tTGgmHOOuk=
-20,-18,1UJ8FFMHiA/wfaq2qWyIq2k0EZ0=,9ApfaDgOs+xSFEw80tTGgmHOOuk=
-19,-18,1UJ8FFMHiA/wfaq2qWyIq2k0EZ0=,9ApfaDgOs+xSFEw80tTGgmHOOuk=
-18,-18,1UJ8FFMHiA/wfaq2qWyIq2k0EZ0=,9ApfaDgOs+xSFEw80tTGgmHOOuk=
-20,-19,1UJ8FFMHiA/wfaq2qWyIq2k0EZ0=,9ApfaDgOs+xSFEw80tTGgmHOOuk=
-19,-19,1UJ8FFMHiA/wfaq2qWyIq2k0EZ0=,9ApfaDgOs+xSFEw80tTGgmHOOuk=
-21,-19,1UJ8FFMHiA/wfaq2qWyIq2k0EZ0=,xAtoUFkh5vk7zlDVBGdewQ2H9bE=
-21,-18,1UJ8FFMHiA/wfaq2qWyIq2k0EZ0=,xAtoUFkh5vk7zlDVBGdewQ2H9bE=
-24,-21,1UJ8FFMHiA/wfaq2qWyIq2k0EZ0=,SpSQckQdSxB+74kUSIPjGf5CiDU=
-27,-19,1UJ8FFMHiA/wfaq2qWyIq2k0EZ0=,KoVK9ykh0YPP9uf3z8EfR7PGhSs=
-26,-19,1UJ8FFMHiA/wfaq2qWyIq2k0EZ0=,KoVK9ykh0YPP9uf3z8EfR7PGhSs=
-25,-21,1UJ8FFMHiA/wfaq2qWyIq2k0EZ0=,G07u3cPe6/M6fl1qtQNndzSPFGA=
-25,-20,1UJ8FFMHiA/wfaq2qWyIq2k0EZ0=,KoVK9ykh0YPP9uf3z8EfR7PGhSs=
-27,-17,1UJ8FFMHiA/wfaq2qWyIq2k0EZ0=,KoVK9ykh0YPP9uf3z8EfR7PGhSs=
-26,-20,1UJ8FFMHiA/wfaq2qWyIq2k0EZ0=,KoVK9ykh0YPP9uf3z8EfR7PGhSs=
-27,-20,1UJ8FFMHiA/wfaq2qWyIq2k0EZ0=,KoVK9ykh0YPP9uf3z8EfR7PGhSs=
-32,-20,1UJ8FFMHiA/wfaq2qWyIq2k0EZ0=,zxsCvxW9WTbyL6GvCskwM1PZHZc=
-31,-17,1UJ8FFMHiA/wfaq2qWyIq2k0EZ0=,zxsCvxW9WTbyL6GvCskwM1PZHZc=
-28,-21,1UJ8FFMHiA/wfaq2qWyIq2k0EZ0=,G07u3cPe6/M6fl1qtQNndzSPFGA=
-32,-19,1UJ8FFMHiA/wfaq2qWyIq2k0EZ0=,zxsCvxW9WTbyL6GvCskwM1PZHZc=
-30,-21,1UJ8FFMHiA/wfaq2qWyIq2k0EZ0=,ATekP9SsygK8FO66mZhVW6bMt4g=
-29,-21,1UJ8FFMHiA/wfaq2qWyIq2k0EZ0=,ATekP9SsygK8FO66mZhVW6bMt4g=
-28,-19,1UJ8FFMHiA/wfaq2qWyIq2k0EZ0=,KoVK9ykh0YPP9uf3z8EfR7PGhSs=
-32,-18,1UJ8FFMHiA/wfaq2qWyIq2k0EZ0=,zxsCvxW9WTbyL6GvCskwM1PZHZc=
-29,-20,1UJ8FFMHiA/wfaq2qWyIq2k0EZ0=,zxsCvxW9WTbyL6GvCskwM1PZHZc=
-32,-21,1UJ8FFMHiA/wfaq2qWyIq2k0EZ0=,ATekP9SsygK8FO66mZhVW6bMt4g=
-30,-20,1UJ8FFMHiA/wfaq2qWyIq2k0EZ0=,zxsCvxW9WTbyL6GvCskwM1PZHZc=
-30,-17,1UJ8FFMHiA/wfaq2qWyIq2k0EZ0=,zxsCvxW9WTbyL6GvCskwM1PZHZc=
-29,-17,1UJ8FFMHiA/wfaq2qWyIq2k0EZ0=,zxsCvxW9WTbyL6GvCskwM1PZHZc=
-28,-18,1UJ8FFMHiA/wfaq2qWyIq2k0EZ0=,KoVK9ykh0YPP9uf3z8EfR7PGhSs=
-31,-21,1UJ8FFMHiA/wfaq2qWyIq2k0EZ0=,ATekP9SsygK8FO66mZhVW6bMt4g=
-31,-20,1UJ8FFMHiA/wfaq2qWyIq2k0EZ0=,zxsCvxW9WTbyL6GvCskwM1PZHZc=
-31,-18,1UJ8FFMHiA/wfaq2qWyIq2k0EZ0=,zxsCvxW9WTbyL6GvCskwM1PZHZc=
-18,-20,1UJ8FFMHiA/wfaq2qWyIq2k0EZ0=,9ApfaDgOs+xSFEw80tTGgmHOOuk=
-19,-20,1UJ8FFMHiA/wfaq2qWyIq2k0EZ0=,9ApfaDgOs+xSFEw80tTGgmHOOuk=
-21,-22,1UJ8FFMHiA/wfaq2qWyIq2k0EZ0=,SpSQckQdSxB+74kUSIPjGf5CiDU=
-20,-20,1UJ8FFMHiA/wfaq2qWyIq2k0EZ0=,9ApfaDgOs+xSFEw80tTGgmHOOuk=
-21,-21,1UJ8FFMHiA/wfaq2qWyIq2k0EZ0=,SpSQckQdSxB+74kUSIPjGf5CiDU=
-21,-23,1UJ8FFMHiA/wfaq2qWyIq2k0EZ0=,SpSQckQdSxB+74kUSIPjGf5CiDU=
-30,-18,1UJ8FFMHiA/wfaq2qWyIq2k0EZ0=,zxsCvxW9WTbyL6GvCskwM1PZHZc=
-28,-17,1UJ8FFMHiA/wfaq2qWyIq2k0EZ0=,KoVK9ykh0YPP9uf3z8EfR7PGhSs=
-31,-19,1UJ8FFMHiA/wfaq2qWyIq2k0EZ0=,zxsCvxW9WTbyL6GvCskwM1PZHZc=
-21,-20,1UJ8FFMHiA/wfaq2qWyIq2k0EZ0=,xAtoUFkh5vk7zlDVBGdewQ2H9bE=
-28,-20,1UJ8FFMHiA/wfaq2qWyIq2k0EZ0=,KoVK9ykh0YPP9uf3z8EfR7PGhSs=
-29,-18,1UJ8FFMHiA/wfaq2qWyIq2k0EZ0=,zxsCvxW9WTbyL6GvCskwM1PZHZc=
-30,-19,1UJ8FFMHiA/wfaq2qWyIq2k0EZ0=,zxsCvxW9WTbyL6GvCskwM1PZHZc=
-29,-19,1UJ8FFMHiA/wfaq2qWyIq2k0EZ0=,zxsCvxW9WTbyL6GvCskwM1PZHZc=
-22,-24,1UJ8FFMHiA/wfaq2qWyIq2k0EZ0=,SpSQckQdSxB+74kUSIPjGf5CiDU=
-23,-24,1UJ8FFMHiA/wfaq2qWyIq2k0EZ0=,SpSQckQdSxB+74kUSIPjGf5CiDU=
-25,-26,1UJ8FFMHiA/wfaq2qWyIq2k0EZ0=,RpmC2qBEulZ13T79Wj7yA0AbZoo=
-24,-24,1UJ8FFMHiA/wfaq2qWyIq2k0EZ0=,SpSQckQdSxB+74kUSIPjGf5CiDU=
-25,-24,1UJ8FFMHiA/wfaq2qWyIq2k0EZ0=,G07u3cPe6/M6fl1qtQNndzSPFGA=
-25,-25,1UJ8FFMHiA/wfaq2qWyIq2k0EZ0=,RpmC2qBEulZ13T79Wj7yA0AbZoo=
-25,-27,1UJ8FFMHiA/wfaq2qWyIq2k0EZ0=,RpmC2qBEulZ13T79Wj7yA0AbZoo=
-27,-28,1UJ8FFMHiA/wfaq2qWyIq2k0EZ0=,RpmC2qBEulZ13T79Wj7yA0AbZoo=
-26,-28,1UJ8FFMHiA/wfaq2qWyIq2k0EZ0=,RpmC2qBEulZ13T79Wj7yA0AbZoo=
-29,-28,1UJ8FFMHiA/wfaq2qWyIq2k0EZ0=,42qDKxpJo9aukuPJRnwy5wJ7PRM=
-28,-28,1UJ8FFMHiA/wfaq2qWyIq2k0EZ0=,RpmC2qBEulZ13T79Wj7yA0AbZoo=
-30,-28,1UJ8FFMHiA/wfaq2qWyIq2k0EZ0=,42qDKxpJo9aukuPJRnwy5wJ7PRM=
-17,-18,1UJ8FFMHiA/wfaq2qWyIq2k0EZ0=,9ApfaDgOs+xSFEw80tTGgmHOOuk=
-31,-28,1UJ8FFMHiA/wfaq2qWyIq2k0EZ0=,42qDKxpJo9aukuPJRnwy5wJ7PRM=
-17,-19,1UJ8FFMHiA/wfaq2qWyIq2k0EZ0=,9ApfaDgOs+xSFEw80tTGgmHOOuk=
-21,-17,1UJ8FFMHiA/wfaq2qWyIq2k0EZ0=,xAtoUFkh5vk7zlDVBGdewQ2H9bE=
-21,-24,1UJ8FFMHiA/wfaq2qWyIq2k0EZ0=,SpSQckQdSxB+74kUSIPjGf5CiDU=
-20,-17,1UJ8FFMHiA/wfaq2qWyIq2k0EZ0=,9ApfaDgOs+xSFEw80tTGgmHOOuk=
-18,-17,1UJ8FFMHiA/wfaq2qWyIq2k0EZ0=,9ApfaDgOs+xSFEw80tTGgmHOOuk=
-19,-17,1UJ8FFMHiA/wfaq2qWyIq2k0EZ0=,9ApfaDgOs+xSFEw80tTGgmHOOuk=
-17,-17,1UJ8FFMHiA/wfaq2qWyIq2k0EZ0=,9ApfaDgOs+xSFEw80tTGgmHOOuk=
-32,-17,1UJ8FFMHiA/wfaq2qWyIq2k0EZ0=,zxsCvxW9WTbyL6GvCskwM1PZHZc=
-25,-28,1UJ8FFMHiA/wfaq2qWyIq2k0EZ0=,RpmC2qBEulZ13T79Wj7yA0AbZoo=
-32,-26,1UJ8FFMHiA/wfaq2qWyIq2k0EZ0=,42qDKxpJo9aukuPJRnwy5wJ7PRM=
-32,-24,1UJ8FFMHiA/wfaq2qWyIq2k0EZ0=,ATekP9SsygK8FO66mZhVW6bMt4g=
-32,-28,1UJ8FFMHiA/wfaq2qWyIq2k0EZ0=,42qDKxpJo9aukuPJRnwy5wJ7PRM=
-32,-25,1UJ8FFMHiA/wfaq2qWyIq2k0EZ0=,42qDKxpJo9aukuPJRnwy5wJ7PRM=
-32,-27,1UJ8FFMHiA/wfaq2qWyIq2k0EZ0=,42qDKxpJo9aukuPJRnwy5wJ7PRM=
-17,-20,1UJ8FFMHiA/wfaq2qWyIq2k0EZ0=,9ApfaDgOs+xSFEw80tTGgmHOOuk=
-19,-11,1UJ8FFMHiA/wfaq2qWyIq2k0EZ0=,Tt7dGDq4StAtITcrzPARJzpnBB4=
-18,-11,1UJ8FFMHiA/wfaq2qWyIq2k0EZ0=,Tt7dGDq4StAtITcrzPARJzpnBB4=
-19,-10,1UJ8FFMHiA/wfaq2qWyIq2k0EZ0=,Tt7dGDq4StAtITcrzPARJzpnBB4=
-18,-10,1UJ8FFMHiA/wfaq2qWyIq2k0EZ0=,Tt7dGDq4StAtITcrzPARJzpnBB4=
-27,-11,1UJ8FFMHiA/wfaq2qWyIq2k0EZ0=,frksBGUsoE2xy0FqzhVyc3nbLas=
-26,-10,1UJ8FFMHiA/wfaq2qWyIq2k0EZ0=,frksBGUsoE2xy0FqzhVyc3nbLas=
-26,-11,1UJ8FFMHiA/wfaq2qWyIq2k0EZ0=,frksBGUsoE2xy0FqzhVyc3nbLas=
-26,-12,1UJ8FFMHiA/wfaq2qWyIq2k0EZ0=,frksBGUsoE2xy0FqzhVyc3nbLas=
-27,-10,1UJ8FFMHiA/wfaq2qWyIq2k0EZ0=,frksBGUsoE2xy0FqzhVyc3nbLas=
-27,-15,1UJ8FFMHiA/wfaq2qWyIq2k0EZ0=,hpWQkyv91JXiAb3UXQQH+pNE4O8=
-26,-14,1UJ8FFMHiA/wfaq2qWyIq2k0EZ0=,hpWQkyv91JXiAb3UXQQH+pNE4O8=
-27,-12,1UJ8FFMHiA/wfaq2qWyIq2k0EZ0=,frksBGUsoE2xy0FqzhVyc3nbLas=
-26,-13,1UJ8FFMHiA/wfaq2qWyIq2k0EZ0=,hpWQkyv91JXiAb3UXQQH+pNE4O8=
-27,-13,1UJ8FFMHiA/wfaq2qWyIq2k0EZ0=,hpWQkyv91JXiAb3UXQQH+pNE4O8=
-27,-14,1UJ8FFMHiA/wfaq2qWyIq2k0EZ0=,hpWQkyv91JXiAb3UXQQH+pNE4O8=
-20,-11,1UJ8FFMHiA/wfaq2qWyIq2k0EZ0=,Tt7dGDq4StAtITcrzPARJzpnBB4=
-21,-10,1UJ8FFMHiA/wfaq2qWyIq2k0EZ0=,nr6C9rB8X/EMdhK/y2CRorB2lfs=
-22,-10,1UJ8FFMHiA/wfaq2qWyIq2k0EZ0=,nr6C9rB8X/EMdhK/y2CRorB2lfs=
-20,-10,1UJ8FFMHiA/wfaq2qWyIq2k0EZ0=,Tt7dGDq4StAtITcrzPARJzpnBB4=
-24,-10,1UJ8FFMHiA/wfaq2qWyIq2k0EZ0=,nr6C9rB8X/EMdhK/y2CRorB2lfs=
-23,-10,1UJ8FFMHiA/wfaq2qWyIq2k0EZ0=,nr6C9rB8X/EMdhK/y2CRorB2lfs=
-21,-11,1UJ8FFMHiA/wfaq2qWyIq2k0EZ0=,nr6C9rB8X/EMdhK/y2CRorB2lfs=
-23,-11,1UJ8FFMHiA/wfaq2qWyIq2k0EZ0=,nr6C9rB8X/EMdhK/y2CRorB2lfs=
-22,-11,1UJ8FFMHiA/wfaq2qWyIq2k0EZ0=,nr6C9rB8X/EMdhK/y2CRorB2lfs=
-25,-10,1UJ8FFMHiA/wfaq2qWyIq2k0EZ0=,frksBGUsoE2xy0FqzhVyc3nbLas=
-24,-11,1UJ8FFMHiA/wfaq2qWyIq2k0EZ0=,nr6C9rB8X/EMdhK/y2CRorB2lfs=
-25,-11,1UJ8FFMHiA/wfaq2qWyIq2k0EZ0=,frksBGUsoE2xy0FqzhVyc3nbLas=
-26,-15,1UJ8FFMHiA/wfaq2qWyIq2k0EZ0=,hpWQkyv91JXiAb3UXQQH+pNE4O8=
-18,-14,1UJ8FFMHiA/wfaq2qWyIq2k0EZ0=,7WFqIl4KuISZ5b8VZg+r4TU5S0c=
-19,-14,1UJ8FFMHiA/wfaq2qWyIq2k0EZ0=,7WFqIl4KuISZ5b8VZg+r4TU5S0c=
-18,-12,1UJ8FFMHiA/wfaq2qWyIq2k0EZ0=,Tt7dGDq4StAtITcrzPARJzpnBB4=
-18,-15,1UJ8FFMHiA/wfaq2qWyIq2k0EZ0=,7WFqIl4KuISZ5b8VZg+r4TU5S0c=
-19,-15,1UJ8FFMHiA/wfaq2qWyIq2k0EZ0=,7WFqIl4KuISZ5b8VZg+r4TU5S0c=
-18,-13,1UJ8FFMHiA/wfaq2qWyIq2k0EZ0=,7WFqIl4KuISZ5b8VZg+r4TU5S0c=
-19,-13,1UJ8FFMHiA/wfaq2qWyIq2k0EZ0=,7WFqIl4KuISZ5b8VZg+r4TU5S0c=
-19,-12,1UJ8FFMHiA/wfaq2qWyIq2k0EZ0=,Tt7dGDq4StAtITcrzPARJzpnBB4=
-24,-13,1UJ8FFMHiA/wfaq2qWyIq2k0EZ0=,G8TbEA8URkYFPx1JWmXd2TIXHSc=
-31,-10,1UJ8FFMHiA/wfaq2qWyIq2k0EZ0=,/MuZl+pWSTiRNc9zfpVWOYPaog4=
-22,-12,1UJ8FFMHiA/wfaq2qWyIq2k0EZ0=,nr6C9rB8X/EMdhK/y2CRorB2lfs=
-21,-12,1UJ8FFMHiA/wfaq2qWyIq2k0EZ0=,nr6C9rB8X/EMdhK/y2CRorB2lfs=
-31,-11,1UJ8FFMHiA/wfaq2qWyIq2k0EZ0=,/MuZl+pWSTiRNc9zfpVWOYPaog4=
-21,-14,1UJ8FFMHiA/wfaq2qWyIq2k0EZ0=,G8TbEA8URkYFPx1JWmXd2TIXHSc=
-25,-12,1UJ8FFMHiA/wfaq2qWyIq2k0EZ0=,frksBGUsoE2xy0FqzhVyc3nbLas=
-20,-12,1UJ8FFMHiA/wfaq2qWyIq2k0EZ0=,Tt7dGDq4StAtITcrzPARJzpnBB4=
-22,-14,1UJ8FFMHiA/wfaq2qWyIq2k0EZ0=,G8TbEA8URkYFPx1JWmXd2TIXHSc=
-25,-13,1UJ8FFMHiA/wfaq2qWyIq2k0EZ0=,hpWQkyv91JXiAb3UXQQH+pNE4O8=
-28,-11,1UJ8FFMHiA/wfaq2qWyIq2k0EZ0=,frksBGUsoE2xy0FqzhVyc3nbLas=
-30,-10,1UJ8FFMHiA/wfaq2qWyIq2k0EZ0=,/MuZl+pWSTiRNc9zfpVWOYPaog4=
-21,-15,1UJ8FFMHiA/wfaq2qWyIq2k0EZ0=,G8TbEA8URkYFPx1JWmXd2TIXHSc=
-29,-10,1UJ8FFMHiA/wfaq2qWyIq2k0EZ0=,/MuZl+pWSTiRNc9zfpVWOYPaog4=
-20,-14,1UJ8FFMHiA/wfaq2qWyIq2k0EZ0=,7WFqIl4KuISZ5b8VZg+r4TU5S0c=
-22,-15,1UJ8FFMHiA/wfaq2qWyIq2k0EZ0=,G8TbEA8URkYFPx1JWmXd2TIXHSc=
-29,-11,1UJ8FFMHiA/wfaq2qWyIq2k0EZ0=,/MuZl+pWSTiRNc9zfpVWOYPaog4=
-23,-15,1UJ8FFMHiA/wfaq2qWyIq2k0EZ0=,G8TbEA8URkYFPx1JWmXd2TIXHSc=
-30,-11,1UJ8FFMHiA/wfaq2qWyIq2k0EZ0=,/MuZl+pWSTiRNc9zfpVWOYPaog4=
-20,-15,1UJ8FFMHiA/wfaq2qWyIq2k0EZ0=,7WFqIl4KuISZ5b8VZg+r4TU5S0c=
-23,-12,1UJ8FFMHiA/wfaq2qWyIq2k0EZ0=,nr6C9rB8X/EMdhK/y2CRorB2lfs=
-28,-10,1UJ8FFMHiA/wfaq2qWyIq2k0EZ0=,frksBGUsoE2xy0FqzhVyc3nbLas=
-24,-12,1UJ8FFMHiA/wfaq2qWyIq2k0EZ0=,nr6C9rB8X/EMdhK/y2CRorB2lfs=
-23,-14,1UJ8FFMHiA/wfaq2qWyIq2k0EZ0=,G8TbEA8URkYFPx1JWmXd2TIXHSc=
-20,-13,1UJ8FFMHiA/wfaq2qWyIq2k0EZ0=,7WFqIl4KuISZ5b8VZg+r4TU5S0c=
-21,-13,1UJ8FFMHiA/wfaq2qWyIq2k0EZ0=,G8TbEA8URkYFPx1JWmXd2TIXHSc=
-22,-13,1UJ8FFMHiA/wfaq2qWyIq2k0EZ0=,G8TbEA8URkYFPx1JWmXd2TIXHSc=
-25,-14,1UJ8FFMHiA/wfaq2qWyIq2k0EZ0=,hpWQkyv91JXiAb3UXQQH+pNE4O8=
-24,-15,1UJ8FFMHiA/wfaq2qWyIq2k0EZ0=,G8TbEA8URkYFPx1JWmXd2TIXHSc=
-24,-14,1UJ8FFMHiA/wfaq2qWyIq2k0EZ0=,G8TbEA8URkYFPx1JWmXd2TIXHSc=
-25,-15,1UJ8FFMHiA/wfaq2qWyIq2k0EZ0=,hpWQkyv91JXiAb3UXQQH+pNE4O8=
-23,-13,1UJ8FFMHiA/wfaq2qWyIq2k0EZ0=,G8TbEA8URkYFPx1JWmXd2TIXHSc=
-28,-15,1UJ8FFMHiA/wfaq2qWyIq2k0EZ0=,hpWQkyv91JXiAb3UXQQH+pNE4O8=
-31,-15,1UJ8FFMHiA/wfaq2qWyIq2k0EZ0=,0f30sda7TLzL0B6yDvFAgDY0F4Y=
-28,-14,1UJ8FFMHiA/wfaq2qWyIq2k0EZ0=,hpWQkyv91JXiAb3UXQQH+pNE4O8=
-31,-12,1UJ8FFMHiA/wfaq2qWyIq2k0EZ0=,/MuZl+pWSTiRNc9zfpVWOYPaog4=
-30,-15,1UJ8FFMHiA/wfaq2qWyIq2k0EZ0=,0f30sda7TLzL0B6yDvFAgDY0F4Y=
-31,-13,1UJ8FFMHiA/wfaq2qWyIq2k0EZ0=,0f30sda7TLzL0B6yDvFAgDY0F4Y=
-31,-14,1UJ8FFMHiA/wfaq2qWyIq2k0EZ0=,0f30sda7TLzL0B6yDvFAgDY0F4Y=
-29,-12,1UJ8FFMHiA/wfaq2qWyIq2k0EZ0=,/MuZl+pWSTiRNc9zfpVWOYPaog4=
-30,-14,1UJ8FFMHiA/wfaq2qWyIq2k0EZ0=,0f30sda7TLzL0B6yDvFAgDY0F4Y=
-30,-13,1UJ8FFMHiA/wfaq2qWyIq2k0EZ0=,0f30sda7TLzL0B6yDvFAgDY0F4Y=
-30,-12,1UJ8FFMHiA/wfaq2qWyIq2k0EZ0=,/MuZl+pWSTiRNc9zfpVWOYPaog4=
-28,-13,1UJ8FFMHiA/wfaq2qWyIq2k0EZ0=,hpWQkyv91JXiAb3UXQQH+pNE4O8=
-29,-13,1UJ8FFMHiA/wfaq2qWyIq2k0EZ0=,0f30sda7TLzL0B6yDvFAgDY0F4Y=
-29,-14,1UJ8FFMHiA/wfaq2qWyIq2k0EZ0=,0f30sda7TLzL0B6yDvFAgDY0F4Y=
-28,-12,1UJ8FFMHiA/wfaq2qWyIq2k0EZ0=,frksBGUsoE2xy0FqzhVyc3nbLas=
-29,-15,1UJ8FFMHiA/wfaq2qWyIq2k0EZ0=,0f30sda7TLzL0B6yDvFAgDY0F4Y=
-31,-9,1UJ8FFMHiA/wfaq2qWyIq2k0EZ0=,/MuZl+pWSTiRNc9zfpVWOYPaog4=
-31,-7,1UJ8FFMHiA/wfaq2qWyIq2k0EZ0=,cySfDRNVxTco5MITlLj/ASajDWs=
-31,-8,1UJ8FFMHiA/wfaq2qWyIq2k0EZ0=,cySfDRNVxTco5MITlLj/ASajDWs=
-31,-6,1UJ8FFMHiA/wfaq2qWyIq2k0EZ0=,cySfDRNVxTco5MITlLj/ASajDWs=
-30,-8,1UJ8FFMHiA/wfaq2qWyIq2k0EZ0=,cySfDRNVxTco5MITlLj/ASajDWs=
-30,-9,1UJ8FFMHiA/wfaq2qWyIq2k0EZ0=,/MuZl+pWSTiRNc9zfpVWOYPaog4=
-30,-6,1UJ8FFMHiA/wfaq2qWyIq2k0EZ0=,cySfDRNVxTco5MITlLj/ASajDWs=
-30,-7,1UJ8FFMHiA/wfaq2qWyIq2k0EZ0=,cySfDRNVxTco5MITlLj/ASajDWs=
-27,-3,bMIwDUg6c3CxYfCzrJhI2aOZ/gY=,f5662/2nql/J6PK2+Ocw+tGzb/I=
-26,-2,bMIwDUg6c3CxYfCzrJhI2aOZ/gY=,f5662/2nql/J6PK2+Ocw+tGzb/I=
-26,-3,bMIwDUg6c3CxYfCzrJhI2aOZ/gY=,f5662/2nql/J6PK2+Ocw+tGzb/I=
-27,-2,bMIwDUg6c3CxYfCzrJhI2aOZ/gY=,f5662/2nql/J6PK2+Ocw+tGzb/I=
-26,-6,bMIwDUg6c3CxYfCzrJhI2aOZ/gY=,CdXMWq65M8DiJLqAyyz2Ym8yJMo=
-27,-6,bMIwDUg6c3CxYfCzrJhI2aOZ/gY=,CdXMWq65M8DiJLqAyyz2Ym8yJMo=
-27,-5,bMIwDUg6c3CxYfCzrJhI2aOZ/gY=,CdXMWq65M8DiJLqAyyz2Ym8yJMo=
-29,-6,bMIwDUg6c3CxYfCzrJhI2aOZ/gY=,cySfDRNVxTco5MITlLj/ASajDWs=
-29,-7,bMIwDUg6c3CxYfCzrJhI2aOZ/gY=,cySfDRNVxTco5MITlLj/ASajDWs=
-28,-9,bMIwDUg6c3CxYfCzrJhI2aOZ/gY=,frksBGUsoE2xy0FqzhVyc3nbLas=
-26,-4,bMIwDUg6c3CxYfCzrJhI2aOZ/gY=,f5662/2nql/J6PK2+Ocw+tGzb/I=
-26,-7,bMIwDUg6c3CxYfCzrJhI2aOZ/gY=,CdXMWq65M8DiJLqAyyz2Ym8yJMo=
-26,-9,bMIwDUg6c3CxYfCzrJhI2aOZ/gY=,frksBGUsoE2xy0FqzhVyc3nbLas=
-28,-6,bMIwDUg6c3CxYfCzrJhI2aOZ/gY=,CdXMWq65M8DiJLqAyyz2Ym8yJMo=
-28,-7,bMIwDUg6c3CxYfCzrJhI2aOZ/gY=,CdXMWq65M8DiJLqAyyz2Ym8yJMo=
-27,-7,bMIwDUg6c3CxYfCzrJhI2aOZ/gY=,CdXMWq65M8DiJLqAyyz2Ym8yJMo=
-29,-8,bMIwDUg6c3CxYfCzrJhI2aOZ/gY=,cySfDRNVxTco5MITlLj/ASajDWs=
-27,-4,bMIwDUg6c3CxYfCzrJhI2aOZ/gY=,f5662/2nql/J6PK2+Ocw+tGzb/I=
-29,-9,bMIwDUg6c3CxYfCzrJhI2aOZ/gY=,/MuZl+pWSTiRNc9zfpVWOYPaog4=
-26,-8,bMIwDUg6c3CxYfCzrJhI2aOZ/gY=,CdXMWq65M8DiJLqAyyz2Ym8yJMo=
-26,-5,bMIwDUg6c3CxYfCzrJhI2aOZ/gY=,CdXMWq65M8DiJLqAyyz2Ym8yJMo=
-28,-8,bMIwDUg6c3CxYfCzrJhI2aOZ/gY=,CdXMWq65M8DiJLqAyyz2Ym8yJMo=
-27,-9,bMIwDUg6c3CxYfCzrJhI2aOZ/gY=,frksBGUsoE2xy0FqzhVyc3nbLas=
-27,-8,bMIwDUg6c3CxYfCzrJhI2aOZ/gY=,CdXMWq65M8DiJLqAyyz2Ym8yJMo=
-28,-5,bMIwDUg6c3CxYfCzrJhI2aOZ/gY=,CdXMWq65M8DiJLqAyyz2Ym8yJMo=
-28,-3,bMIwDUg6c3CxYfCzrJhI2aOZ/gY=,f5662/2nql/J6PK2+Ocw+tGzb/I=
-29,-2,bMIwDUg6c3CxYfCzrJhI2aOZ/gY=,ZpnYTgGIr0UBzaTxiWS4q/FP9ws=
-30,-2,bMIwDUg6c3CxYfCzrJhI2aOZ/gY=,ZpnYTgGIr0UBzaTxiWS4q/FP9ws=
-31,-3,bMIwDUg6c3CxYfCzrJhI2aOZ/gY=,ZpnYTgGIr0UBzaTxiWS4q/FP9ws=
-28,-2,bMIwDUg6c3CxYfCzrJhI2aOZ/gY=,f5662/2nql/J6PK2+Ocw+tGzb/I=
-29,-4,bMIwDUg6c3CxYfCzrJhI2aOZ/gY=,ZpnYTgGIr0UBzaTxiWS4q/FP9ws=
-28,-4,bMIwDUg6c3CxYfCzrJhI2aOZ/gY=,f5662/2nql/J6PK2+Ocw+tGzb/I=
-30,-3,bMIwDUg6c3CxYfCzrJhI2aOZ/gY=,ZpnYTgGIr0UBzaTxiWS4q/FP9ws=
-31,-4,bMIwDUg6c3CxYfCzrJhI2aOZ/gY=,ZpnYTgGIr0UBzaTxiWS4q/FP9ws=
-29,-5,bMIwDUg6c3CxYfCzrJhI2aOZ/gY=,cySfDRNVxTco5MITlLj/ASajDWs=
-29,-3,bMIwDUg6c3CxYfCzrJhI2aOZ/gY=,ZpnYTgGIr0UBzaTxiWS4q/FP9ws=
-31,-2,bMIwDUg6c3CxYfCzrJhI2aOZ/gY=,ZpnYTgGIr0UBzaTxiWS4q/FP9ws=
-30,-5,bMIwDUg6c3CxYfCzrJhI2aOZ/gY=,cySfDRNVxTco5MITlLj/ASajDWs=
-31,-5,bMIwDUg6c3CxYfCzrJhI2aOZ/gY=,cySfDRNVxTco5MITlLj/ASajDWs=
-30,-4,bMIwDUg6c3CxYfCzrJhI2aOZ/gY=,ZpnYTgGIr0UBzaTxiWS4q/FP9ws=
-24,-9,bMIwDUg6c3CxYfCzrJhI2aOZ/gY=,nr6C9rB8X/EMdhK/y2CRorB2lfs=
-24,-8,bMIwDUg6c3CxYfCzrJhI2aOZ/gY=,ymkrF4mXtsfsmXWVsrWHtg+k28c=
-23,-9,bMIwDUg6c3CxYfCzrJhI2aOZ/gY=,nr6C9rB8X/EMdhK/y2CRorB2lfs=
-23,-8,bMIwDUg6c3CxYfCzrJhI2aOZ/gY=,ymkrF4mXtsfsmXWVsrWHtg+k28c=
-25,-6,bMIwDUg6c3CxYfCzrJhI2aOZ/gY=,CdXMWq65M8DiJLqAyyz2Ym8yJMo=
-23,-6,bMIwDUg6c3CxYfCzrJhI2aOZ/gY=,ymkrF4mXtsfsmXWVsrWHtg+k28c=
-25,-7,bMIwDUg6c3CxYfCzrJhI2aOZ/gY=,CdXMWq65M8DiJLqAyyz2Ym8yJMo=
-22,-6,bMIwDUg6c3CxYfCzrJhI2aOZ/gY=,ymkrF4mXtsfsmXWVsrWHtg+k28c=
-25,-9,bMIwDUg6c3CxYfCzrJhI2aOZ/gY=,frksBGUsoE2xy0FqzhVyc3nbLas=
-25,-8,bMIwDUg6c3CxYfCzrJhI2aOZ/gY=,CdXMWq65M8DiJLqAyyz2Ym8yJMo=
-24,-6,bMIwDUg6c3CxYfCzrJhI2aOZ/gY=,ymkrF4mXtsfsmXWVsrWHtg+k28c=
-24,-7,bMIwDUg6c3CxYfCzrJhI2aOZ/gY=,ymkrF4mXtsfsmXWVsrWHtg+k28c=
-23,-7,bMIwDUg6c3CxYfCzrJhI2aOZ/gY=,ymkrF4mXtsfsmXWVsrWHtg+k28c=
-22,-7,bMIwDUg6c3CxYfCzrJhI2aOZ/gY=,ymkrF4mXtsfsmXWVsrWHtg+k28c=
-22,-8,bMIwDUg6c3CxYfCzrJhI2aOZ/gY=,ymkrF4mXtsfsmXWVsrWHtg+k28c=
-22,-9,bMIwDUg6c3CxYfCzrJhI2aOZ/gY=,nr6C9rB8X/EMdhK/y2CRorB2lfs=
-17,-11,bMIwDUg6c3CxYfCzrJhI2aOZ/gY=,Tt7dGDq4StAtITcrzPARJzpnBB4=
-17,-10,bMIwDUg6c3CxYfCzrJhI2aOZ/gY=,Tt7dGDq4StAtITcrzPARJzpnBB4=
-27,-1,bMIwDUg6c3CxYfCzrJhI2aOZ/gY=,f5662/2nql/J6PK2+Ocw+tGzb/I=
-26,-1,bMIwDUg6c3CxYfCzrJhI2aOZ/gY=,f5662/2nql/J6PK2+Ocw+tGzb/I=
-28,-1,bMIwDUg6c3CxYfCzrJhI2aOZ/gY=,f5662/2nql/J6PK2+Ocw+tGzb/I=
-29,-1,bMIwDUg6c3CxYfCzrJhI2aOZ/gY=,ZpnYTgGIr0UBzaTxiWS4q/FP9ws=
-30,-1,bMIwDUg6c3CxYfCzrJhI2aOZ/gY=,ZpnYTgGIr0UBzaTxiWS4q/FP9ws=
-31,-1,bMIwDUg6c3CxYfCzrJhI2aOZ/gY=,ZpnYTgGIr0UBzaTxiWS4q/FP9ws=
-23,-16,bMIwDUg6c3CxYfCzrJhI2aOZ/gY=,G8TbEA8URkYFPx1JWmXd2TIXHSc=
-22,-16,bMIwDUg6c3CxYfCzrJhI2aOZ/gY=,G8TbEA8URkYFPx1JWmXd2TIXHSc=
-18,-16,bMIwDUg6c3CxYfCzrJhI2aOZ/gY=,7WFqIl4KuISZ5b8VZg+r4TU5S0c=
-21,-16,bMIwDUg6c3CxYfCzrJhI2aOZ/gY=,G8TbEA8URkYFPx1JWmXd2TIXHSc=
-20,-16,bMIwDUg6c3CxYfCzrJhI2aOZ/gY=,7WFqIl4KuISZ5b8VZg+r4TU5S0c=
-19,-16,bMIwDUg6c3CxYfCzrJhI2aOZ/gY=,7WFqIl4KuISZ5b8VZg+r4TU5S0c=
-17,-14,bMIwDUg6c3CxYfCzrJhI2aOZ/gY=,7WFqIl4KuISZ5b8VZg+r4TU5S0c=
-17,-13,bMIwDUg6c3CxYfCzrJhI2aOZ/gY=,7WFqIl4KuISZ5b8VZg+r4TU5S0c=
-17,-15,bMIwDUg6c3CxYfCzrJhI2aOZ/gY=,7WFqIl4KuISZ5b8VZg+r4TU5S0c=
-17,-12,bMIwDUg6c3CxYfCzrJhI2aOZ/gY=,Tt7dGDq4StAtITcrzPARJzpnBB4=
-24,-16,bMIwDUg6c3CxYfCzrJhI2aOZ/gY=,G8TbEA8URkYFPx1JWmXd2TIXHSc=
-25,-16,bMIwDUg6c3CxYfCzrJhI2aOZ/gY=,hpWQkyv91JXiAb3UXQQH+pNE4O8=
-27,-16,bMIwDUg6c3CxYfCzrJhI2aOZ/gY=,hpWQkyv91JXiAb3UXQQH+pNE4O8=
-26,-16,bMIwDUg6c3CxYfCzrJhI2aOZ/gY=,hpWQkyv91JXiAb3UXQQH+pNE4O8=
-31,-16,bMIwDUg6c3CxYfCzrJhI2aOZ/gY=,0f30sda7TLzL0B6yDvFAgDY0F4Y=
-30,-16,bMIwDUg6c3CxYfCzrJhI2aOZ/gY=,0f30sda7TLzL0B6yDvFAgDY0F4Y=
-28,-16,bMIwDUg6c3CxYfCzrJhI2aOZ/gY=,hpWQkyv91JXiAb3UXQQH+pNE4O8=
-29,-16,bMIwDUg6c3CxYfCzrJhI2aOZ/gY=,0f30sda7TLzL0B6yDvFAgDY0F4Y=
-32,-15,bMIwDUg6c3CxYfCzrJhI2aOZ/gY=,0f30sda7TLzL0B6yDvFAgDY0F4Y=
-32,-14,bMIwDUg6c3CxYfCzrJhI2aOZ/gY=,0f30sda7TLzL0B6yDvFAgDY0F4Y=
-32,-11,bMIwDUg6c3CxYfCzrJhI2aOZ/gY=,/MuZl+pWSTiRNc9zfpVWOYPaog4=
-23,-4,bMIwDUg6c3CxYfCzrJhI2aOZ/gY=,DpbKBlRLgX3s/Q/1qL8gMStzPyA=
-22,-4,bMIwDUg6c3CxYfCzrJhI2aOZ/gY=,DpbKBlRLgX3s/Q/1qL8gMStzPyA=
-24,-3,bMIwDUg6c3CxYfCzrJhI2aOZ/gY=,DpbKBlRLgX3s/Q/1qL8gMStzPyA=
-32,-13,bMIwDUg6c3CxYfCzrJhI2aOZ/gY=,0f30sda7TLzL0B6yDvFAgDY0F4Y=
-32,-10,bMIwDUg6c3CxYfCzrJhI2aOZ/gY=,/MuZl+pWSTiRNc9zfpVWOYPaog4=
-32,-12,bMIwDUg6c3CxYfCzrJhI2aOZ/gY=,/MuZl+pWSTiRNc9zfpVWOYPaog4=
-23,-3,bMIwDUg6c3CxYfCzrJhI2aOZ/gY=,DpbKBlRLgX3s/Q/1qL8gMStzPyA=
-22,-1,bMIwDUg6c3CxYfCzrJhI2aOZ/gY=,DpbKBlRLgX3s/Q/1qL8gMStzPyA=
-25,-4,bMIwDUg6c3CxYfCzrJhI2aOZ/gY=,f5662/2nql/J6PK2+Ocw+tGzb/I=
-25,-2,bMIwDUg6c3CxYfCzrJhI2aOZ/gY=,f5662/2nql/J6PK2+Ocw+tGzb/I=
-24,-1,bMIwDUg6c3CxYfCzrJhI2aOZ/gY=,DpbKBlRLgX3s/Q/1qL8gMStzPyA=
-23,-1,bMIwDUg6c3CxYfCzrJhI2aOZ/gY=,DpbKBlRLgX3s/Q/1qL8gMStzPyA=
-23,-2,bMIwDUg6c3CxYfCzrJhI2aOZ/gY=,DpbKBlRLgX3s/Q/1qL8gMStzPyA=
-22,-3,bMIwDUg6c3CxYfCzrJhI2aOZ/gY=,DpbKBlRLgX3s/Q/1qL8gMStzPyA=
-24,-2,bMIwDUg6c3CxYfCzrJhI2aOZ/gY=,DpbKBlRLgX3s/Q/1qL8gMStzPyA=
-22,-2,bMIwDUg6c3CxYfCzrJhI2aOZ/gY=,DpbKBlRLgX3s/Q/1qL8gMStzPyA=
-24,-4,bMIwDUg6c3CxYfCzrJhI2aOZ/gY=,DpbKBlRLgX3s/Q/1qL8gMStzPyA=
-24,-5,bMIwDUg6c3CxYfCzrJhI2aOZ/gY=,ymkrF4mXtsfsmXWVsrWHtg+k28c=
-25,-5,bMIwDUg6c3CxYfCzrJhI2aOZ/gY=,CdXMWq65M8DiJLqAyyz2Ym8yJMo=
-25,-1,bMIwDUg6c3CxYfCzrJhI2aOZ/gY=,f5662/2nql/J6PK2+Ocw+tGzb/I=
-25,-3,bMIwDUg6c3CxYfCzrJhI2aOZ/gY=,f5662/2nql/J6PK2+Ocw+tGzb/I=
-32,-9,bMIwDUg6c3CxYfCzrJhI2aOZ/gY=,/MuZl+pWSTiRNc9zfpVWOYPaog4=
-32,-8,bMIwDUg6c3CxYfCzrJhI2aOZ/gY=,cySfDRNVxTco5MITlLj/ASajDWs=
-32,-7,bMIwDUg6c3CxYfCzrJhI2aOZ/gY=,cySfDRNVxTco5MITlLj/ASajDWs=
-23,-5,bMIwDUg6c3CxYfCzrJhI2aOZ/gY=,ymkrF4mXtsfsmXWVsrWHtg+k28c=
-22,-5,bMIwDUg6c3CxYfCzrJhI2aOZ/gY=,ymkrF4mXtsfsmXWVsrWHtg+k28c=
-32,-6,bMIwDUg6c3CxYfCzrJhI2aOZ/gY=,cySfDRNVxTco5MITlLj/ASajDWs=
-21,-6,bMIwDUg6c3CxYfCzrJhI2aOZ/gY=,ymkrF4mXtsfsmXWVsrWHtg+k28c=
-20,-8,bMIwDUg6c3CxYfCzrJhI2aOZ/gY=,tUT1EihigFWUOABtmT/pATkGFQI=
-19,-7,bMIwDUg6c3CxYfCzrJhI2aOZ/gY=,tUT1EihigFWUOABtmT/pATkGFQI=
-17,-8,bMIwDUg6c3CxYfCzrJhI2aOZ/gY=,tUT1EihigFWUOABtmT/pATkGFQI=
-17,-6,bMIwDUg6c3CxYfCzrJhI2aOZ/gY=,tUT1EihigFWUOABtmT/pATkGFQI=
-17,-9,bMIwDUg6c3CxYfCzrJhI2aOZ/gY=,Tt7dGDq4StAtITcrzPARJzpnBB4=
-20,-6,bMIwDUg6c3CxYfCzrJhI2aOZ/gY=,tUT1EihigFWUOABtmT/pATkGFQI=
-20,-9,bMIwDUg6c3CxYfCzrJhI2aOZ/gY=,Tt7dGDq4StAtITcrzPARJzpnBB4=
-18,-6,bMIwDUg6c3CxYfCzrJhI2aOZ/gY=,tUT1EihigFWUOABtmT/pATkGFQI=
-21,-7,bMIwDUg6c3CxYfCzrJhI2aOZ/gY=,ymkrF4mXtsfsmXWVsrWHtg+k28c=
-19,-6,bMIwDUg6c3CxYfCzrJhI2aOZ/gY=,tUT1EihigFWUOABtmT/pATkGFQI=
-17,-7,bMIwDUg6c3CxYfCzrJhI2aOZ/gY=,tUT1EihigFWUOABtmT/pATkGFQI=
-20,-7,bMIwDUg6c3CxYfCzrJhI2aOZ/gY=,tUT1EihigFWUOABtmT/pATkGFQI=
-21,-9,bMIwDUg6c3CxYfCzrJhI2aOZ/gY=,nr6C9rB8X/EMdhK/y2CRorB2lfs=
-17,-16,bMIwDUg6c3CxYfCzrJhI2aOZ/gY=,7WFqIl4KuISZ5b8VZg+r4TU5S0c=
-19,-8,bMIwDUg6c3CxYfCzrJhI2aOZ/gY=,tUT1EihigFWUOABtmT/pATkGFQI=
-18,-8,bMIwDUg6c3CxYfCzrJhI2aOZ/gY=,tUT1EihigFWUOABtmT/pATkGFQI=
-18,-9,bMIwDUg6c3CxYfCzrJhI2aOZ/gY=,Tt7dGDq4StAtITcrzPARJzpnBB4=
-18,-7,bMIwDUg6c3CxYfCzrJhI2aOZ/gY=,tUT1EihigFWUOABtmT/pATkGFQI=
-21,-8,bMIwDUg6c3CxYfCzrJhI2aOZ/gY=,ymkrF4mXtsfsmXWVsrWHtg+k28c=
-19,-9,bMIwDUg6c3CxYfCzrJhI2aOZ/gY=,Tt7dGDq4StAtITcrzPARJzpnBB4=
-32,-3,bMIwDUg6c3CxYfCzrJhI2aOZ/gY=,ZpnYTgGIr0UBzaTxiWS4q/FP9ws=
-32,-5,bMIwDUg6c3CxYfCzrJhI2aOZ/gY=,cySfDRNVxTco5MITlLj/ASajDWs=
-32,-1,bMIwDUg6c3CxYfCzrJhI2aOZ/gY=,ZpnYTgGIr0UBzaTxiWS4q/FP9ws=
-32,-4,bMIwDUg6c3CxYfCzrJhI2aOZ/gY=,ZpnYTgGIr0UBzaTxiWS4q/FP9ws=
-32,-2,bMIwDUg6c3CxYfCzrJhI2aOZ/gY=,ZpnYTgGIr0UBzaTxiWS4q/FP9ws=
-20,-5,bMIwDUg6c3CxYfCzrJhI2aOZ/gY=,tUT1EihigFWUOABtmT/pATkGFQI=
-20,-2,bMIwDUg6c3CxYfCzrJhI2aOZ/gY=,ZMN8TnJOorI8SnzYRmcPVRGDzZA=
-21,-1,bMIwDUg6c3CxYfCzrJhI2aOZ/gY=,DpbKBlRLgX3s/Q/1qL8gMStzPyA=
-18,-4,bMIwDUg6c3CxYfCzrJhI2aOZ/gY=,ZMN8TnJOorI8SnzYRmcPVRGDzZA=
-21,-2,bMIwDUg6c3CxYfCzrJhI2aOZ/gY=,DpbKBlRLgX3s/Q/1qL8gMStzPyA=
-18,-1,bMIwDUg6c3CxYfCzrJhI2aOZ/gY=,ZMN8TnJOorI8SnzYRmcPVRGDzZA=
-17,-1,bMIwDUg6c3CxYfCzrJhI2aOZ/gY=,ZMN8TnJOorI8SnzYRmcPVRGDzZA=
-32,-16,bMIwDUg6c3CxYfCzrJhI2aOZ/gY=,0f30sda7TLzL0B6yDvFAgDY0F4Y=
-17,-3,bMIwDUg6c3CxYfCzrJhI2aOZ/gY=,ZMN8TnJOorI8SnzYRmcPVRGDzZA=
-21,-4,bMIwDUg6c3CxYfCzrJhI2aOZ/gY=,DpbKBlRLgX3s/Q/1qL8gMStzPyA=
-19,-3,bMIwDUg6c3CxYfCzrJhI2aOZ/gY=,ZMN8TnJOorI8SnzYRmcPVRGDzZA=
-19,-5,bMIwDUg6c3CxYfCzrJhI2aOZ/gY=,tUT1EihigFWUOABtmT/pATkGFQI=
-17,-5,bMIwDUg6c3CxYfCzrJhI2aOZ/gY=,tUT1EihigFWUOABtmT/pATkGFQI=
-18,-3,bMIwDUg6c3CxYfCzrJhI2aOZ/gY=,ZMN8TnJOorI8SnzYRmcPVRGDzZA=
-21,-3,bMIwDUg6c3CxYfCzrJhI2aOZ/gY=,DpbKBlRLgX3s/Q/1qL8gMStzPyA=
-20,-3,bMIwDUg6c3CxYfCzrJhI2aOZ/gY=,ZMN8TnJOorI8SnzYRmcPVRGDzZA=
-19,-2,bMIwDUg6c3CxYfCzrJhI2aOZ/gY=,ZMN8TnJOorI8SnzYRmcPVRGDzZA=
-19,-1,bMIwDUg6c3CxYfCzrJhI2aOZ/gY=,ZMN8TnJOorI8SnzYRmcPVRGDzZA=
-20,-4,bMIwDUg6c3CxYfCzrJhI2aOZ/gY=,ZMN8TnJOorI8SnzYRmcPVRGDzZA=
-21,-5,bMIwDUg6c3CxYfCzrJhI2aOZ/gY=,ymkrF4mXtsfsmXWVsrWHtg+k28c=
-18,-5,bMIwDUg6c3CxYfCzrJhI2aOZ/gY=,tUT1EihigFWUOABtmT/pATkGFQI=
-20,-1,bMIwDUg6c3CxYfCzrJhI2aOZ/gY=,ZMN8TnJOorI8SnzYRmcPVRGDzZA=
-19,-4,bMIwDUg6c3CxYfCzrJhI2aOZ/gY=,ZMN8TnJOorI8SnzYRmcPVRGDzZA=
-17,-4,bMIwDUg6c3CxYfCzrJhI2aOZ/gY=,ZMN8TnJOorI8SnzYRmcPVRGDzZA=
-17,-2,bMIwDUg6c3CxYfCzrJhI2aOZ/gY=,ZMN8TnJOorI8SnzYRmcPVRGDzZA=
-18,-2,bMIwDUg6c3CxYfCzrJhI2aOZ/gY=,ZMN8TnJOorI8SnzYRmcPVRGDzZA=
