-19,101,2n9J5RWSNjZ5LJjsf113zTBOxUU=,ueW6mJ/S0GlDiUzhu6kcpcZhwTk=
-17,102,2n9J5RWSNjZ5LJjsf113zTBOxUU=,ueW6mJ/S0GlDiUzhu6kcpcZhwTk=
-17,101,2n9J5RWSNjZ5LJjsf113zTBOxUU=,ueW6mJ/S0GlDiUzhu6kcpcZhwTk=
-18,101,2n9J5RWSNjZ5LJjsf113zTBOxUU=,ueW6mJ/S0GlDiUzhu6kcpcZhwTk=
-18,102,2n9J5RWSNjZ5LJjsf113zTBOxUU=,ueW6mJ/S0GlDiUzhu6kcpcZhwTk=
-20,102,2n9J5RWSNjZ5LJjsf113zTBOxUU=,ueW6mJ/S0GlDiUzhu6kcpcZhwTk=
-19,102,2n9J5RWSNjZ5LJjsf113zTBOxUU=,ueW6mJ/S0GlDiUzhu6kcpcZhwTk=
-20,101,2n9J5RWSNjZ5LJjsf113zTBOxUU=,ueW6mJ/S0GlDiUzhu6kcpcZhwTk=
-19,103,2n9J5RWSNjZ5LJjsf113zTBOxUU=,ueW6mJ/S0GlDiUzhu6kcpcZhwTk=
-23,99,2n9J5RWSNjZ5LJjsf113zTBOxUU=,gFBaab3Ls4aJwxhZSGph89IdluA=
-18,103,2n9J5RWSNjZ5LJjsf113zTBOxUU=,ueW6mJ/S0GlDiUzhu6kcpcZhwTk=
-22,99,2n9J5RWSNjZ5LJjsf113zTBOxUU=,gFBaab3Ls4aJwxhZSGph89IdluA=
-23,96,2n9J5RWSNjZ5LJjsf113zTBOxUU=,gFBaab3Ls4aJwxhZSGph89IdluA=
-23,98,2n9J5RWSNjZ5LJjsf113zTBOxUU=,gFBaab3Ls4aJwxhZSGph89IdluA=
-22,96,2n9J5RWSNjZ5LJjsf113zTBOxUU=,gFBaab3Ls4aJwxhZSGph89IdluA=
-22,98,2n9J5RWSNjZ5LJjsf113zTBOxUU=,gFBaab3Ls4aJwxhZSGph89IdluA=
-22,97,2n9J5RWSNjZ5LJjsf113zTBOxUU=,gFBaab3Ls4aJwxhZSGph89IdluA=
-23,97,2n9J5RWSNjZ5LJjsf113zTBOxUU=,gFBaab3Ls4aJwxhZSGph89IdluA=
-24,97,2n9J5RWSNjZ5LJjsf113zTBOxUU=,gFBaab3Ls4aJwxhZSGph89IdluA=
-24,98,2n9J5RWSNjZ5LJjsf113zTBOxUU=,gFBaab3Ls4aJwxhZSGph89IdluA=
-17,103,2n9J5RWSNjZ5LJjsf113zTBOxUU=,ueW6mJ/S0GlDiUzhu6kcpcZhwTk=
-20,103,2n9J5RWSNjZ5LJjsf113zTBOxUU=,ueW6mJ/S0GlDiUzhu6kcpcZhwTk=
-24,99,2n9J5RWSNjZ5LJjsf113zTBOxUU=,gFBaab3Ls4aJwxhZSGph89IdluA=
-24,96,2n9J5RWSNjZ5LJjsf113zTBOxUU=,gFBaab3Ls4aJwxhZSGph89IdluA=
-21,97,+lmX7I6F7RfESThuKT5sojQItAU=,gFBaab3Ls4aJwxhZSGph89IdluA=
-17,100,+lmX7I6F7RfESThuKT5sojQItAU=,ueW6mJ/S0GlDiUzhu6kcpcZhwTk=
-21,99,+lmX7I6F7RfESThuKT5sojQItAU=,gFBaab3Ls4aJwxhZSGph89IdluA=
-21,96,+lmX7I6F7RfESThuKT5sojQItAU=,gFBaab3Ls4aJwxhZSGph89IdluA=
-18,100,+lmX7I6F7RfESThuKT5sojQItAU=,ueW6mJ/S0GlDiUzhu6kcpcZhwTk=
-18,99,+lmX7I6F7RfESThuKT5sojQItAU=,pIQCUQZNHxpzcted6bSbCizjbAU=
-19,99,+lmX7I6F7RfESThuKT5sojQItAU=,pIQCUQZNHxpzcted6bSbCizjbAU=
-19,100,+lmX7I6F7RfESThuKT5sojQItAU=,ueW6mJ/S0GlDiUzhu6kcpcZhwTk=
-20,99,+lmX7I6F7RfESThuKT5sojQItAU=,pIQCUQZNHxpzcted6bSbCizjbAU=
-20,100,+lmX7I6F7RfESThuKT5sojQItAU=,ueW6mJ/S0GlDiUzhu6kcpcZhwTk=
-20,98,+lmX7I6F7RfESThuKT5sojQItAU=,pIQCUQZNHxpzcted6bSbCizjbAU=
-20,97,+lmX7I6F7RfESThuKT5sojQItAU=,pIQCUQZNHxpzcted6bSbCizjbAU=
-21,98,+lmX7I6F7RfESThuKT5sojQItAU=,gFBaab3Ls4aJwxhZSGph89IdluA=
-17,99,+lmX7I6F7RfESThuKT5sojQItAU=,pIQCUQZNHxpzcted6bSbCizjbAU=
-19,97,+lmX7I6F7RfESThuKT5sojQItAU=,pIQCUQZNHxpzcted6bSbCizjbAU=
-18,97,+lmX7I6F7RfESThuKT5sojQItAU=,pIQCUQZNHxpzcted6bSbCizjbAU=
-19,98,+lmX7I6F7RfESThuKT5sojQItAU=,pIQCUQZNHxpzcted6bSbCizjbAU=
-18,96,+lmX7I6F7RfESThuKT5sojQItAU=,pIQCUQZNHxpzcted6bSbCizjbAU=
-20,96,+lmX7I6F7RfESThuKT5sojQItAU=,pIQCUQZNHxpzcted6bSbCizjbAU=
-19,96,+lmX7I6F7RfESThuKT5sojQItAU=,pIQCUQZNHxpzcted6bSbCizjbAU=
-17,96,+lmX7I6F7RfESThuKT5sojQItAU=,pIQCUQZNHxpzcted6bSbCizjbAU=
-18,98,+lmX7I6F7RfESThuKT5sojQItAU=,pIQCUQZNHxpzcted6bSbCizjbAU=
-17,97,+lmX7I6F7RfESThuKT5sojQItAU=,pIQCUQZNHxpzcted6bSbCizjbAU=
-17,98,+lmX7I6F7RfESThuKT5sojQItAU=,pIQCUQZNHxpzcted6bSbCizjbAU=
-3,105,Nyu5Mcu0dsHC5PHooK+QCAxkRT4=,wJ2D4HEjpYsJ00jD5KiPyC1uaLw=
-2,105,Nyu5Mcu0dsHC5PHooK+QCAxkRT4=,wJ2D4HEjpYsJ00jD5KiPyC1uaLw=
-3,106,Nyu5Mcu0dsHC5PHooK+QCAxkRT4=,wJ2D4HEjpYsJ00jD5KiPyC1uaLw=
-2,106,Nyu5Mcu0dsHC5PHooK+QCAxkRT4=,wJ2D4HEjpYsJ00jD5KiPyC1uaLw=
-3,109,Nyu5Mcu0dsHC5PHooK+QCAxkRT4=,PSQ2nNYvckCCWqZXdsS3wc1KZzk=
-3,108,Nyu5Mcu0dsHC5PHooK+QCAxkRT4=,PSQ2nNYvckCCWqZXdsS3wc1KZzk=
-3,110,Nyu5Mcu0dsHC5PHooK+QCAxkRT4=,PSQ2nNYvckCCWqZXdsS3wc1KZzk=
-3,107,Nyu5Mcu0dsHC5PHooK+QCAxkRT4=,wJ2D4HEjpYsJ00jD5KiPyC1uaLw=
-2,107,Nyu5Mcu0dsHC5PHooK+QCAxkRT4=,wJ2D4HEjpYsJ00jD5KiPyC1uaLw=
-4,109,Nyu5Mcu0dsHC5PHooK+QCAxkRT4=,PSQ2nNYvckCCWqZXdsS3wc1KZzk=
-2,110,Nyu5Mcu0dsHC5PHooK+QCAxkRT4=,PSQ2nNYvckCCWqZXdsS3wc1KZzk=
-2,109,Nyu5Mcu0dsHC5PHooK+QCAxkRT4=,PSQ2nNYvckCCWqZXdsS3wc1KZzk=
-2,108,Nyu5Mcu0dsHC5PHooK+QCAxkRT4=,PSQ2nNYvckCCWqZXdsS3wc1KZzk=
-7,109,Nyu5Mcu0dsHC5PHooK+QCAxkRT4=,6NM7/4/8OH3vYi4a9gTiVsmIL6k=
-4,110,Nyu5Mcu0dsHC5PHooK+QCAxkRT4=,PSQ2nNYvckCCWqZXdsS3wc1KZzk=
-5,110,Nyu5Mcu0dsHC5PHooK+QCAxkRT4=,6NM7/4/8OH3vYi4a9gTiVsmIL6k=
-7,110,Nyu5Mcu0dsHC5PHooK+QCAxkRT4=,6NM7/4/8OH3vYi4a9gTiVsmIL6k=
-6,110,Nyu5Mcu0dsHC5PHooK+QCAxkRT4=,6NM7/4/8OH3vYi4a9gTiVsmIL6k=
-5,109,Nyu5Mcu0dsHC5PHooK+QCAxkRT4=,6NM7/4/8OH3vYi4a9gTiVsmIL6k=
-6,109,Nyu5Mcu0dsHC5PHooK+QCAxkRT4=,6NM7/4/8OH3vYi4a9gTiVsmIL6k=
-4,105,Nyu5Mcu0dsHC5PHooK+QCAxkRT4=,wJ2D4HEjpYsJ00jD5KiPyC1uaLw=
-4,108,Nyu5Mcu0dsHC5PHooK+QCAxkRT4=,PSQ2nNYvckCCWqZXdsS3wc1KZzk=
-5,106,Nyu5Mcu0dsHC5PHooK+QCAxkRT4=,qA7OuosQTpW2/fpAJwxNkKHpnWg=
-7,106,Nyu5Mcu0dsHC5PHooK+QCAxkRT4=,qA7OuosQTpW2/fpAJwxNkKHpnWg=
-6,108,Nyu5Mcu0dsHC5PHooK+QCAxkRT4=,6NM7/4/8OH3vYi4a9gTiVsmIL6k=
-6,106,Nyu5Mcu0dsHC5PHooK+QCAxkRT4=,qA7OuosQTpW2/fpAJwxNkKHpnWg=
-7,105,Nyu5Mcu0dsHC5PHooK+QCAxkRT4=,qA7OuosQTpW2/fpAJwxNkKHpnWg=
-6,105,Nyu5Mcu0dsHC5PHooK+QCAxkRT4=,qA7OuosQTpW2/fpAJwxNkKHpnWg=
-7,107,Nyu5Mcu0dsHC5PHooK+QCAxkRT4=,qA7OuosQTpW2/fpAJwxNkKHpnWg=
-5,105,Nyu5Mcu0dsHC5PHooK+QCAxkRT4=,qA7OuosQTpW2/fpAJwxNkKHpnWg=
-4,107,Nyu5Mcu0dsHC5PHooK+QCAxkRT4=,wJ2D4HEjpYsJ00jD5KiPyC1uaLw=
-5,107,Nyu5Mcu0dsHC5PHooK+QCAxkRT4=,qA7OuosQTpW2/fpAJwxNkKHpnWg=
-7,108,Nyu5Mcu0dsHC5PHooK+QCAxkRT4=,6NM7/4/8OH3vYi4a9gTiVsmIL6k=
-4,106,Nyu5Mcu0dsHC5PHooK+QCAxkRT4=,wJ2D4HEjpYsJ00jD5KiPyC1uaLw=
-6,107,Nyu5Mcu0dsHC5PHooK+QCAxkRT4=,qA7OuosQTpW2/fpAJwxNkKHpnWg=
-5,108,Nyu5Mcu0dsHC5PHooK+QCAxkRT4=,6NM7/4/8OH3vYi4a9gTiVsmIL6k=
-11,105,Nyu5Mcu0dsHC5PHooK+QCAxkRT4=,GqU+EC7PIZU/iCmkHWfBzDhmAHg=
-11,106,Nyu5Mcu0dsHC5PHooK+QCAxkRT4=,GqU+EC7PIZU/iCmkHWfBzDhmAHg=
-10,105,Nyu5Mcu0dsHC5PHooK+QCAxkRT4=,GqU+EC7PIZU/iCmkHWfBzDhmAHg=
-8,106,Nyu5Mcu0dsHC5PHooK+QCAxkRT4=,qA7OuosQTpW2/fpAJwxNkKHpnWg=
-8,105,Nyu5Mcu0dsHC5PHooK+QCAxkRT4=,qA7OuosQTpW2/fpAJwxNkKHpnWg=
-9,106,Nyu5Mcu0dsHC5PHooK+QCAxkRT4=,GqU+EC7PIZU/iCmkHWfBzDhmAHg=
-9,105,Nyu5Mcu0dsHC5PHooK+QCAxkRT4=,GqU+EC7PIZU/iCmkHWfBzDhmAHg=
-10,106,Nyu5Mcu0dsHC5PHooK+QCAxkRT4=,GqU+EC7PIZU/iCmkHWfBzDhmAHg=
-11,110,Nyu5Mcu0dsHC5PHooK+QCAxkRT4=,L45Zazfdwrd/x/fjr2D1eqzpf+o=
-11,109,Nyu5Mcu0dsHC5PHooK+QCAxkRT4=,L45Zazfdwrd/x/fjr2D1eqzpf+o=
-10,110,Nyu5Mcu0dsHC5PHooK+QCAxkRT4=,L45Zazfdwrd/x/fjr2D1eqzpf+o=
-10,109,Nyu5Mcu0dsHC5PHooK+QCAxkRT4=,L45Zazfdwrd/x/fjr2D1eqzpf+o=
-11,107,Nyu5Mcu0dsHC5PHooK+QCAxkRT4=,GqU+EC7PIZU/iCmkHWfBzDhmAHg=
-11,108,Nyu5Mcu0dsHC5PHooK+QCAxkRT4=,L45Zazfdwrd/x/fjr2D1eqzpf+o=
-10,108,Nyu5Mcu0dsHC5PHooK+QCAxkRT4=,L45Zazfdwrd/x/fjr2D1eqzpf+o=
-8,107,Nyu5Mcu0dsHC5PHooK+QCAxkRT4=,qA7OuosQTpW2/fpAJwxNkKHpnWg=
-9,107,Nyu5Mcu0dsHC5PHooK+QCAxkRT4=,GqU+EC7PIZU/iCmkHWfBzDhmAHg=
-9,110,Nyu5Mcu0dsHC5PHooK+QCAxkRT4=,L45Zazfdwrd/x/fjr2D1eqzpf+o=
-8,109,Nyu5Mcu0dsHC5PHooK+QCAxkRT4=,6NM7/4/8OH3vYi4a9gTiVsmIL6k=
-9,109,Nyu5Mcu0dsHC5PHooK+QCAxkRT4=,L45Zazfdwrd/x/fjr2D1eqzpf+o=
-9,108,Nyu5Mcu0dsHC5PHooK+QCAxkRT4=,L45Zazfdwrd/x/fjr2D1eqzpf+o=
-8,110,Nyu5Mcu0dsHC5PHooK+QCAxkRT4=,6NM7/4/8OH3vYi4a9gTiVsmIL6k=
-8,108,Nyu5Mcu0dsHC5PHooK+QCAxkRT4=,6NM7/4/8OH3vYi4a9gTiVsmIL6k=
-10,107,Nyu5Mcu0dsHC5PHooK+QCAxkRT4=,GqU+EC7PIZU/iCmkHWfBzDhmAHg=
-11,103,vShfPyXfTpRJK0KZW4cvAgWb83I=,LyNcHemukrSkun8UC2l+BqigMM4=
-11,101,vShfPyXfTpRJK0KZW4cvAgWb83I=,LyNcHemukrSkun8UC2l+BqigMM4=
-12,101,vShfPyXfTpRJK0KZW4cvAgWb83I=,LyNcHemukrSkun8UC2l+BqigMM4=
-14,102,vShfPyXfTpRJK0KZW4cvAgWb83I=,wtjoPETgnt11YFZHyZh9lA6NaOs=
-15,102,vShfPyXfTpRJK0KZW4cvAgWb83I=,wtjoPETgnt11YFZHyZh9lA6NaOs=
-14,101,vShfPyXfTpRJK0KZW4cvAgWb83I=,wtjoPETgnt11YFZHyZh9lA6NaOs=
-15,101,vShfPyXfTpRJK0KZW4cvAgWb83I=,wtjoPETgnt11YFZHyZh9lA6NaOs=
-11,104,vShfPyXfTpRJK0KZW4cvAgWb83I=,GqU+EC7PIZU/iCmkHWfBzDhmAHg=
-10,103,vShfPyXfTpRJK0KZW4cvAgWb83I=,LyNcHemukrSkun8UC2l+BqigMM4=
-10,104,vShfPyXfTpRJK0KZW4cvAgWb83I=,GqU+EC7PIZU/iCmkHWfBzDhmAHg=
-13,102,vShfPyXfTpRJK0KZW4cvAgWb83I=,wtjoPETgnt11YFZHyZh9lA6NaOs=
-13,101,vShfPyXfTpRJK0KZW4cvAgWb83I=,wtjoPETgnt11YFZHyZh9lA6NaOs=
-12,102,vShfPyXfTpRJK0KZW4cvAgWb83I=,LyNcHemukrSkun8UC2l+BqigMM4=
-10,102,vShfPyXfTpRJK0KZW4cvAgWb83I=,LyNcHemukrSkun8UC2l+BqigMM4=
-11,102,vShfPyXfTpRJK0KZW4cvAgWb83I=,LyNcHemukrSkun8UC2l+BqigMM4=
-10,101,vShfPyXfTpRJK0KZW4cvAgWb83I=,LyNcHemukrSkun8UC2l+BqigMM4=
-10,100,vShfPyXfTpRJK0KZW4cvAgWb83I=,LyNcHemukrSkun8UC2l+BqigMM4=
-10,98,vShfPyXfTpRJK0KZW4cvAgWb83I=,VfYUXKAA+bZaxrpLAvfa5TXR/Ac=
-11,100,vShfPyXfTpRJK0KZW4cvAgWb83I=,LyNcHemukrSkun8UC2l+BqigMM4=
-11,99,vShfPyXfTpRJK0KZW4cvAgWb83I=,VfYUXKAA+bZaxrpLAvfa5TXR/Ac=
-11,97,vShfPyXfTpRJK0KZW4cvAgWb83I=,VfYUXKAA+bZaxrpLAvfa5TXR/Ac=
-10,99,vShfPyXfTpRJK0KZW4cvAgWb83I=,VfYUXKAA+bZaxrpLAvfa5TXR/Ac=
-11,98,vShfPyXfTpRJK0KZW4cvAgWb83I=,VfYUXKAA+bZaxrpLAvfa5TXR/Ac=
-10,97,vShfPyXfTpRJK0KZW4cvAgWb83I=,VfYUXKAA+bZaxrpLAvfa5TXR/Ac=
-3,103,vShfPyXfTpRJK0KZW4cvAgWb83I=,60mfF7JhAu7Nd5DcC/CldxWr62Y=
-2,103,vShfPyXfTpRJK0KZW4cvAgWb83I=,60mfF7JhAu7Nd5DcC/CldxWr62Y=
-3,101,vShfPyXfTpRJK0KZW4cvAgWb83I=,60mfF7JhAu7Nd5DcC/CldxWr62Y=
-2,101,vShfPyXfTpRJK0KZW4cvAgWb83I=,60mfF7JhAu7Nd5DcC/CldxWr62Y=
-3,104,vShfPyXfTpRJK0KZW4cvAgWb83I=,wJ2D4HEjpYsJ00jD5KiPyC1uaLw=
-2,104,vShfPyXfTpRJK0KZW4cvAgWb83I=,wJ2D4HEjpYsJ00jD5KiPyC1uaLw=
-3,102,vShfPyXfTpRJK0KZW4cvAgWb83I=,60mfF7JhAu7Nd5DcC/CldxWr62Y=
-2,102,vShfPyXfTpRJK0KZW4cvAgWb83I=,60mfF7JhAu7Nd5DcC/CldxWr62Y=
-15,97,vShfPyXfTpRJK0KZW4cvAgWb83I=,gzresWDIoWeBZRe2LBwfiDr9PPM=
-12,99,vShfPyXfTpRJK0KZW4cvAgWb83I=,VfYUXKAA+bZaxrpLAvfa5TXR/Ac=
-14,97,vShfPyXfTpRJK0KZW4cvAgWb83I=,gzresWDIoWeBZRe2LBwfiDr9PPM=
-15,100,vShfPyXfTpRJK0KZW4cvAgWb83I=,wtjoPETgnt11YFZHyZh9lA6NaOs=
-15,98,vShfPyXfTpRJK0KZW4cvAgWb83I=,gzresWDIoWeBZRe2LBwfiDr9PPM=
-13,98,vShfPyXfTpRJK0KZW4cvAgWb83I=,gzresWDIoWeBZRe2LBwfiDr9PPM=
-12,98,vShfPyXfTpRJK0KZW4cvAgWb83I=,VfYUXKAA+bZaxrpLAvfa5TXR/Ac=
-14,99,vShfPyXfTpRJK0KZW4cvAgWb83I=,gzresWDIoWeBZRe2LBwfiDr9PPM=
-13,99,vShfPyXfTpRJK0KZW4cvAgWb83I=,gzresWDIoWeBZRe2LBwfiDr9PPM=
-13,100,vShfPyXfTpRJK0KZW4cvAgWb83I=,wtjoPETgnt11YFZHyZh9lA6NaOs=
-15,99,vShfPyXfTpRJK0KZW4cvAgWb83I=,gzresWDIoWeBZRe2LBwfiDr9PPM=
-14,98,vShfPyXfTpRJK0KZW4cvAgWb83I=,gzresWDIoWeBZRe2LBwfiDr9PPM=
-12,100,vShfPyXfTpRJK0KZW4cvAgWb83I=,LyNcHemukrSkun8UC2l+BqigMM4=
-12,97,vShfPyXfTpRJK0KZW4cvAgWb83I=,VfYUXKAA+bZaxrpLAvfa5TXR/Ac=
-14,100,vShfPyXfTpRJK0KZW4cvAgWb83I=,wtjoPETgnt11YFZHyZh9lA6NaOs=
-13,97,vShfPyXfTpRJK0KZW4cvAgWb83I=,gzresWDIoWeBZRe2LBwfiDr9PPM=
-3,99,vShfPyXfTpRJK0KZW4cvAgWb83I=,XldD4dsnZj7HanLGjc9iP901Nss=
-3,96,vShfPyXfTpRJK0KZW4cvAgWb83I=,XldD4dsnZj7HanLGjc9iP901Nss=
-11,96,vShfPyXfTpRJK0KZW4cvAgWb83I=,VfYUXKAA+bZaxrpLAvfa5TXR/Ac=
-2,96,vShfPyXfTpRJK0KZW4cvAgWb83I=,XldD4dsnZj7HanLGjc9iP901Nss=
-3,100,vShfPyXfTpRJK0KZW4cvAgWb83I=,60mfF7JhAu7Nd5DcC/CldxWr62Y=
-2,100,vShfPyXfTpRJK0KZW4cvAgWb83I=,60mfF7JhAu7Nd5DcC/CldxWr62Y=
-3,97,vShfPyXfTpRJK0KZW4cvAgWb83I=,XldD4dsnZj7HanLGjc9iP901Nss=
-2,97,vShfPyXfTpRJK0KZW4cvAgWb83I=,XldD4dsnZj7HanLGjc9iP901Nss=
-1,98,vShfPyXfTpRJK0KZW4cvAgWb83I=,XldD4dsnZj7HanLGjc9iP901Nss=
-2,98,vShfPyXfTpRJK0KZW4cvAgWb83I=,XldD4dsnZj7HanLGjc9iP901Nss=
-1,97,vShfPyXfTpRJK0KZW4cvAgWb83I=,XldD4dsnZj7HanLGjc9iP901Nss=
-3,98,vShfPyXfTpRJK0KZW4cvAgWb83I=,XldD4dsnZj7HanLGjc9iP901Nss=
-2,99,vShfPyXfTpRJK0KZW4cvAgWb83I=,XldD4dsnZj7HanLGjc9iP901Nss=
-10,96,vShfPyXfTpRJK0KZW4cvAgWb83I=,VfYUXKAA+bZaxrpLAvfa5TXR/Ac=
-1,101,vShfPyXfTpRJK0KZW4cvAgWb83I=,60mfF7JhAu7Nd5DcC/CldxWr62Y=
-1,99,vShfPyXfTpRJK0KZW4cvAgWb83I=,XldD4dsnZj7HanLGjc9iP901Nss=
-1,100,vShfPyXfTpRJK0KZW4cvAgWb83I=,60mfF7JhAu7Nd5DcC/CldxWr62Y=
-1,102,vShfPyXfTpRJK0KZW4cvAgWb83I=,60mfF7JhAu7Nd5DcC/CldxWr62Y=
-1,105,vShfPyXfTpRJK0KZW4cvAgWb83I=,wJ2D4HEjpYsJ00jD5KiPyC1uaLw=
-1,103,vShfPyXfTpRJK0KZW4cvAgWb83I=,60mfF7JhAu7Nd5DcC/CldxWr62Y=
-1,104,vShfPyXfTpRJK0KZW4cvAgWb83I=,wJ2D4HEjpYsJ00jD5KiPyC1uaLw=
-1,109,vShfPyXfTpRJK0KZW4cvAgWb83I=,PSQ2nNYvckCCWqZXdsS3wc1KZzk=
-1,107,vShfPyXfTpRJK0KZW4cvAgWb83I=,wJ2D4HEjpYsJ00jD5KiPyC1uaLw=
-1,106,vShfPyXfTpRJK0KZW4cvAgWb83I=,wJ2D4HEjpYsJ00jD5KiPyC1uaLw=
-1,110,vShfPyXfTpRJK0KZW4cvAgWb83I=,PSQ2nNYvckCCWqZXdsS3wc1KZzk=
-9,97,vShfPyXfTpRJK0KZW4cvAgWb83I=,VfYUXKAA+bZaxrpLAvfa5TXR/Ac=
-5,98,vShfPyXfTpRJK0KZW4cvAgWb83I=,hi+W1izugVoqceC4QoKJJnuE+lA=
-9,98,vShfPyXfTpRJK0KZW4cvAgWb83I=,VfYUXKAA+bZaxrpLAvfa5TXR/Ac=
-1,108,vShfPyXfTpRJK0KZW4cvAgWb83I=,PSQ2nNYvckCCWqZXdsS3wc1KZzk=
-9,96,vShfPyXfTpRJK0KZW4cvAgWb83I=,VfYUXKAA+bZaxrpLAvfa5TXR/Ac=
-4,98,vShfPyXfTpRJK0KZW4cvAgWb83I=,XldD4dsnZj7HanLGjc9iP901Nss=
-8,97,vShfPyXfTpRJK0KZW4cvAgWb83I=,hi+W1izugVoqceC4QoKJJnuE+lA=
-5,96,vShfPyXfTpRJK0KZW4cvAgWb83I=,hi+W1izugVoqceC4QoKJJnuE+lA=
-4,97,vShfPyXfTpRJK0KZW4cvAgWb83I=,XldD4dsnZj7HanLGjc9iP901Nss=
-7,98,vShfPyXfTpRJK0KZW4cvAgWb83I=,hi+W1izugVoqceC4QoKJJnuE+lA=
-8,98,vShfPyXfTpRJK0KZW4cvAgWb83I=,hi+W1izugVoqceC4QoKJJnuE+lA=
-8,96,vShfPyXfTpRJK0KZW4cvAgWb83I=,hi+W1izugVoqceC4QoKJJnuE+lA=
-7,96,vShfPyXfTpRJK0KZW4cvAgWb83I=,hi+W1izugVoqceC4QoKJJnuE+lA=
-6,96,vShfPyXfTpRJK0KZW4cvAgWb83I=,hi+W1izugVoqceC4QoKJJnuE+lA=
-6,97,vShfPyXfTpRJK0KZW4cvAgWb83I=,hi+W1izugVoqceC4QoKJJnuE+lA=
-7,97,vShfPyXfTpRJK0KZW4cvAgWb83I=,hi+W1izugVoqceC4QoKJJnuE+lA=
-4,96,vShfPyXfTpRJK0KZW4cvAgWb83I=,XldD4dsnZj7HanLGjc9iP901Nss=
-5,97,vShfPyXfTpRJK0KZW4cvAgWb83I=,hi+W1izugVoqceC4QoKJJnuE+lA=
-4,102,vShfPyXfTpRJK0KZW4cvAgWb83I=,60mfF7JhAu7Nd5DcC/CldxWr62Y=
-3,111,vShfPyXfTpRJK0KZW4cvAgWb83I=,PSQ2nNYvckCCWqZXdsS3wc1KZzk=
-8,99,vShfPyXfTpRJK0KZW4cvAgWb83I=,hi+W1izugVoqceC4QoKJJnuE+lA=
-2,111,vShfPyXfTpRJK0KZW4cvAgWb83I=,PSQ2nNYvckCCWqZXdsS3wc1KZzk=
-7,102,vShfPyXfTpRJK0KZW4cvAgWb83I=,lCWtVdsdnMAjhjn0SFyKyI6YDpU=
-6,102,vShfPyXfTpRJK0KZW4cvAgWb83I=,lCWtVdsdnMAjhjn0SFyKyI6YDpU=
-5,102,vShfPyXfTpRJK0KZW4cvAgWb83I=,lCWtVdsdnMAjhjn0SFyKyI6YDpU=
-5,101,vShfPyXfTpRJK0KZW4cvAgWb83I=,lCWtVdsdnMAjhjn0SFyKyI6YDpU=
-9,104,vShfPyXfTpRJK0KZW4cvAgWb83I=,GqU+EC7PIZU/iCmkHWfBzDhmAHg=
-8,102,vShfPyXfTpRJK0KZW4cvAgWb83I=,lCWtVdsdnMAjhjn0SFyKyI6YDpU=
-6,101,vShfPyXfTpRJK0KZW4cvAgWb83I=,lCWtVdsdnMAjhjn0SFyKyI6YDpU=
-4,100,vShfPyXfTpRJK0KZW4cvAgWb83I=,60mfF7JhAu7Nd5DcC/CldxWr62Y=
-9,101,vShfPyXfTpRJK0KZW4cvAgWb83I=,LyNcHemukrSkun8UC2l+BqigMM4=
-4,104,vShfPyXfTpRJK0KZW4cvAgWb83I=,wJ2D4HEjpYsJ00jD5KiPyC1uaLw=
-6,98,vShfPyXfTpRJK0KZW4cvAgWb83I=,hi+W1izugVoqceC4QoKJJnuE+lA=
-4,101,vShfPyXfTpRJK0KZW4cvAgWb83I=,60mfF7JhAu7Nd5DcC/CldxWr62Y=
-9,102,vShfPyXfTpRJK0KZW4cvAgWb83I=,LyNcHemukrSkun8UC2l+BqigMM4=
-5,100,vShfPyXfTpRJK0KZW4cvAgWb83I=,lCWtVdsdnMAjhjn0SFyKyI6YDpU=
-8,101,vShfPyXfTpRJK0KZW4cvAgWb83I=,lCWtVdsdnMAjhjn0SFyKyI6YDpU=
-7,99,vShfPyXfTpRJK0KZW4cvAgWb83I=,hi+W1izugVoqceC4QoKJJnuE+lA=
-7,101,vShfPyXfTpRJK0KZW4cvAgWb83I=,lCWtVdsdnMAjhjn0SFyKyI6YDpU=
-8,103,vShfPyXfTpRJK0KZW4cvAgWb83I=,lCWtVdsdnMAjhjn0SFyKyI6YDpU=
-5,103,vShfPyXfTpRJK0KZW4cvAgWb83I=,lCWtVdsdnMAjhjn0SFyKyI6YDpU=
-6,100,vShfPyXfTpRJK0KZW4cvAgWb83I=,lCWtVdsdnMAjhjn0SFyKyI6YDpU=
-9,103,vShfPyXfTpRJK0KZW4cvAgWb83I=,LyNcHemukrSkun8UC2l+BqigMM4=
-6,103,vShfPyXfTpRJK0KZW4cvAgWb83I=,lCWtVdsdnMAjhjn0SFyKyI6YDpU=
-9,100,vShfPyXfTpRJK0KZW4cvAgWb83I=,LyNcHemukrSkun8UC2l+BqigMM4=
-4,103,vShfPyXfTpRJK0KZW4cvAgWb83I=,60mfF7JhAu7Nd5DcC/CldxWr62Y=
-8,100,vShfPyXfTpRJK0KZW4cvAgWb83I=,lCWtVdsdnMAjhjn0SFyKyI6YDpU=
-7,100,vShfPyXfTpRJK0KZW4cvAgWb83I=,lCWtVdsdnMAjhjn0SFyKyI6YDpU=
-5,104,vShfPyXfTpRJK0KZW4cvAgWb83I=,qA7OuosQTpW2/fpAJwxNkKHpnWg=
-4,99,vShfPyXfTpRJK0KZW4cvAgWb83I=,XldD4dsnZj7HanLGjc9iP901Nss=
-8,104,vShfPyXfTpRJK0KZW4cvAgWb83I=,qA7OuosQTpW2/fpAJwxNkKHpnWg=
-5,99,vShfPyXfTpRJK0KZW4cvAgWb83I=,hi+W1izugVoqceC4QoKJJnuE+lA=
-7,104,vShfPyXfTpRJK0KZW4cvAgWb83I=,qA7OuosQTpW2/fpAJwxNkKHpnWg=
-6,99,vShfPyXfTpRJK0KZW4cvAgWb83I=,hi+W1izugVoqceC4QoKJJnuE+lA=
-7,103,vShfPyXfTpRJK0KZW4cvAgWb83I=,lCWtVdsdnMAjhjn0SFyKyI6YDpU=
-9,99,vShfPyXfTpRJK0KZW4cvAgWb83I=,VfYUXKAA+bZaxrpLAvfa5TXR/Ac=
-6,104,vShfPyXfTpRJK0KZW4cvAgWb83I=,qA7OuosQTpW2/fpAJwxNkKHpnWg=
-7,111,vShfPyXfTpRJK0KZW4cvAgWb83I=,6NM7/4/8OH3vYi4a9gTiVsmIL6k=
-4,111,vShfPyXfTpRJK0KZW4cvAgWb83I=,PSQ2nNYvckCCWqZXdsS3wc1KZzk=
-5,111,vShfPyXfTpRJK0KZW4cvAgWb83I=,6NM7/4/8OH3vYi4a9gTiVsmIL6k=
-6,111,vShfPyXfTpRJK0KZW4cvAgWb83I=,6NM7/4/8OH3vYi4a9gTiVsmIL6k=
-11,111,vShfPyXfTpRJK0KZW4cvAgWb83I=,L45Zazfdwrd/x/fjr2D1eqzpf+o=
-10,111,vShfPyXfTpRJK0KZW4cvAgWb83I=,L45Zazfdwrd/x/fjr2D1eqzpf+o=
-9,111,vShfPyXfTpRJK0KZW4cvAgWb83I=,L45Zazfdwrd/x/fjr2D1eqzpf+o=
-8,111,vShfPyXfTpRJK0KZW4cvAgWb83I=,6NM7/4/8OH3vYi4a9gTiVsmIL6k=
-12,109,vShfPyXfTpRJK0KZW4cvAgWb83I=,L45Zazfdwrd/x/fjr2D1eqzpf+o=
-12,110,vShfPyXfTpRJK0KZW4cvAgWb83I=,L45Zazfdwrd/x/fjr2D1eqzpf+o=
-16,101,vShfPyXfTpRJK0KZW4cvAgWb83I=,wtjoPETgnt11YFZHyZh9lA6NaOs=
-16,102,vShfPyXfTpRJK0KZW4cvAgWb83I=,wtjoPETgnt11YFZHyZh9lA6NaOs=
-15,104,vShfPyXfTpRJK0KZW4cvAgWb83I=,H6b8X2G0Sz88t3O21dJnOLiCB6M=
-15,103,vShfPyXfTpRJK0KZW4cvAgWb83I=,wtjoPETgnt11YFZHyZh9lA6NaOs=
-16,103,vShfPyXfTpRJK0KZW4cvAgWb83I=,wtjoPETgnt11YFZHyZh9lA6NaOs=
-16,104,vShfPyXfTpRJK0KZW4cvAgWb83I=,H6b8X2G0Sz88t3O21dJnOLiCB6M=
-14,106,vShfPyXfTpRJK0KZW4cvAgWb83I=,H6b8X2G0Sz88t3O21dJnOLiCB6M=
-16,106,vShfPyXfTpRJK0KZW4cvAgWb83I=,H6b8X2G0Sz88t3O21dJnOLiCB6M=
-12,104,vShfPyXfTpRJK0KZW4cvAgWb83I=,GqU+EC7PIZU/iCmkHWfBzDhmAHg=
-13,105,vShfPyXfTpRJK0KZW4cvAgWb83I=,H6b8X2G0Sz88t3O21dJnOLiCB6M=
-14,104,vShfPyXfTpRJK0KZW4cvAgWb83I=,H6b8X2G0Sz88t3O21dJnOLiCB6M=
-14,107,vShfPyXfTpRJK0KZW4cvAgWb83I=,H6b8X2G0Sz88t3O21dJnOLiCB6M=
-14,105,vShfPyXfTpRJK0KZW4cvAgWb83I=,H6b8X2G0Sz88t3O21dJnOLiCB6M=
-12,106,vShfPyXfTpRJK0KZW4cvAgWb83I=,GqU+EC7PIZU/iCmkHWfBzDhmAHg=
-15,106,vShfPyXfTpRJK0KZW4cvAgWb83I=,H6b8X2G0Sz88t3O21dJnOLiCB6M=
-15,105,vShfPyXfTpRJK0KZW4cvAgWb83I=,H6b8X2G0Sz88t3O21dJnOLiCB6M=
-15,107,vShfPyXfTpRJK0KZW4cvAgWb83I=,H6b8X2G0Sz88t3O21dJnOLiCB6M=
-16,105,vShfPyXfTpRJK0KZW4cvAgWb83I=,H6b8X2G0Sz88t3O21dJnOLiCB6M=
-12,108,vShfPyXfTpRJK0KZW4cvAgWb83I=,L45Zazfdwrd/x/fjr2D1eqzpf+o=
-12,107,vShfPyXfTpRJK0KZW4cvAgWb83I=,GqU+EC7PIZU/iCmkHWfBzDhmAHg=
-14,103,vShfPyXfTpRJK0KZW4cvAgWb83I=,wtjoPETgnt11YFZHyZh9lA6NaOs=
-13,104,vShfPyXfTpRJK0KZW4cvAgWb83I=,H6b8X2G0Sz88t3O21dJnOLiCB6M=
-12,105,vShfPyXfTpRJK0KZW4cvAgWb83I=,GqU+EC7PIZU/iCmkHWfBzDhmAHg=
-13,106,vShfPyXfTpRJK0KZW4cvAgWb83I=,H6b8X2G0Sz88t3O21dJnOLiCB6M=
-13,103,vShfPyXfTpRJK0KZW4cvAgWb83I=,wtjoPETgnt11YFZHyZh9lA6NaOs=
-16,100,vShfPyXfTpRJK0KZW4cvAgWb83I=,wtjoPETgnt11YFZHyZh9lA6NaOs=
-12,103,vShfPyXfTpRJK0KZW4cvAgWb83I=,LyNcHemukrSkun8UC2l+BqigMM4=
-16,99,vShfPyXfTpRJK0KZW4cvAgWb83I=,gzresWDIoWeBZRe2LBwfiDr9PPM=
-13,107,vShfPyXfTpRJK0KZW4cvAgWb83I=,H6b8X2G0Sz88t3O21dJnOLiCB6M=
-16,98,vShfPyXfTpRJK0KZW4cvAgWb83I=,gzresWDIoWeBZRe2LBwfiDr9PPM=
-16,97,vShfPyXfTpRJK0KZW4cvAgWb83I=,gzresWDIoWeBZRe2LBwfiDr9PPM=
-12,96,vShfPyXfTpRJK0KZW4cvAgWb83I=,VfYUXKAA+bZaxrpLAvfa5TXR/Ac=
-15,96,vShfPyXfTpRJK0KZW4cvAgWb83I=,gzresWDIoWeBZRe2LBwfiDr9PPM=
-14,96,vShfPyXfTpRJK0KZW4cvAgWb83I=,gzresWDIoWeBZRe2LBwfiDr9PPM=
-13,96,vShfPyXfTpRJK0KZW4cvAgWb83I=,gzresWDIoWeBZRe2LBwfiDr9PPM=
-16,96,vShfPyXfTpRJK0KZW4cvAgWb83I=,gzresWDIoWeBZRe2LBwfiDr9PPM=
-16,107,vShfPyXfTpRJK0KZW4cvAgWb83I=,H6b8X2G0Sz88t3O21dJnOLiCB6M=
-12,111,vShfPyXfTpRJK0KZW4cvAgWb83I=,L45Zazfdwrd/x/fjr2D1eqzpf+o=
-1,96,vShfPyXfTpRJK0KZW4cvAgWb83I=,XldD4dsnZj7HanLGjc9iP901Nss=
-1,111,vShfPyXfTpRJK0KZW4cvAgWb83I=,PSQ2nNYvckCCWqZXdsS3wc1KZzk=
-11,122,mW84ppnsPSp9RBruzDBJp/avVOs=,V8+FtHcMEAqbyAPkkaQ5XNfiM2A=
-10,122,mW84ppnsPSp9RBruzDBJp/avVOs=,V8+FtHcMEAqbyAPkkaQ5XNfiM2A=
-11,121,mW84ppnsPSp9RBruzDBJp/avVOs=,V8+FtHcMEAqbyAPkkaQ5XNfiM2A=
-10,121,mW84ppnsPSp9RBruzDBJp/avVOs=,V8+FtHcMEAqbyAPkkaQ5XNfiM2A=
-3,121,mW84ppnsPSp9RBruzDBJp/avVOs=,FnktwJy4M3tFHh4mon5GuImftls=
-2,121,mW84ppnsPSp9RBruzDBJp/avVOs=,FnktwJy4M3tFHh4mon5GuImftls=
-4,121,mW84ppnsPSp9RBruzDBJp/avVOs=,FnktwJy4M3tFHh4mon5GuImftls=
-7,120,mW84ppnsPSp9RBruzDBJp/avVOs=,zISE1rWjBTrp2cPW+M/ZNmmQD/4=
-4,122,mW84ppnsPSp9RBruzDBJp/avVOs=,FnktwJy4M3tFHh4mon5GuImftls=
-5,122,mW84ppnsPSp9RBruzDBJp/avVOs=,zISE1rWjBTrp2cPW+M/ZNmmQD/4=
-8,121,mW84ppnsPSp9RBruzDBJp/avVOs=,zISE1rWjBTrp2cPW+M/ZNmmQD/4=
-6,122,mW84ppnsPSp9RBruzDBJp/avVOs=,zISE1rWjBTrp2cPW+M/ZNmmQD/4=
-3,122,mW84ppnsPSp9RBruzDBJp/avVOs=,FnktwJy4M3tFHh4mon5GuImftls=
-7,122,mW84ppnsPSp9RBruzDBJp/avVOs=,zISE1rWjBTrp2cPW+M/ZNmmQD/4=
-9,122,mW84ppnsPSp9RBruzDBJp/avVOs=,V8+FtHcMEAqbyAPkkaQ5XNfiM2A=
-5,121,mW84ppnsPSp9RBruzDBJp/avVOs=,zISE1rWjBTrp2cPW+M/ZNmmQD/4=
-7,121,mW84ppnsPSp9RBruzDBJp/avVOs=,zISE1rWjBTrp2cPW+M/ZNmmQD/4=
-2,122,mW84ppnsPSp9RBruzDBJp/avVOs=,FnktwJy4M3tFHh4mon5GuImftls=
-8,122,mW84ppnsPSp9RBruzDBJp/avVOs=,zISE1rWjBTrp2cPW+M/ZNmmQD/4=
-9,121,mW84ppnsPSp9RBruzDBJp/avVOs=,V8+FtHcMEAqbyAPkkaQ5XNfiM2A=
-6,121,mW84ppnsPSp9RBruzDBJp/avVOs=,zISE1rWjBTrp2cPW+M/ZNmmQD/4=
-6,118,mW84ppnsPSp9RBruzDBJp/avVOs=,XIYCMtKryWYAirlfDmnmAdJt+mM=
-6,117,mW84ppnsPSp9RBruzDBJp/avVOs=,XIYCMtKryWYAirlfDmnmAdJt+mM=
-7,118,mW84ppnsPSp9RBruzDBJp/avVOs=,XIYCMtKryWYAirlfDmnmAdJt+mM=
-7,117,mW84ppnsPSp9RBruzDBJp/avVOs=,XIYCMtKryWYAirlfDmnmAdJt+mM=
-6,120,mW84ppnsPSp9RBruzDBJp/avVOs=,zISE1rWjBTrp2cPW+M/ZNmmQD/4=
-6,119,mW84ppnsPSp9RBruzDBJp/avVOs=,XIYCMtKryWYAirlfDmnmAdJt+mM=
-7,119,mW84ppnsPSp9RBruzDBJp/avVOs=,XIYCMtKryWYAirlfDmnmAdJt+mM=
-11,124,mW84ppnsPSp9RBruzDBJp/avVOs=,fbDSMbiAoZOaQ0tUXmgh2fgQ9ZU=
-11,123,mW84ppnsPSp9RBruzDBJp/avVOs=,V8+FtHcMEAqbyAPkkaQ5XNfiM2A=
-10,124,mW84ppnsPSp9RBruzDBJp/avVOs=,fbDSMbiAoZOaQ0tUXmgh2fgQ9ZU=
-11,125,mW84ppnsPSp9RBruzDBJp/avVOs=,fbDSMbiAoZOaQ0tUXmgh2fgQ9ZU=
-10,125,mW84ppnsPSp9RBruzDBJp/avVOs=,fbDSMbiAoZOaQ0tUXmgh2fgQ9ZU=
-11,126,mW84ppnsPSp9RBruzDBJp/avVOs=,fbDSMbiAoZOaQ0tUXmgh2fgQ9ZU=
-10,126,mW84ppnsPSp9RBruzDBJp/avVOs=,fbDSMbiAoZOaQ0tUXmgh2fgQ9ZU=
-10,123,mW84ppnsPSp9RBruzDBJp/avVOs=,V8+FtHcMEAqbyAPkkaQ5XNfiM2A=
-5,120,mW84ppnsPSp9RBruzDBJp/avVOs=,zISE1rWjBTrp2cPW+M/ZNmmQD/4=
-5,119,mW84ppnsPSp9RBruzDBJp/avVOs=,XIYCMtKryWYAirlfDmnmAdJt+mM=
-2,119,mW84ppnsPSp9RBruzDBJp/avVOs=,Hk42DzwrY0xKfxls1SzztNI/wNc=
-2,120,mW84ppnsPSp9RBruzDBJp/avVOs=,FnktwJy4M3tFHh4mon5GuImftls=
-3,118,mW84ppnsPSp9RBruzDBJp/avVOs=,Hk42DzwrY0xKfxls1SzztNI/wNc=
-3,120,mW84ppnsPSp9RBruzDBJp/avVOs=,FnktwJy4M3tFHh4mon5GuImftls=
-3,119,mW84ppnsPSp9RBruzDBJp/avVOs=,Hk42DzwrY0xKfxls1SzztNI/wNc=
-4,120,mW84ppnsPSp9RBruzDBJp/avVOs=,FnktwJy4M3tFHh4mon5GuImftls=
-2,118,mW84ppnsPSp9RBruzDBJp/avVOs=,Hk42DzwrY0xKfxls1SzztNI/wNc=
-5,118,mW84ppnsPSp9RBruzDBJp/avVOs=,XIYCMtKryWYAirlfDmnmAdJt+mM=
-2,117,mW84ppnsPSp9RBruzDBJp/avVOs=,Hk42DzwrY0xKfxls1SzztNI/wNc=
-4,118,mW84ppnsPSp9RBruzDBJp/avVOs=,Hk42DzwrY0xKfxls1SzztNI/wNc=
-3,117,mW84ppnsPSp9RBruzDBJp/avVOs=,Hk42DzwrY0xKfxls1SzztNI/wNc=
-4,119,mW84ppnsPSp9RBruzDBJp/avVOs=,Hk42DzwrY0xKfxls1SzztNI/wNc=
-5,117,mW84ppnsPSp9RBruzDBJp/avVOs=,XIYCMtKryWYAirlfDmnmAdJt+mM=
-4,117,mW84ppnsPSp9RBruzDBJp/avVOs=,Hk42DzwrY0xKfxls1SzztNI/wNc=
-9,124,mW84ppnsPSp9RBruzDBJp/avVOs=,fbDSMbiAoZOaQ0tUXmgh2fgQ9ZU=
-8,126,mW84ppnsPSp9RBruzDBJp/avVOs=,XDPKnmR5QLor99HrY1/tpm58Uls=
-9,126,mW84ppnsPSp9RBruzDBJp/avVOs=,fbDSMbiAoZOaQ0tUXmgh2fgQ9ZU=
-7,126,mW84ppnsPSp9RBruzDBJp/avVOs=,XDPKnmR5QLor99HrY1/tpm58Uls=
-8,124,mW84ppnsPSp9RBruzDBJp/avVOs=,XDPKnmR5QLor99HrY1/tpm58Uls=
-9,125,mW84ppnsPSp9RBruzDBJp/avVOs=,fbDSMbiAoZOaQ0tUXmgh2fgQ9ZU=
-8,125,mW84ppnsPSp9RBruzDBJp/avVOs=,XDPKnmR5QLor99HrY1/tpm58Uls=
-7,125,mW84ppnsPSp9RBruzDBJp/avVOs=,XDPKnmR5QLor99HrY1/tpm58Uls=
-6,125,mW84ppnsPSp9RBruzDBJp/avVOs=,XDPKnmR5QLor99HrY1/tpm58Uls=
-9,123,mW84ppnsPSp9RBruzDBJp/avVOs=,V8+FtHcMEAqbyAPkkaQ5XNfiM2A=
-6,124,mW84ppnsPSp9RBruzDBJp/avVOs=,XDPKnmR5QLor99HrY1/tpm58Uls=
-7,123,mW84ppnsPSp9RBruzDBJp/avVOs=,zISE1rWjBTrp2cPW+M/ZNmmQD/4=
-6,123,mW84ppnsPSp9RBruzDBJp/avVOs=,zISE1rWjBTrp2cPW+M/ZNmmQD/4=
-7,124,mW84ppnsPSp9RBruzDBJp/avVOs=,XDPKnmR5QLor99HrY1/tpm58Uls=
-8,123,mW84ppnsPSp9RBruzDBJp/avVOs=,zISE1rWjBTrp2cPW+M/ZNmmQD/4=
-6,126,mW84ppnsPSp9RBruzDBJp/avVOs=,XDPKnmR5QLor99HrY1/tpm58Uls=
-3,113,mW84ppnsPSp9RBruzDBJp/avVOs=,CXgvQ5/YUI24YrvfiawJz41Dc94=
-2,115,mW84ppnsPSp9RBruzDBJp/avVOs=,CXgvQ5/YUI24YrvfiawJz41Dc94=
-2,116,mW84ppnsPSp9RBruzDBJp/avVOs=,Hk42DzwrY0xKfxls1SzztNI/wNc=
-3,114,mW84ppnsPSp9RBruzDBJp/avVOs=,CXgvQ5/YUI24YrvfiawJz41Dc94=
-2,113,mW84ppnsPSp9RBruzDBJp/avVOs=,CXgvQ5/YUI24YrvfiawJz41Dc94=
-2,114,mW84ppnsPSp9RBruzDBJp/avVOs=,CXgvQ5/YUI24YrvfiawJz41Dc94=
-3,116,mW84ppnsPSp9RBruzDBJp/avVOs=,Hk42DzwrY0xKfxls1SzztNI/wNc=
-3,115,mW84ppnsPSp9RBruzDBJp/avVOs=,CXgvQ5/YUI24YrvfiawJz41Dc94=
-4,123,mW84ppnsPSp9RBruzDBJp/avVOs=,FnktwJy4M3tFHh4mon5GuImftls=
-4,125,mW84ppnsPSp9RBruzDBJp/avVOs=,vXbcCUMsToK6mriXroHCNqaqePQ=
-5,125,mW84ppnsPSp9RBruzDBJp/avVOs=,XDPKnmR5QLor99HrY1/tpm58Uls=
-5,124,mW84ppnsPSp9RBruzDBJp/avVOs=,XDPKnmR5QLor99HrY1/tpm58Uls=
-5,123,mW84ppnsPSp9RBruzDBJp/avVOs=,zISE1rWjBTrp2cPW+M/ZNmmQD/4=
-4,126,mW84ppnsPSp9RBruzDBJp/avVOs=,vXbcCUMsToK6mriXroHCNqaqePQ=
-3,123,mW84ppnsPSp9RBruzDBJp/avVOs=,FnktwJy4M3tFHh4mon5GuImftls=
-3,126,mW84ppnsPSp9RBruzDBJp/avVOs=,vXbcCUMsToK6mriXroHCNqaqePQ=
-5,126,mW84ppnsPSp9RBruzDBJp/avVOs=,XDPKnmR5QLor99HrY1/tpm58Uls=
-2,126,mW84ppnsPSp9RBruzDBJp/avVOs=,vXbcCUMsToK6mriXroHCNqaqePQ=
-2,125,mW84ppnsPSp9RBruzDBJp/avVOs=,vXbcCUMsToK6mriXroHCNqaqePQ=
-3,125,mW84ppnsPSp9RBruzDBJp/avVOs=,vXbcCUMsToK6mriXroHCNqaqePQ=
-2,123,mW84ppnsPSp9RBruzDBJp/avVOs=,FnktwJy4M3tFHh4mon5GuImftls=
-4,124,mW84ppnsPSp9RBruzDBJp/avVOs=,vXbcCUMsToK6mriXroHCNqaqePQ=
-3,124,mW84ppnsPSp9RBruzDBJp/avVOs=,vXbcCUMsToK6mriXroHCNqaqePQ=
-2,124,mW84ppnsPSp9RBruzDBJp/avVOs=,vXbcCUMsToK6mriXroHCNqaqePQ=
-4,113,mW84ppnsPSp9RBruzDBJp/avVOs=,CXgvQ5/YUI24YrvfiawJz41Dc94=
-7,115,mW84ppnsPSp9RBruzDBJp/avVOs=,7L5VevPtpH2RE4R0pe+PnjOD+NY=
-6,115,mW84ppnsPSp9RBruzDBJp/avVOs=,7L5VevPtpH2RE4R0pe+PnjOD+NY=
-12,121,mW84ppnsPSp9RBruzDBJp/avVOs=,V8+FtHcMEAqbyAPkkaQ5XNfiM2A=
-12,122,mW84ppnsPSp9RBruzDBJp/avVOs=,V8+FtHcMEAqbyAPkkaQ5XNfiM2A=
-12,124,mW84ppnsPSp9RBruzDBJp/avVOs=,fbDSMbiAoZOaQ0tUXmgh2fgQ9ZU=
-12,125,mW84ppnsPSp9RBruzDBJp/avVOs=,fbDSMbiAoZOaQ0tUXmgh2fgQ9ZU=
-5,115,mW84ppnsPSp9RBruzDBJp/avVOs=,7L5VevPtpH2RE4R0pe+PnjOD+NY=
-12,126,mW84ppnsPSp9RBruzDBJp/avVOs=,fbDSMbiAoZOaQ0tUXmgh2fgQ9ZU=
-12,123,mW84ppnsPSp9RBruzDBJp/avVOs=,V8+FtHcMEAqbyAPkkaQ5XNfiM2A=
-5,114,mW84ppnsPSp9RBruzDBJp/avVOs=,7L5VevPtpH2RE4R0pe+PnjOD+NY=
-4,114,mW84ppnsPSp9RBruzDBJp/avVOs=,CXgvQ5/YUI24YrvfiawJz41Dc94=
-6,114,mW84ppnsPSp9RBruzDBJp/avVOs=,7L5VevPtpH2RE4R0pe+PnjOD+NY=
-5,113,mW84ppnsPSp9RBruzDBJp/avVOs=,7L5VevPtpH2RE4R0pe+PnjOD+NY=
-7,114,mW84ppnsPSp9RBruzDBJp/avVOs=,7L5VevPtpH2RE4R0pe+PnjOD+NY=
-4,116,mW84ppnsPSp9RBruzDBJp/avVOs=,Hk42DzwrY0xKfxls1SzztNI/wNc=
-7,116,mW84ppnsPSp9RBruzDBJp/avVOs=,XIYCMtKryWYAirlfDmnmAdJt+mM=
-4,115,mW84ppnsPSp9RBruzDBJp/avVOs=,CXgvQ5/YUI24YrvfiawJz41Dc94=
-6,116,mW84ppnsPSp9RBruzDBJp/avVOs=,XIYCMtKryWYAirlfDmnmAdJt+mM=
-5,116,mW84ppnsPSp9RBruzDBJp/avVOs=,XIYCMtKryWYAirlfDmnmAdJt+mM=
-7,113,mW84ppnsPSp9RBruzDBJp/avVOs=,7L5VevPtpH2RE4R0pe+PnjOD+NY=
-6,113,mW84ppnsPSp9RBruzDBJp/avVOs=,7L5VevPtpH2RE4R0pe+PnjOD+NY=
-11,119,mW84ppnsPSp9RBruzDBJp/avVOs=,OxDp33SZqIww7Wpb11CPDH0yiMI=
-12,119,mW84ppnsPSp9RBruzDBJp/avVOs=,OxDp33SZqIww7Wpb11CPDH0yiMI=
-11,116,mW84ppnsPSp9RBruzDBJp/avVOs=,OxDp33SZqIww7Wpb11CPDH0yiMI=
-12,116,mW84ppnsPSp9RBruzDBJp/avVOs=,OxDp33SZqIww7Wpb11CPDH0yiMI=
-11,120,mW84ppnsPSp9RBruzDBJp/avVOs=,V8+FtHcMEAqbyAPkkaQ5XNfiM2A=
-12,120,mW84ppnsPSp9RBruzDBJp/avVOs=,V8+FtHcMEAqbyAPkkaQ5XNfiM2A=
-11,117,mW84ppnsPSp9RBruzDBJp/avVOs=,OxDp33SZqIww7Wpb11CPDH0yiMI=
-10,119,mW84ppnsPSp9RBruzDBJp/avVOs=,OxDp33SZqIww7Wpb11CPDH0yiMI=
-10,118,mW84ppnsPSp9RBruzDBJp/avVOs=,OxDp33SZqIww7Wpb11CPDH0yiMI=
-11,112,mW84ppnsPSp9RBruzDBJp/avVOs=,6YBJwfgcMt63lFzE48C3S2xOh1Q=
-10,117,mW84ppnsPSp9RBruzDBJp/avVOs=,OxDp33SZqIww7Wpb11CPDH0yiMI=
-9,120,mW84ppnsPSp9RBruzDBJp/avVOs=,V8+FtHcMEAqbyAPkkaQ5XNfiM2A=
-7,112,mW84ppnsPSp9RBruzDBJp/avVOs=,7L5VevPtpH2RE4R0pe+PnjOD+NY=
-10,120,mW84ppnsPSp9RBruzDBJp/avVOs=,V8+FtHcMEAqbyAPkkaQ5XNfiM2A=
-10,112,mW84ppnsPSp9RBruzDBJp/avVOs=,6YBJwfgcMt63lFzE48C3S2xOh1Q=
-11,113,mW84ppnsPSp9RBruzDBJp/avVOs=,6YBJwfgcMt63lFzE48C3S2xOh1Q=
-12,113,mW84ppnsPSp9RBruzDBJp/avVOs=,6YBJwfgcMt63lFzE48C3S2xOh1Q=
-12,117,mW84ppnsPSp9RBruzDBJp/avVOs=,OxDp33SZqIww7Wpb11CPDH0yiMI=
-11,118,mW84ppnsPSp9RBruzDBJp/avVOs=,OxDp33SZqIww7Wpb11CPDH0yiMI=
-6,112,mW84ppnsPSp9RBruzDBJp/avVOs=,7L5VevPtpH2RE4R0pe+PnjOD+NY=
-9,117,mW84ppnsPSp9RBruzDBJp/avVOs=,OxDp33SZqIww7Wpb11CPDH0yiMI=
-9,119,mW84ppnsPSp9RBruzDBJp/avVOs=,OxDp33SZqIww7Wpb11CPDH0yiMI=
-11,114,mW84ppnsPSp9RBruzDBJp/avVOs=,6YBJwfgcMt63lFzE48C3S2xOh1Q=
-10,113,mW84ppnsPSp9RBruzDBJp/avVOs=,6YBJwfgcMt63lFzE48C3S2xOh1Q=
-12,118,mW84ppnsPSp9RBruzDBJp/avVOs=,OxDp33SZqIww7Wpb11CPDH0yiMI=
-12,115,mW84ppnsPSp9RBruzDBJp/avVOs=,6YBJwfgcMt63lFzE48C3S2xOh1Q=
-10,114,mW84ppnsPSp9RBruzDBJp/avVOs=,6YBJwfgcMt63lFzE48C3S2xOh1Q=
-11,115,mW84ppnsPSp9RBruzDBJp/avVOs=,6YBJwfgcMt63lFzE48C3S2xOh1Q=
-9,118,mW84ppnsPSp9RBruzDBJp/avVOs=,OxDp33SZqIww7Wpb11CPDH0yiMI=
-10,115,mW84ppnsPSp9RBruzDBJp/avVOs=,6YBJwfgcMt63lFzE48C3S2xOh1Q=
-12,114,mW84ppnsPSp9RBruzDBJp/avVOs=,6YBJwfgcMt63lFzE48C3S2xOh1Q=
-8,114,mW84ppnsPSp9RBruzDBJp/avVOs=,7L5VevPtpH2RE4R0pe+PnjOD+NY=
-8,118,mW84ppnsPSp9RBruzDBJp/avVOs=,XIYCMtKryWYAirlfDmnmAdJt+mM=
-8,120,mW84ppnsPSp9RBruzDBJp/avVOs=,zISE1rWjBTrp2cPW+M/ZNmmQD/4=
-8,113,mW84ppnsPSp9RBruzDBJp/avVOs=,7L5VevPtpH2RE4R0pe+PnjOD+NY=
-9,112,mW84ppnsPSp9RBruzDBJp/avVOs=,6YBJwfgcMt63lFzE48C3S2xOh1Q=
-8,117,mW84ppnsPSp9RBruzDBJp/avVOs=,XIYCMtKryWYAirlfDmnmAdJt+mM=
-8,112,mW84ppnsPSp9RBruzDBJp/avVOs=,7L5VevPtpH2RE4R0pe+PnjOD+NY=
-8,119,mW84ppnsPSp9RBruzDBJp/avVOs=,XIYCMtKryWYAirlfDmnmAdJt+mM=
-9,113,mW84ppnsPSp9RBruzDBJp/avVOs=,6YBJwfgcMt63lFzE48C3S2xOh1Q=
-9,116,mW84ppnsPSp9RBruzDBJp/avVOs=,OxDp33SZqIww7Wpb11CPDH0yiMI=
-9,114,mW84ppnsPSp9RBruzDBJp/avVOs=,6YBJwfgcMt63lFzE48C3S2xOh1Q=
-8,115,mW84ppnsPSp9RBruzDBJp/avVOs=,7L5VevPtpH2RE4R0pe+PnjOD+NY=
-8,116,mW84ppnsPSp9RBruzDBJp/avVOs=,XIYCMtKryWYAirlfDmnmAdJt+mM=
-10,116,mW84ppnsPSp9RBruzDBJp/avVOs=,OxDp33SZqIww7Wpb11CPDH0yiMI=
-9,115,mW84ppnsPSp9RBruzDBJp/avVOs=,6YBJwfgcMt63lFzE48C3S2xOh1Q=
-2,112,mW84ppnsPSp9RBruzDBJp/avVOs=,CXgvQ5/YUI24YrvfiawJz41Dc94=
-3,112,mW84ppnsPSp9RBruzDBJp/avVOs=,CXgvQ5/YUI24YrvfiawJz41Dc94=
-4,112,mW84ppnsPSp9RBruzDBJp/avVOs=,CXgvQ5/YUI24YrvfiawJz41Dc94=
-5,112,mW84ppnsPSp9RBruzDBJp/avVOs=,7L5VevPtpH2RE4R0pe+PnjOD+NY=
-1,114,mW84ppnsPSp9RBruzDBJp/avVOs=,CXgvQ5/YUI24YrvfiawJz41Dc94=
-1,113,mW84ppnsPSp9RBruzDBJp/avVOs=,CXgvQ5/YUI24YrvfiawJz41Dc94=
-1,112,mW84ppnsPSp9RBruzDBJp/avVOs=,CXgvQ5/YUI24YrvfiawJz41Dc94=
-1,116,mW84ppnsPSp9RBruzDBJp/avVOs=,Hk42DzwrY0xKfxls1SzztNI/wNc=
-1,115,mW84ppnsPSp9RBruzDBJp/avVOs=,CXgvQ5/YUI24YrvfiawJz41Dc94=
-1,118,mW84ppnsPSp9RBruzDBJp/avVOs=,Hk42DzwrY0xKfxls1SzztNI/wNc=
-1,117,mW84ppnsPSp9RBruzDBJp/avVOs=,Hk42DzwrY0xKfxls1SzztNI/wNc=
-1,122,mW84ppnsPSp9RBruzDBJp/avVOs=,FnktwJy4M3tFHh4mon5GuImftls=
-1,120,mW84ppnsPSp9RBruzDBJp/avVOs=,FnktwJy4M3tFHh4mon5GuImftls=
-1,119,mW84ppnsPSp9RBruzDBJp/avVOs=,Hk42DzwrY0xKfxls1SzztNI/wNc=
-1,123,mW84ppnsPSp9RBruzDBJp/avVOs=,FnktwJy4M3tFHh4mon5GuImftls=
-1,121,mW84ppnsPSp9RBruzDBJp/avVOs=,FnktwJy4M3tFHh4mon5GuImftls=
-1,125,mW84ppnsPSp9RBruzDBJp/avVOs=,vXbcCUMsToK6mriXroHCNqaqePQ=
-1,124,mW84ppnsPSp9RBruzDBJp/avVOs=,vXbcCUMsToK6mriXroHCNqaqePQ=
-1,126,mW84ppnsPSp9RBruzDBJp/avVOs=,vXbcCUMsToK6mriXroHCNqaqePQ=
-2,127,mW84ppnsPSp9RBruzDBJp/avVOs=,vXbcCUMsToK6mriXroHCNqaqePQ=
-3,127,mW84ppnsPSp9RBruzDBJp/avVOs=,vXbcCUMsToK6mriXroHCNqaqePQ=
-10,127,mW84ppnsPSp9RBruzDBJp/avVOs=,fbDSMbiAoZOaQ0tUXmgh2fgQ9ZU=
-11,127,mW84ppnsPSp9RBruzDBJp/avVOs=,fbDSMbiAoZOaQ0tUXmgh2fgQ9ZU=
-12,127,mW84ppnsPSp9RBruzDBJp/avVOs=,fbDSMbiAoZOaQ0tUXmgh2fgQ9ZU=
-9,127,mW84ppnsPSp9RBruzDBJp/avVOs=,fbDSMbiAoZOaQ0tUXmgh2fgQ9ZU=
-7,127,mW84ppnsPSp9RBruzDBJp/avVOs=,XDPKnmR5QLor99HrY1/tpm58Uls=
-8,127,mW84ppnsPSp9RBruzDBJp/avVOs=,XDPKnmR5QLor99HrY1/tpm58Uls=
-6,127,mW84ppnsPSp9RBruzDBJp/avVOs=,XDPKnmR5QLor99HrY1/tpm58Uls=
-12,112,mW84ppnsPSp9RBruzDBJp/avVOs=,6YBJwfgcMt63lFzE48C3S2xOh1Q=
-5,127,mW84ppnsPSp9RBruzDBJp/avVOs=,XDPKnmR5QLor99HrY1/tpm58Uls=
-1,127,mW84ppnsPSp9RBruzDBJp/avVOs=,vXbcCUMsToK6mriXroHCNqaqePQ=
-4,127,mW84ppnsPSp9RBruzDBJp/avVOs=,vXbcCUMsToK6mriXroHCNqaqePQ=
