490,265,t5Ut4PNDZJS8mXWcL7sOTjVQIyU=,+9BuUsyABSZqqTh6VaI8FHsFYeY=
489,265,t5Ut4PNDZJS8mXWcL7sOTjVQIyU=,+9BuUsyABSZqqTh6VaI8FHsFYeY=
490,266,t5Ut4PNDZJS8mXWcL7sOTjVQIyU=,+9BuUsyABSZqqTh6VaI8FHsFYeY=
489,266,t5Ut4PNDZJS8mXWcL7sOTjVQIyU=,+9BuUsyABSZqqTh6VaI8FHsFYeY=
485,265,t5Ut4PNDZJS8mXWcL7sOTjVQIyU=,ebQYiuLYx96cSqxVG7Sj3+OY/SY=
487,266,t5Ut4PNDZJS8mXWcL7sOTjVQIyU=,ebQYiuLYx96cSqxVG7Sj3+OY/SY=
488,266,t5Ut4PNDZJS8mXWcL7sOTjVQIyU=,+9BuUsyABSZqqTh6VaI8FHsFYeY=
488,265,t5Ut4PNDZJS8mXWcL7sOTjVQIyU=,+9BuUsyABSZqqTh6VaI8FHsFYeY=
486,266,t5Ut4PNDZJS8mXWcL7sOTjVQIyU=,ebQYiuLYx96cSqxVG7Sj3+OY/SY=
485,266,t5Ut4PNDZJS8mXWcL7sOTjVQIyU=,ebQYiuLYx96cSqxVG7Sj3+OY/SY=
486,265,t5Ut4PNDZJS8mXWcL7sOTjVQIyU=,ebQYiuLYx96cSqxVG7Sj3+OY/SY=
487,265,t5Ut4PNDZJS8mXWcL7sOTjVQIyU=,ebQYiuLYx96cSqxVG7Sj3+OY/SY=
489,267,t5Ut4PNDZJS8mXWcL7sOTjVQIyU=,+9BuUsyABSZqqTh6VaI8FHsFYeY=
490,267,t5Ut4PNDZJS8mXWcL7sOTjVQIyU=,+9BuUsyABSZqqTh6VaI8FHsFYeY=
489,269,t5Ut4PNDZJS8mXWcL7sOTjVQIyU=,fg4tzrYzpIxtEiTTCizb6I01yh0=
490,269,t5Ut4PNDZJS8mXWcL7sOTjVQIyU=,fg4tzrYzpIxtEiTTCizb6I01yh0=
489,270,t5Ut4PNDZJS8mXWcL7sOTjVQIyU=,fg4tzrYzpIxtEiTTCizb6I01yh0=
490,270,t5Ut4PNDZJS8mXWcL7sOTjVQIyU=,fg4tzrYzpIxtEiTTCizb6I01yh0=
489,268,t5Ut4PNDZJS8mXWcL7sOTjVQIyU=,fg4tzrYzpIxtEiTTCizb6I01yh0=
490,268,t5Ut4PNDZJS8mXWcL7sOTjVQIyU=,fg4tzrYzpIxtEiTTCizb6I01yh0=
489,271,t5Ut4PNDZJS8mXWcL7sOTjVQIyU=,fg4tzrYzpIxtEiTTCizb6I01yh0=
490,271,t5Ut4PNDZJS8mXWcL7sOTjVQIyU=,fg4tzrYzpIxtEiTTCizb6I01yh0=
485,264,t5Ut4PNDZJS8mXWcL7sOTjVQIyU=,ebQYiuLYx96cSqxVG7Sj3+OY/SY=
486,264,t5Ut4PNDZJS8mXWcL7sOTjVQIyU=,ebQYiuLYx96cSqxVG7Sj3+OY/SY=
491,265,t5Ut4PNDZJS8mXWcL7sOTjVQIyU=,+9BuUsyABSZqqTh6VaI8FHsFYeY=
491,266,t5Ut4PNDZJS8mXWcL7sOTjVQIyU=,+9BuUsyABSZqqTh6VaI8FHsFYeY=
491,269,t5Ut4PNDZJS8mXWcL7sOTjVQIyU=,fg4tzrYzpIxtEiTTCizb6I01yh0=
491,267,t5Ut4PNDZJS8mXWcL7sOTjVQIyU=,+9BuUsyABSZqqTh6VaI8FHsFYeY=
491,270,t5Ut4PNDZJS8mXWcL7sOTjVQIyU=,fg4tzrYzpIxtEiTTCizb6I01yh0=
491,268,t5Ut4PNDZJS8mXWcL7sOTjVQIyU=,fg4tzrYzpIxtEiTTCizb6I01yh0=
491,271,t5Ut4PNDZJS8mXWcL7sOTjVQIyU=,fg4tzrYzpIxtEiTTCizb6I01yh0=
488,264,t5Ut4PNDZJS8mXWcL7sOTjVQIyU=,+9BuUsyABSZqqTh6VaI8FHsFYeY=
487,264,t5Ut4PNDZJS8mXWcL7sOTjVQIyU=,ebQYiuLYx96cSqxVG7Sj3+OY/SY=
489,264,t5Ut4PNDZJS8mXWcL7sOTjVQIyU=,+9BuUsyABSZqqTh6VaI8FHsFYeY=
490,264,t5Ut4PNDZJS8mXWcL7sOTjVQIyU=,+9BuUsyABSZqqTh6VaI8FHsFYeY=
491,264,t5Ut4PNDZJS8mXWcL7sOTjVQIyU=,+9BuUsyABSZqqTh6VaI8FHsFYeY=
482,264,t5Ut4PNDZJS8mXWcL7sOTjVQIyU=,a/PYquIUGsqg0A4TEb9fIn8m3T8=
481,264,t5Ut4PNDZJS8mXWcL7sOTjVQIyU=,a/PYquIUGsqg0A4TEb9fIn8m3T8=
484,264,t5Ut4PNDZJS8mXWcL7sOTjVQIyU=,ebQYiuLYx96cSqxVG7Sj3+OY/SY=
483,265,t5Ut4PNDZJS8mXWcL7sOTjVQIyU=,a/PYquIUGsqg0A4TEb9fIn8m3T8=
480,264,t5Ut4PNDZJS8mXWcL7sOTjVQIyU=,a/PYquIUGsqg0A4TEb9fIn8m3T8=
483,266,H5nsguSS+GmzjvivbaKb6bG/5J4=,a/PYquIUGsqg0A4TEb9fIn8m3T8=
483,264,H5nsguSS+GmzjvivbaKb6bG/5J4=,a/PYquIUGsqg0A4TEb9fIn8m3T8=
484,265,H5nsguSS+GmzjvivbaKb6bG/5J4=,ebQYiuLYx96cSqxVG7Sj3+OY/SY=
484,266,H5nsguSS+GmzjvivbaKb6bG/5J4=,ebQYiuLYx96cSqxVG7Sj3+OY/SY=
480,265,H5nsguSS+GmzjvivbaKb6bG/5J4=,a/PYquIUGsqg0A4TEb9fIn8m3T8=
481,265,H5nsguSS+GmzjvivbaKb6bG/5J4=,a/PYquIUGsqg0A4TEb9fIn8m3T8=
482,265,H5nsguSS+GmzjvivbaKb6bG/5J4=,a/PYquIUGsqg0A4TEb9fIn8m3T8=
480,266,H5nsguSS+GmzjvivbaKb6bG/5J4=,a/PYquIUGsqg0A4TEb9fIn8m3T8=
488,267,H5nsguSS+GmzjvivbaKb6bG/5J4=,+9BuUsyABSZqqTh6VaI8FHsFYeY=
488,269,H5nsguSS+GmzjvivbaKb6bG/5J4=,fg4tzrYzpIxtEiTTCizb6I01yh0=
488,268,H5nsguSS+GmzjvivbaKb6bG/5J4=,fg4tzrYzpIxtEiTTCizb6I01yh0=
486,268,H5nsguSS+GmzjvivbaKb6bG/5J4=,FSjErf+8TdV8gmk5i5TwodEDxQE=
482,266,H5nsguSS+GmzjvivbaKb6bG/5J4=,a/PYquIUGsqg0A4TEb9fIn8m3T8=
481,266,H5nsguSS+GmzjvivbaKb6bG/5J4=,a/PYquIUGsqg0A4TEb9fIn8m3T8=
488,270,H5nsguSS+GmzjvivbaKb6bG/5J4=,fg4tzrYzpIxtEiTTCizb6I01yh0=
487,267,H5nsguSS+GmzjvivbaKb6bG/5J4=,ebQYiuLYx96cSqxVG7Sj3+OY/SY=
487,269,H5nsguSS+GmzjvivbaKb6bG/5J4=,FSjErf+8TdV8gmk5i5TwodEDxQE=
487,268,H5nsguSS+GmzjvivbaKb6bG/5J4=,FSjErf+8TdV8gmk5i5TwodEDxQE=
485,267,H5nsguSS+GmzjvivbaKb6bG/5J4=,ebQYiuLYx96cSqxVG7Sj3+OY/SY=
486,267,H5nsguSS+GmzjvivbaKb6bG/5J4=,ebQYiuLYx96cSqxVG7Sj3+OY/SY=
487,270,H5nsguSS+GmzjvivbaKb6bG/5J4=,FSjErf+8TdV8gmk5i5TwodEDxQE=
488,271,H5nsguSS+GmzjvivbaKb6bG/5J4=,fg4tzrYzpIxtEiTTCizb6I01yh0=
485,268,H5nsguSS+GmzjvivbaKb6bG/5J4=,FSjErf+8TdV8gmk5i5TwodEDxQE=
486,269,H5nsguSS+GmzjvivbaKb6bG/5J4=,FSjErf+8TdV8gmk5i5TwodEDxQE=
487,271,H5nsguSS+GmzjvivbaKb6bG/5J4=,FSjErf+8TdV8gmk5i5TwodEDxQE=
485,269,H5nsguSS+GmzjvivbaKb6bG/5J4=,FSjErf+8TdV8gmk5i5TwodEDxQE=
486,270,H5nsguSS+GmzjvivbaKb6bG/5J4=,FSjErf+8TdV8gmk5i5TwodEDxQE=
485,271,H5nsguSS+GmzjvivbaKb6bG/5J4=,FSjErf+8TdV8gmk5i5TwodEDxQE=
486,271,H5nsguSS+GmzjvivbaKb6bG/5J4=,FSjErf+8TdV8gmk5i5TwodEDxQE=
485,270,H5nsguSS+GmzjvivbaKb6bG/5J4=,FSjErf+8TdV8gmk5i5TwodEDxQE=
484,267,H5nsguSS+GmzjvivbaKb6bG/5J4=,ebQYiuLYx96cSqxVG7Sj3+OY/SY=
480,271,H5nsguSS+GmzjvivbaKb6bG/5J4=,vgT09LvPzRscy2E+FQvLiaeYXNs=
484,271,H5nsguSS+GmzjvivbaKb6bG/5J4=,FSjErf+8TdV8gmk5i5TwodEDxQE=
481,271,H5nsguSS+GmzjvivbaKb6bG/5J4=,vgT09LvPzRscy2E+FQvLiaeYXNs=
482,271,H5nsguSS+GmzjvivbaKb6bG/5J4=,vgT09LvPzRscy2E+FQvLiaeYXNs=
484,268,H5nsguSS+GmzjvivbaKb6bG/5J4=,FSjErf+8TdV8gmk5i5TwodEDxQE=
481,268,H5nsguSS+GmzjvivbaKb6bG/5J4=,vgT09LvPzRscy2E+FQvLiaeYXNs=
483,270,H5nsguSS+GmzjvivbaKb6bG/5J4=,vgT09LvPzRscy2E+FQvLiaeYXNs=
484,269,H5nsguSS+GmzjvivbaKb6bG/5J4=,FSjErf+8TdV8gmk5i5TwodEDxQE=
482,268,H5nsguSS+GmzjvivbaKb6bG/5J4=,vgT09LvPzRscy2E+FQvLiaeYXNs=
483,267,H5nsguSS+GmzjvivbaKb6bG/5J4=,a/PYquIUGsqg0A4TEb9fIn8m3T8=
482,270,H5nsguSS+GmzjvivbaKb6bG/5J4=,vgT09LvPzRscy2E+FQvLiaeYXNs=
480,267,H5nsguSS+GmzjvivbaKb6bG/5J4=,a/PYquIUGsqg0A4TEb9fIn8m3T8=
480,270,H5nsguSS+GmzjvivbaKb6bG/5J4=,vgT09LvPzRscy2E+FQvLiaeYXNs=
481,270,H5nsguSS+GmzjvivbaKb6bG/5J4=,vgT09LvPzRscy2E+FQvLiaeYXNs=
480,268,H5nsguSS+GmzjvivbaKb6bG/5J4=,vgT09LvPzRscy2E+FQvLiaeYXNs=
483,271,H5nsguSS+GmzjvivbaKb6bG/5J4=,vgT09LvPzRscy2E+FQvLiaeYXNs=
482,269,H5nsguSS+GmzjvivbaKb6bG/5J4=,vgT09LvPzRscy2E+FQvLiaeYXNs=
483,269,H5nsguSS+GmzjvivbaKb6bG/5J4=,vgT09LvPzRscy2E+FQvLiaeYXNs=
480,269,H5nsguSS+GmzjvivbaKb6bG/5J4=,vgT09LvPzRscy2E+FQvLiaeYXNs=
483,268,H5nsguSS+GmzjvivbaKb6bG/5J4=,vgT09LvPzRscy2E+FQvLiaeYXNs=
481,269,H5nsguSS+GmzjvivbaKb6bG/5J4=,vgT09LvPzRscy2E+FQvLiaeYXNs=
484,270,H5nsguSS+GmzjvivbaKb6bG/5J4=,FSjErf+8TdV8gmk5i5TwodEDxQE=
481,267,H5nsguSS+GmzjvivbaKb6bG/5J4=,a/PYquIUGsqg0A4TEb9fIn8m3T8=
482,267,H5nsguSS+GmzjvivbaKb6bG/5J4=,a/PYquIUGsqg0A4TEb9fIn8m3T8=
489,281,H5nsguSS+GmzjvivbaKb6bG/5J4=,lFJ7XjjbasdfPv8MyFKtrAFXagI=
490,281,H5nsguSS+GmzjvivbaKb6bG/5J4=,lFJ7XjjbasdfPv8MyFKtrAFXagI=
489,282,H5nsguSS+GmzjvivbaKb6bG/5J4=,lFJ7XjjbasdfPv8MyFKtrAFXagI=
490,282,H5nsguSS+GmzjvivbaKb6bG/5J4=,lFJ7XjjbasdfPv8MyFKtrAFXagI=
485,277,H5nsguSS+GmzjvivbaKb6bG/5J4=,Ajt1OW/17cKOaoLEjJVLtJDRuUw=
485,278,H5nsguSS+GmzjvivbaKb6bG/5J4=,Ajt1OW/17cKOaoLEjJVLtJDRuUw=
486,277,H5nsguSS+GmzjvivbaKb6bG/5J4=,Ajt1OW/17cKOaoLEjJVLtJDRuUw=
486,278,H5nsguSS+GmzjvivbaKb6bG/5J4=,Ajt1OW/17cKOaoLEjJVLtJDRuUw=
489,280,H5nsguSS+GmzjvivbaKb6bG/5J4=,lFJ7XjjbasdfPv8MyFKtrAFXagI=
490,280,H5nsguSS+GmzjvivbaKb6bG/5J4=,lFJ7XjjbasdfPv8MyFKtrAFXagI=
488,278,H5nsguSS+GmzjvivbaKb6bG/5J4=,CiWVD4IUDbXHWTRpqYpoGQRAoH0=
487,278,H5nsguSS+GmzjvivbaKb6bG/5J4=,Ajt1OW/17cKOaoLEjJVLtJDRuUw=
488,277,H5nsguSS+GmzjvivbaKb6bG/5J4=,CiWVD4IUDbXHWTRpqYpoGQRAoH0=
490,279,H5nsguSS+GmzjvivbaKb6bG/5J4=,CiWVD4IUDbXHWTRpqYpoGQRAoH0=
489,278,H5nsguSS+GmzjvivbaKb6bG/5J4=,CiWVD4IUDbXHWTRpqYpoGQRAoH0=
487,277,H5nsguSS+GmzjvivbaKb6bG/5J4=,Ajt1OW/17cKOaoLEjJVLtJDRuUw=
490,278,H5nsguSS+GmzjvivbaKb6bG/5J4=,CiWVD4IUDbXHWTRpqYpoGQRAoH0=
490,277,H5nsguSS+GmzjvivbaKb6bG/5J4=,CiWVD4IUDbXHWTRpqYpoGQRAoH0=
489,277,H5nsguSS+GmzjvivbaKb6bG/5J4=,CiWVD4IUDbXHWTRpqYpoGQRAoH0=
489,279,H5nsguSS+GmzjvivbaKb6bG/5J4=,CiWVD4IUDbXHWTRpqYpoGQRAoH0=
492,277,H5nsguSS+GmzjvivbaKb6bG/5J4=,wn9xtYphZRv/GDdnnK1AGVF8ujA=
494,278,H5nsguSS+GmzjvivbaKb6bG/5J4=,wn9xtYphZRv/GDdnnK1AGVF8ujA=
493,278,H5nsguSS+GmzjvivbaKb6bG/5J4=,wn9xtYphZRv/GDdnnK1AGVF8ujA=
491,278,H5nsguSS+GmzjvivbaKb6bG/5J4=,CiWVD4IUDbXHWTRpqYpoGQRAoH0=
492,278,H5nsguSS+GmzjvivbaKb6bG/5J4=,wn9xtYphZRv/GDdnnK1AGVF8ujA=
491,277,H5nsguSS+GmzjvivbaKb6bG/5J4=,CiWVD4IUDbXHWTRpqYpoGQRAoH0=
493,277,H5nsguSS+GmzjvivbaKb6bG/5J4=,wn9xtYphZRv/GDdnnK1AGVF8ujA=
494,277,H5nsguSS+GmzjvivbaKb6bG/5J4=,wn9xtYphZRv/GDdnnK1AGVF8ujA=
488,281,H5nsguSS+GmzjvivbaKb6bG/5J4=,lFJ7XjjbasdfPv8MyFKtrAFXagI=
485,281,H5nsguSS+GmzjvivbaKb6bG/5J4=,0wVjM5bOzoRJ+A5vsQ4fgNQp61I=
485,280,H5nsguSS+GmzjvivbaKb6bG/5J4=,0wVjM5bOzoRJ+A5vsQ4fgNQp61I=
486,281,H5nsguSS+GmzjvivbaKb6bG/5J4=,0wVjM5bOzoRJ+A5vsQ4fgNQp61I=
488,280,H5nsguSS+GmzjvivbaKb6bG/5J4=,lFJ7XjjbasdfPv8MyFKtrAFXagI=
487,282,H5nsguSS+GmzjvivbaKb6bG/5J4=,0wVjM5bOzoRJ+A5vsQ4fgNQp61I=
486,282,H5nsguSS+GmzjvivbaKb6bG/5J4=,0wVjM5bOzoRJ+A5vsQ4fgNQp61I=
485,282,H5nsguSS+GmzjvivbaKb6bG/5J4=,0wVjM5bOzoRJ+A5vsQ4fgNQp61I=
488,282,H5nsguSS+GmzjvivbaKb6bG/5J4=,lFJ7XjjbasdfPv8MyFKtrAFXagI=
486,280,H5nsguSS+GmzjvivbaKb6bG/5J4=,0wVjM5bOzoRJ+A5vsQ4fgNQp61I=
485,279,H5nsguSS+GmzjvivbaKb6bG/5J4=,Ajt1OW/17cKOaoLEjJVLtJDRuUw=
487,281,H5nsguSS+GmzjvivbaKb6bG/5J4=,0wVjM5bOzoRJ+A5vsQ4fgNQp61I=
486,279,H5nsguSS+GmzjvivbaKb6bG/5J4=,Ajt1OW/17cKOaoLEjJVLtJDRuUw=
487,280,H5nsguSS+GmzjvivbaKb6bG/5J4=,0wVjM5bOzoRJ+A5vsQ4fgNQp61I=
487,279,H5nsguSS+GmzjvivbaKb6bG/5J4=,Ajt1OW/17cKOaoLEjJVLtJDRuUw=
488,279,H5nsguSS+GmzjvivbaKb6bG/5J4=,CiWVD4IUDbXHWTRpqYpoGQRAoH0=
485,275,H5nsguSS+GmzjvivbaKb6bG/5J4=,hABrJRSGYw01yCUTGBntsFqEF5g=
486,275,H5nsguSS+GmzjvivbaKb6bG/5J4=,hABrJRSGYw01yCUTGBntsFqEF5g=
485,276,H5nsguSS+GmzjvivbaKb6bG/5J4=,Ajt1OW/17cKOaoLEjJVLtJDRuUw=
486,274,H5nsguSS+GmzjvivbaKb6bG/5J4=,hABrJRSGYw01yCUTGBntsFqEF5g=
486,273,H5nsguSS+GmzjvivbaKb6bG/5J4=,hABrJRSGYw01yCUTGBntsFqEF5g=
485,274,H5nsguSS+GmzjvivbaKb6bG/5J4=,hABrJRSGYw01yCUTGBntsFqEF5g=
486,276,H5nsguSS+GmzjvivbaKb6bG/5J4=,Ajt1OW/17cKOaoLEjJVLtJDRuUw=
485,273,H5nsguSS+GmzjvivbaKb6bG/5J4=,hABrJRSGYw01yCUTGBntsFqEF5g=
493,275,H5nsguSS+GmzjvivbaKb6bG/5J4=,RktXtptWf//j12EPsMKwqq6ipYY=
494,274,H5nsguSS+GmzjvivbaKb6bG/5J4=,RktXtptWf//j12EPsMKwqq6ipYY=
493,274,H5nsguSS+GmzjvivbaKb6bG/5J4=,RktXtptWf//j12EPsMKwqq6ipYY=
494,276,H5nsguSS+GmzjvivbaKb6bG/5J4=,wn9xtYphZRv/GDdnnK1AGVF8ujA=
494,275,H5nsguSS+GmzjvivbaKb6bG/5J4=,RktXtptWf//j12EPsMKwqq6ipYY=
494,273,H5nsguSS+GmzjvivbaKb6bG/5J4=,RktXtptWf//j12EPsMKwqq6ipYY=
493,273,H5nsguSS+GmzjvivbaKb6bG/5J4=,RktXtptWf//j12EPsMKwqq6ipYY=
493,276,H5nsguSS+GmzjvivbaKb6bG/5J4=,wn9xtYphZRv/GDdnnK1AGVF8ujA=
487,276,H5nsguSS+GmzjvivbaKb6bG/5J4=,Ajt1OW/17cKOaoLEjJVLtJDRuUw=
488,273,H5nsguSS+GmzjvivbaKb6bG/5J4=,jRCNlAk2kh8ZtXlkOHzkF4oWd+c=
487,274,H5nsguSS+GmzjvivbaKb6bG/5J4=,hABrJRSGYw01yCUTGBntsFqEF5g=
491,274,H5nsguSS+GmzjvivbaKb6bG/5J4=,jRCNlAk2kh8ZtXlkOHzkF4oWd+c=
492,274,H5nsguSS+GmzjvivbaKb6bG/5J4=,RktXtptWf//j12EPsMKwqq6ipYY=
491,275,H5nsguSS+GmzjvivbaKb6bG/5J4=,jRCNlAk2kh8ZtXlkOHzkF4oWd+c=
491,276,H5nsguSS+GmzjvivbaKb6bG/5J4=,CiWVD4IUDbXHWTRpqYpoGQRAoH0=
490,276,H5nsguSS+GmzjvivbaKb6bG/5J4=,CiWVD4IUDbXHWTRpqYpoGQRAoH0=
492,276,H5nsguSS+GmzjvivbaKb6bG/5J4=,wn9xtYphZRv/GDdnnK1AGVF8ujA=
489,276,H5nsguSS+GmzjvivbaKb6bG/5J4=,CiWVD4IUDbXHWTRpqYpoGQRAoH0=
488,276,H5nsguSS+GmzjvivbaKb6bG/5J4=,CiWVD4IUDbXHWTRpqYpoGQRAoH0=
490,274,H5nsguSS+GmzjvivbaKb6bG/5J4=,jRCNlAk2kh8ZtXlkOHzkF4oWd+c=
492,273,H5nsguSS+GmzjvivbaKb6bG/5J4=,RktXtptWf//j12EPsMKwqq6ipYY=
491,273,H5nsguSS+GmzjvivbaKb6bG/5J4=,jRCNlAk2kh8ZtXlkOHzkF4oWd+c=
490,273,H5nsguSS+GmzjvivbaKb6bG/5J4=,jRCNlAk2kh8ZtXlkOHzkF4oWd+c=
482,277,H5nsguSS+GmzjvivbaKb6bG/5J4=,IlbvNlPYsyLTdS2SCV2erxJSlJc=
484,277,H5nsguSS+GmzjvivbaKb6bG/5J4=,Ajt1OW/17cKOaoLEjJVLtJDRuUw=
482,278,H5nsguSS+GmzjvivbaKb6bG/5J4=,IlbvNlPYsyLTdS2SCV2erxJSlJc=
483,277,H5nsguSS+GmzjvivbaKb6bG/5J4=,IlbvNlPYsyLTdS2SCV2erxJSlJc=
484,278,H5nsguSS+GmzjvivbaKb6bG/5J4=,Ajt1OW/17cKOaoLEjJVLtJDRuUw=
481,277,H5nsguSS+GmzjvivbaKb6bG/5J4=,IlbvNlPYsyLTdS2SCV2erxJSlJc=
481,278,H5nsguSS+GmzjvivbaKb6bG/5J4=,IlbvNlPYsyLTdS2SCV2erxJSlJc=
483,278,H5nsguSS+GmzjvivbaKb6bG/5J4=,IlbvNlPYsyLTdS2SCV2erxJSlJc=
489,274,H5nsguSS+GmzjvivbaKb6bG/5J4=,jRCNlAk2kh8ZtXlkOHzkF4oWd+c=
487,275,H5nsguSS+GmzjvivbaKb6bG/5J4=,hABrJRSGYw01yCUTGBntsFqEF5g=
487,273,H5nsguSS+GmzjvivbaKb6bG/5J4=,hABrJRSGYw01yCUTGBntsFqEF5g=
488,274,H5nsguSS+GmzjvivbaKb6bG/5J4=,jRCNlAk2kh8ZtXlkOHzkF4oWd+c=
490,275,H5nsguSS+GmzjvivbaKb6bG/5J4=,jRCNlAk2kh8ZtXlkOHzkF4oWd+c=
489,275,H5nsguSS+GmzjvivbaKb6bG/5J4=,jRCNlAk2kh8ZtXlkOHzkF4oWd+c=
488,275,H5nsguSS+GmzjvivbaKb6bG/5J4=,jRCNlAk2kh8ZtXlkOHzkF4oWd+c=
489,273,H5nsguSS+GmzjvivbaKb6bG/5J4=,jRCNlAk2kh8ZtXlkOHzkF4oWd+c=
492,275,H5nsguSS+GmzjvivbaKb6bG/5J4=,RktXtptWf//j12EPsMKwqq6ipYY=
481,275,H5nsguSS+GmzjvivbaKb6bG/5J4=,j4FiNFilt3aCRVB5DQcKaaasGhU=
484,276,H5nsguSS+GmzjvivbaKb6bG/5J4=,Ajt1OW/17cKOaoLEjJVLtJDRuUw=
481,276,H5nsguSS+GmzjvivbaKb6bG/5J4=,IlbvNlPYsyLTdS2SCV2erxJSlJc=
483,276,H5nsguSS+GmzjvivbaKb6bG/5J4=,IlbvNlPYsyLTdS2SCV2erxJSlJc=
482,276,H5nsguSS+GmzjvivbaKb6bG/5J4=,IlbvNlPYsyLTdS2SCV2erxJSlJc=
483,274,H5nsguSS+GmzjvivbaKb6bG/5J4=,j4FiNFilt3aCRVB5DQcKaaasGhU=
484,275,H5nsguSS+GmzjvivbaKb6bG/5J4=,hABrJRSGYw01yCUTGBntsFqEF5g=
483,275,H5nsguSS+GmzjvivbaKb6bG/5J4=,j4FiNFilt3aCRVB5DQcKaaasGhU=
482,275,H5nsguSS+GmzjvivbaKb6bG/5J4=,j4FiNFilt3aCRVB5DQcKaaasGhU=
481,274,H5nsguSS+GmzjvivbaKb6bG/5J4=,j4FiNFilt3aCRVB5DQcKaaasGhU=
484,274,H5nsguSS+GmzjvivbaKb6bG/5J4=,hABrJRSGYw01yCUTGBntsFqEF5g=
483,273,H5nsguSS+GmzjvivbaKb6bG/5J4=,j4FiNFilt3aCRVB5DQcKaaasGhU=
481,273,H5nsguSS+GmzjvivbaKb6bG/5J4=,j4FiNFilt3aCRVB5DQcKaaasGhU=
484,273,H5nsguSS+GmzjvivbaKb6bG/5J4=,hABrJRSGYw01yCUTGBntsFqEF5g=
482,274,H5nsguSS+GmzjvivbaKb6bG/5J4=,j4FiNFilt3aCRVB5DQcKaaasGhU=
482,273,H5nsguSS+GmzjvivbaKb6bG/5J4=,j4FiNFilt3aCRVB5DQcKaaasGhU=
481,281,H5nsguSS+GmzjvivbaKb6bG/5J4=,jgzGvfddXNiWkHC4QZ3mtlWw6vU=
481,280,H5nsguSS+GmzjvivbaKb6bG/5J4=,jgzGvfddXNiWkHC4QZ3mtlWw6vU=
483,279,H5nsguSS+GmzjvivbaKb6bG/5J4=,IlbvNlPYsyLTdS2SCV2erxJSlJc=
482,279,H5nsguSS+GmzjvivbaKb6bG/5J4=,IlbvNlPYsyLTdS2SCV2erxJSlJc=
481,279,H5nsguSS+GmzjvivbaKb6bG/5J4=,IlbvNlPYsyLTdS2SCV2erxJSlJc=
484,282,H5nsguSS+GmzjvivbaKb6bG/5J4=,0wVjM5bOzoRJ+A5vsQ4fgNQp61I=
484,279,H5nsguSS+GmzjvivbaKb6bG/5J4=,Ajt1OW/17cKOaoLEjJVLtJDRuUw=
483,281,H5nsguSS+GmzjvivbaKb6bG/5J4=,jgzGvfddXNiWkHC4QZ3mtlWw6vU=
484,280,H5nsguSS+GmzjvivbaKb6bG/5J4=,0wVjM5bOzoRJ+A5vsQ4fgNQp61I=
484,281,H5nsguSS+GmzjvivbaKb6bG/5J4=,0wVjM5bOzoRJ+A5vsQ4fgNQp61I=
483,280,H5nsguSS+GmzjvivbaKb6bG/5J4=,jgzGvfddXNiWkHC4QZ3mtlWw6vU=
482,280,H5nsguSS+GmzjvivbaKb6bG/5J4=,jgzGvfddXNiWkHC4QZ3mtlWw6vU=
482,281,H5nsguSS+GmzjvivbaKb6bG/5J4=,jgzGvfddXNiWkHC4QZ3mtlWw6vU=
482,282,H5nsguSS+GmzjvivbaKb6bG/5J4=,jgzGvfddXNiWkHC4QZ3mtlWw6vU=
483,282,H5nsguSS+GmzjvivbaKb6bG/5J4=,jgzGvfddXNiWkHC4QZ3mtlWw6vU=
481,282,H5nsguSS+GmzjvivbaKb6bG/5J4=,jgzGvfddXNiWkHC4QZ3mtlWw6vU=
489,283,H5nsguSS+GmzjvivbaKb6bG/5J4=,lFJ7XjjbasdfPv8MyFKtrAFXagI=
490,286,H5nsguSS+GmzjvivbaKb6bG/5J4=,RqGlVnACXurfGlNYvX8WjK+ly98=
490,285,H5nsguSS+GmzjvivbaKb6bG/5J4=,RqGlVnACXurfGlNYvX8WjK+ly98=
489,285,H5nsguSS+GmzjvivbaKb6bG/5J4=,RqGlVnACXurfGlNYvX8WjK+ly98=
490,284,H5nsguSS+GmzjvivbaKb6bG/5J4=,RqGlVnACXurfGlNYvX8WjK+ly98=
489,284,H5nsguSS+GmzjvivbaKb6bG/5J4=,RqGlVnACXurfGlNYvX8WjK+ly98=
490,283,H5nsguSS+GmzjvivbaKb6bG/5J4=,lFJ7XjjbasdfPv8MyFKtrAFXagI=
489,286,H5nsguSS+GmzjvivbaKb6bG/5J4=,RqGlVnACXurfGlNYvX8WjK+ly98=
492,285,H5nsguSS+GmzjvivbaKb6bG/5J4=,p09fm9S/ZjFaGBmqih5NW05jjkI=
491,286,H5nsguSS+GmzjvivbaKb6bG/5J4=,RqGlVnACXurfGlNYvX8WjK+ly98=
494,286,H5nsguSS+GmzjvivbaKb6bG/5J4=,p09fm9S/ZjFaGBmqih5NW05jjkI=
493,286,H5nsguSS+GmzjvivbaKb6bG/5J4=,p09fm9S/ZjFaGBmqih5NW05jjkI=
492,286,H5nsguSS+GmzjvivbaKb6bG/5J4=,p09fm9S/ZjFaGBmqih5NW05jjkI=
494,285,H5nsguSS+GmzjvivbaKb6bG/5J4=,p09fm9S/ZjFaGBmqih5NW05jjkI=
491,285,H5nsguSS+GmzjvivbaKb6bG/5J4=,RqGlVnACXurfGlNYvX8WjK+ly98=
493,285,H5nsguSS+GmzjvivbaKb6bG/5J4=,p09fm9S/ZjFaGBmqih5NW05jjkI=
488,283,H5nsguSS+GmzjvivbaKb6bG/5J4=,lFJ7XjjbasdfPv8MyFKtrAFXagI=
487,283,H5nsguSS+GmzjvivbaKb6bG/5J4=,0wVjM5bOzoRJ+A5vsQ4fgNQp61I=
486,283,H5nsguSS+GmzjvivbaKb6bG/5J4=,0wVjM5bOzoRJ+A5vsQ4fgNQp61I=
485,283,H5nsguSS+GmzjvivbaKb6bG/5J4=,0wVjM5bOzoRJ+A5vsQ4fgNQp61I=
487,285,H5nsguSS+GmzjvivbaKb6bG/5J4=,h76LJSto4aYx0SafMKpYEKc3Bn0=
488,286,H5nsguSS+GmzjvivbaKb6bG/5J4=,RqGlVnACXurfGlNYvX8WjK+ly98=
486,286,H5nsguSS+GmzjvivbaKb6bG/5J4=,h76LJSto4aYx0SafMKpYEKc3Bn0=
485,286,H5nsguSS+GmzjvivbaKb6bG/5J4=,h76LJSto4aYx0SafMKpYEKc3Bn0=
487,286,H5nsguSS+GmzjvivbaKb6bG/5J4=,h76LJSto4aYx0SafMKpYEKc3Bn0=
480,285,H5nsguSS+GmzjvivbaKb6bG/5J4=,n9LHCXeIJ52b3slgyEmu7DSd+YY=
484,287,H5nsguSS+GmzjvivbaKb6bG/5J4=,h76LJSto4aYx0SafMKpYEKc3Bn0=
483,287,H5nsguSS+GmzjvivbaKb6bG/5J4=,n9LHCXeIJ52b3slgyEmu7DSd+YY=
481,287,H5nsguSS+GmzjvivbaKb6bG/5J4=,n9LHCXeIJ52b3slgyEmu7DSd+YY=
487,284,H5nsguSS+GmzjvivbaKb6bG/5J4=,h76LJSto4aYx0SafMKpYEKc3Bn0=
486,285,H5nsguSS+GmzjvivbaKb6bG/5J4=,h76LJSto4aYx0SafMKpYEKc3Bn0=
482,287,H5nsguSS+GmzjvivbaKb6bG/5J4=,n9LHCXeIJ52b3slgyEmu7DSd+YY=
483,284,H5nsguSS+GmzjvivbaKb6bG/5J4=,n9LHCXeIJ52b3slgyEmu7DSd+YY=
484,286,H5nsguSS+GmzjvivbaKb6bG/5J4=,h76LJSto4aYx0SafMKpYEKc3Bn0=
488,285,H5nsguSS+GmzjvivbaKb6bG/5J4=,RqGlVnACXurfGlNYvX8WjK+ly98=
485,285,H5nsguSS+GmzjvivbaKb6bG/5J4=,h76LJSto4aYx0SafMKpYEKc3Bn0=
482,284,H5nsguSS+GmzjvivbaKb6bG/5J4=,n9LHCXeIJ52b3slgyEmu7DSd+YY=
484,284,H5nsguSS+GmzjvivbaKb6bG/5J4=,h76LJSto4aYx0SafMKpYEKc3Bn0=
484,283,H5nsguSS+GmzjvivbaKb6bG/5J4=,0wVjM5bOzoRJ+A5vsQ4fgNQp61I=
483,286,H5nsguSS+GmzjvivbaKb6bG/5J4=,n9LHCXeIJ52b3slgyEmu7DSd+YY=
488,284,H5nsguSS+GmzjvivbaKb6bG/5J4=,RqGlVnACXurfGlNYvX8WjK+ly98=
482,286,H5nsguSS+GmzjvivbaKb6bG/5J4=,n9LHCXeIJ52b3slgyEmu7DSd+YY=
481,286,H5nsguSS+GmzjvivbaKb6bG/5J4=,n9LHCXeIJ52b3slgyEmu7DSd+YY=
480,286,H5nsguSS+GmzjvivbaKb6bG/5J4=,n9LHCXeIJ52b3slgyEmu7DSd+YY=
485,284,H5nsguSS+GmzjvivbaKb6bG/5J4=,h76LJSto4aYx0SafMKpYEKc3Bn0=
481,285,H5nsguSS+GmzjvivbaKb6bG/5J4=,n9LHCXeIJ52b3slgyEmu7DSd+YY=
483,285,H5nsguSS+GmzjvivbaKb6bG/5J4=,n9LHCXeIJ52b3slgyEmu7DSd+YY=
486,287,H5nsguSS+GmzjvivbaKb6bG/5J4=,h76LJSto4aYx0SafMKpYEKc3Bn0=
484,285,H5nsguSS+GmzjvivbaKb6bG/5J4=,h76LJSto4aYx0SafMKpYEKc3Bn0=
483,283,H5nsguSS+GmzjvivbaKb6bG/5J4=,jgzGvfddXNiWkHC4QZ3mtlWw6vU=
482,285,H5nsguSS+GmzjvivbaKb6bG/5J4=,n9LHCXeIJ52b3slgyEmu7DSd+YY=
486,284,H5nsguSS+GmzjvivbaKb6bG/5J4=,h76LJSto4aYx0SafMKpYEKc3Bn0=
481,283,H5nsguSS+GmzjvivbaKb6bG/5J4=,jgzGvfddXNiWkHC4QZ3mtlWw6vU=
485,287,H5nsguSS+GmzjvivbaKb6bG/5J4=,h76LJSto4aYx0SafMKpYEKc3Bn0=
481,284,H5nsguSS+GmzjvivbaKb6bG/5J4=,n9LHCXeIJ52b3slgyEmu7DSd+YY=
482,283,H5nsguSS+GmzjvivbaKb6bG/5J4=,jgzGvfddXNiWkHC4QZ3mtlWw6vU=
495,278,H5nsguSS+GmzjvivbaKb6bG/5J4=,wn9xtYphZRv/GDdnnK1AGVF8ujA=
495,277,H5nsguSS+GmzjvivbaKb6bG/5J4=,wn9xtYphZRv/GDdnnK1AGVF8ujA=
493,272,H5nsguSS+GmzjvivbaKb6bG/5J4=,RktXtptWf//j12EPsMKwqq6ipYY=
494,272,H5nsguSS+GmzjvivbaKb6bG/5J4=,RktXtptWf//j12EPsMKwqq6ipYY=
495,286,H5nsguSS+GmzjvivbaKb6bG/5J4=,p09fm9S/ZjFaGBmqih5NW05jjkI=
495,285,H5nsguSS+GmzjvivbaKb6bG/5J4=,p09fm9S/ZjFaGBmqih5NW05jjkI=
495,273,H5nsguSS+GmzjvivbaKb6bG/5J4=,RktXtptWf//j12EPsMKwqq6ipYY=
495,274,H5nsguSS+GmzjvivbaKb6bG/5J4=,RktXtptWf//j12EPsMKwqq6ipYY=
495,275,H5nsguSS+GmzjvivbaKb6bG/5J4=,RktXtptWf//j12EPsMKwqq6ipYY=
495,276,H5nsguSS+GmzjvivbaKb6bG/5J4=,wn9xtYphZRv/GDdnnK1AGVF8ujA=
492,272,H5nsguSS+GmzjvivbaKb6bG/5J4=,RktXtptWf//j12EPsMKwqq6ipYY=
491,272,H5nsguSS+GmzjvivbaKb6bG/5J4=,jRCNlAk2kh8ZtXlkOHzkF4oWd+c=
490,272,H5nsguSS+GmzjvivbaKb6bG/5J4=,jRCNlAk2kh8ZtXlkOHzkF4oWd+c=
489,272,H5nsguSS+GmzjvivbaKb6bG/5J4=,jRCNlAk2kh8ZtXlkOHzkF4oWd+c=
488,272,H5nsguSS+GmzjvivbaKb6bG/5J4=,jRCNlAk2kh8ZtXlkOHzkF4oWd+c=
487,272,H5nsguSS+GmzjvivbaKb6bG/5J4=,hABrJRSGYw01yCUTGBntsFqEF5g=
485,272,H5nsguSS+GmzjvivbaKb6bG/5J4=,hABrJRSGYw01yCUTGBntsFqEF5g=
486,272,H5nsguSS+GmzjvivbaKb6bG/5J4=,hABrJRSGYw01yCUTGBntsFqEF5g=
481,272,H5nsguSS+GmzjvivbaKb6bG/5J4=,j4FiNFilt3aCRVB5DQcKaaasGhU=
482,272,H5nsguSS+GmzjvivbaKb6bG/5J4=,j4FiNFilt3aCRVB5DQcKaaasGhU=
480,276,H5nsguSS+GmzjvivbaKb6bG/5J4=,IlbvNlPYsyLTdS2SCV2erxJSlJc=
480,275,H5nsguSS+GmzjvivbaKb6bG/5J4=,j4FiNFilt3aCRVB5DQcKaaasGhU=
480,277,H5nsguSS+GmzjvivbaKb6bG/5J4=,IlbvNlPYsyLTdS2SCV2erxJSlJc=
480,278,H5nsguSS+GmzjvivbaKb6bG/5J4=,IlbvNlPYsyLTdS2SCV2erxJSlJc=
483,272,H5nsguSS+GmzjvivbaKb6bG/5J4=,j4FiNFilt3aCRVB5DQcKaaasGhU=
484,272,H5nsguSS+GmzjvivbaKb6bG/5J4=,hABrJRSGYw01yCUTGBntsFqEF5g=
480,274,H5nsguSS+GmzjvivbaKb6bG/5J4=,j4FiNFilt3aCRVB5DQcKaaasGhU=
480,273,H5nsguSS+GmzjvivbaKb6bG/5J4=,j4FiNFilt3aCRVB5DQcKaaasGhU=
495,272,H5nsguSS+GmzjvivbaKb6bG/5J4=,RktXtptWf//j12EPsMKwqq6ipYY=
493,287,H5nsguSS+GmzjvivbaKb6bG/5J4=,p09fm9S/ZjFaGBmqih5NW05jjkI=
494,287,H5nsguSS+GmzjvivbaKb6bG/5J4=,p09fm9S/ZjFaGBmqih5NW05jjkI=
480,279,H5nsguSS+GmzjvivbaKb6bG/5J4=,IlbvNlPYsyLTdS2SCV2erxJSlJc=
480,280,H5nsguSS+GmzjvivbaKb6bG/5J4=,jgzGvfddXNiWkHC4QZ3mtlWw6vU=
480,281,H5nsguSS+GmzjvivbaKb6bG/5J4=,jgzGvfddXNiWkHC4QZ3mtlWw6vU=
480,272,H5nsguSS+GmzjvivbaKb6bG/5J4=,j4FiNFilt3aCRVB5DQcKaaasGhU=
480,283,H5nsguSS+GmzjvivbaKb6bG/5J4=,jgzGvfddXNiWkHC4QZ3mtlWw6vU=
480,282,H5nsguSS+GmzjvivbaKb6bG/5J4=,jgzGvfddXNiWkHC4QZ3mtlWw6vU=
480,284,H5nsguSS+GmzjvivbaKb6bG/5J4=,n9LHCXeIJ52b3slgyEmu7DSd+YY=
495,287,H5nsguSS+GmzjvivbaKb6bG/5J4=,p09fm9S/ZjFaGBmqih5NW05jjkI=
492,287,H5nsguSS+GmzjvivbaKb6bG/5J4=,p09fm9S/ZjFaGBmqih5NW05jjkI=
491,287,H5nsguSS+GmzjvivbaKb6bG/5J4=,RqGlVnACXurfGlNYvX8WjK+ly98=
487,287,H5nsguSS+GmzjvivbaKb6bG/5J4=,h76LJSto4aYx0SafMKpYEKc3Bn0=
488,287,H5nsguSS+GmzjvivbaKb6bG/5J4=,RqGlVnACXurfGlNYvX8WjK+ly98=
480,287,H5nsguSS+GmzjvivbaKb6bG/5J4=,n9LHCXeIJ52b3slgyEmu7DSd+YY=
490,287,H5nsguSS+GmzjvivbaKb6bG/5J4=,RqGlVnACXurfGlNYvX8WjK+ly98=
489,287,H5nsguSS+GmzjvivbaKb6bG/5J4=,RqGlVnACXurfGlNYvX8WjK+ly98=
491,282,H5nsguSS+GmzjvivbaKb6bG/5J4=,lFJ7XjjbasdfPv8MyFKtrAFXagI=
493,283,H5nsguSS+GmzjvivbaKb6bG/5J4=,vmwfY4xsevMyREGWneu9X+3mUjk=
491,284,H5nsguSS+GmzjvivbaKb6bG/5J4=,RqGlVnACXurfGlNYvX8WjK+ly98=
494,283,H5nsguSS+GmzjvivbaKb6bG/5J4=,vmwfY4xsevMyREGWneu9X+3mUjk=
492,283,H5nsguSS+GmzjvivbaKb6bG/5J4=,vmwfY4xsevMyREGWneu9X+3mUjk=
495,282,H5nsguSS+GmzjvivbaKb6bG/5J4=,vmwfY4xsevMyREGWneu9X+3mUjk=
494,282,H5nsguSS+GmzjvivbaKb6bG/5J4=,vmwfY4xsevMyREGWneu9X+3mUjk=
491,280,H5nsguSS+GmzjvivbaKb6bG/5J4=,lFJ7XjjbasdfPv8MyFKtrAFXagI=
491,279,H5nsguSS+GmzjvivbaKb6bG/5J4=,CiWVD4IUDbXHWTRpqYpoGQRAoH0=
494,280,H5nsguSS+GmzjvivbaKb6bG/5J4=,vmwfY4xsevMyREGWneu9X+3mUjk=
495,280,H5nsguSS+GmzjvivbaKb6bG/5J4=,vmwfY4xsevMyREGWneu9X+3mUjk=
492,279,H5nsguSS+GmzjvivbaKb6bG/5J4=,wn9xtYphZRv/GDdnnK1AGVF8ujA=
494,284,H5nsguSS+GmzjvivbaKb6bG/5J4=,p09fm9S/ZjFaGBmqih5NW05jjkI=
491,283,H5nsguSS+GmzjvivbaKb6bG/5J4=,lFJ7XjjbasdfPv8MyFKtrAFXagI=
495,283,H5nsguSS+GmzjvivbaKb6bG/5J4=,vmwfY4xsevMyREGWneu9X+3mUjk=
493,280,H5nsguSS+GmzjvivbaKb6bG/5J4=,vmwfY4xsevMyREGWneu9X+3mUjk=
495,284,H5nsguSS+GmzjvivbaKb6bG/5J4=,p09fm9S/ZjFaGBmqih5NW05jjkI=
493,284,H5nsguSS+GmzjvivbaKb6bG/5J4=,p09fm9S/ZjFaGBmqih5NW05jjkI=
492,284,H5nsguSS+GmzjvivbaKb6bG/5J4=,p09fm9S/ZjFaGBmqih5NW05jjkI=
492,280,H5nsguSS+GmzjvivbaKb6bG/5J4=,vmwfY4xsevMyREGWneu9X+3mUjk=
491,281,H5nsguSS+GmzjvivbaKb6bG/5J4=,lFJ7XjjbasdfPv8MyFKtrAFXagI=
492,282,H5nsguSS+GmzjvivbaKb6bG/5J4=,vmwfY4xsevMyREGWneu9X+3mUjk=
493,282,H5nsguSS+GmzjvivbaKb6bG/5J4=,vmwfY4xsevMyREGWneu9X+3mUjk=
494,281,H5nsguSS+GmzjvivbaKb6bG/5J4=,vmwfY4xsevMyREGWneu9X+3mUjk=
495,281,H5nsguSS+GmzjvivbaKb6bG/5J4=,vmwfY4xsevMyREGWneu9X+3mUjk=
494,279,H5nsguSS+GmzjvivbaKb6bG/5J4=,wn9xtYphZRv/GDdnnK1AGVF8ujA=
493,281,H5nsguSS+GmzjvivbaKb6bG/5J4=,vmwfY4xsevMyREGWneu9X+3mUjk=
492,281,H5nsguSS+GmzjvivbaKb6bG/5J4=,vmwfY4xsevMyREGWneu9X+3mUjk=
495,279,H5nsguSS+GmzjvivbaKb6bG/5J4=,wn9xtYphZRv/GDdnnK1AGVF8ujA=
493,279,H5nsguSS+GmzjvivbaKb6bG/5J4=,wn9xtYphZRv/GDdnnK1AGVF8ujA=
497,285,SqGyPH0IfUbShl3xNlaomKCiCYI=,owZs5K9iTeC2DTxM/3jXeFh/P/s=
498,285,SqGyPH0IfUbShl3xNlaomKCiCYI=,owZs5K9iTeC2DTxM/3jXeFh/P/s=
497,286,SqGyPH0IfUbShl3xNlaomKCiCYI=,owZs5K9iTeC2DTxM/3jXeFh/P/s=
498,286,SqGyPH0IfUbShl3xNlaomKCiCYI=,owZs5K9iTeC2DTxM/3jXeFh/P/s=
500,285,SqGyPH0IfUbShl3xNlaomKCiCYI=,gkWii5cUimm+CoZxK8Tps1uBCQU=
499,286,SqGyPH0IfUbShl3xNlaomKCiCYI=,owZs5K9iTeC2DTxM/3jXeFh/P/s=
501,286,SqGyPH0IfUbShl3xNlaomKCiCYI=,gkWii5cUimm+CoZxK8Tps1uBCQU=
500,286,SqGyPH0IfUbShl3xNlaomKCiCYI=,gkWii5cUimm+CoZxK8Tps1uBCQU=
502,286,SqGyPH0IfUbShl3xNlaomKCiCYI=,gkWii5cUimm+CoZxK8Tps1uBCQU=
499,285,SqGyPH0IfUbShl3xNlaomKCiCYI=,owZs5K9iTeC2DTxM/3jXeFh/P/s=
501,285,SqGyPH0IfUbShl3xNlaomKCiCYI=,gkWii5cUimm+CoZxK8Tps1uBCQU=
502,285,SqGyPH0IfUbShl3xNlaomKCiCYI=,gkWii5cUimm+CoZxK8Tps1uBCQU=
502,282,SqGyPH0IfUbShl3xNlaomKCiCYI=,/Td/jlZYLUBh1qWn+fwA7qw6KDs=
502,281,SqGyPH0IfUbShl3xNlaomKCiCYI=,/Td/jlZYLUBh1qWn+fwA7qw6KDs=
501,282,SqGyPH0IfUbShl3xNlaomKCiCYI=,/Td/jlZYLUBh1qWn+fwA7qw6KDs=
501,281,SqGyPH0IfUbShl3xNlaomKCiCYI=,/Td/jlZYLUBh1qWn+fwA7qw6KDs=
501,284,SqGyPH0IfUbShl3xNlaomKCiCYI=,gkWii5cUimm+CoZxK8Tps1uBCQU=
502,284,SqGyPH0IfUbShl3xNlaomKCiCYI=,gkWii5cUimm+CoZxK8Tps1uBCQU=
501,283,SqGyPH0IfUbShl3xNlaomKCiCYI=,/Td/jlZYLUBh1qWn+fwA7qw6KDs=
502,283,SqGyPH0IfUbShl3xNlaomKCiCYI=,/Td/jlZYLUBh1qWn+fwA7qw6KDs=
499,282,SqGyPH0IfUbShl3xNlaomKCiCYI=,2Fk9l8K6/99uZoGjzAv6+3r3rhA=
497,281,SqGyPH0IfUbShl3xNlaomKCiCYI=,2Fk9l8K6/99uZoGjzAv6+3r3rhA=
499,284,SqGyPH0IfUbShl3xNlaomKCiCYI=,owZs5K9iTeC2DTxM/3jXeFh/P/s=
499,283,SqGyPH0IfUbShl3xNlaomKCiCYI=,2Fk9l8K6/99uZoGjzAv6+3r3rhA=
498,284,SqGyPH0IfUbShl3xNlaomKCiCYI=,owZs5K9iTeC2DTxM/3jXeFh/P/s=
500,284,SqGyPH0IfUbShl3xNlaomKCiCYI=,gkWii5cUimm+CoZxK8Tps1uBCQU=
500,282,SqGyPH0IfUbShl3xNlaomKCiCYI=,/Td/jlZYLUBh1qWn+fwA7qw6KDs=
498,283,SqGyPH0IfUbShl3xNlaomKCiCYI=,2Fk9l8K6/99uZoGjzAv6+3r3rhA=
497,284,SqGyPH0IfUbShl3xNlaomKCiCYI=,owZs5K9iTeC2DTxM/3jXeFh/P/s=
498,281,SqGyPH0IfUbShl3xNlaomKCiCYI=,2Fk9l8K6/99uZoGjzAv6+3r3rhA=
500,283,SqGyPH0IfUbShl3xNlaomKCiCYI=,/Td/jlZYLUBh1qWn+fwA7qw6KDs=
497,282,SqGyPH0IfUbShl3xNlaomKCiCYI=,2Fk9l8K6/99uZoGjzAv6+3r3rhA=
497,283,SqGyPH0IfUbShl3xNlaomKCiCYI=,2Fk9l8K6/99uZoGjzAv6+3r3rhA=
498,282,SqGyPH0IfUbShl3xNlaomKCiCYI=,2Fk9l8K6/99uZoGjzAv6+3r3rhA=
500,281,SqGyPH0IfUbShl3xNlaomKCiCYI=,/Td/jlZYLUBh1qWn+fwA7qw6KDs=
505,277,SqGyPH0IfUbShl3xNlaomKCiCYI=,J9WIJRdSfQkvYCab4j/JDuK/GO4=
506,278,SqGyPH0IfUbShl3xNlaomKCiCYI=,J9WIJRdSfQkvYCab4j/JDuK/GO4=
505,278,SqGyPH0IfUbShl3xNlaomKCiCYI=,J9WIJRdSfQkvYCab4j/JDuK/GO4=
506,277,SqGyPH0IfUbShl3xNlaomKCiCYI=,J9WIJRdSfQkvYCab4j/JDuK/GO4=
499,281,SqGyPH0IfUbShl3xNlaomKCiCYI=,2Fk9l8K6/99uZoGjzAv6+3r3rhA=
504,281,SqGyPH0IfUbShl3xNlaomKCiCYI=,nDfqz/6WCw9xvJWNslTnbJ2Rpho=
505,281,SqGyPH0IfUbShl3xNlaomKCiCYI=,nDfqz/6WCw9xvJWNslTnbJ2Rpho=
503,281,SqGyPH0IfUbShl3xNlaomKCiCYI=,/Td/jlZYLUBh1qWn+fwA7qw6KDs=
505,279,SqGyPH0IfUbShl3xNlaomKCiCYI=,J9WIJRdSfQkvYCab4j/JDuK/GO4=
506,281,SqGyPH0IfUbShl3xNlaomKCiCYI=,nDfqz/6WCw9xvJWNslTnbJ2Rpho=
505,280,SqGyPH0IfUbShl3xNlaomKCiCYI=,nDfqz/6WCw9xvJWNslTnbJ2Rpho=
506,279,SqGyPH0IfUbShl3xNlaomKCiCYI=,J9WIJRdSfQkvYCab4j/JDuK/GO4=
504,282,SqGyPH0IfUbShl3xNlaomKCiCYI=,nDfqz/6WCw9xvJWNslTnbJ2Rpho=
504,283,SqGyPH0IfUbShl3xNlaomKCiCYI=,nDfqz/6WCw9xvJWNslTnbJ2Rpho=
506,282,SqGyPH0IfUbShl3xNlaomKCiCYI=,nDfqz/6WCw9xvJWNslTnbJ2Rpho=
503,283,SqGyPH0IfUbShl3xNlaomKCiCYI=,/Td/jlZYLUBh1qWn+fwA7qw6KDs=
506,286,SqGyPH0IfUbShl3xNlaomKCiCYI=,Vfcc1bKuSI1KPVm5LxYNEEdWEOc=
506,280,SqGyPH0IfUbShl3xNlaomKCiCYI=,nDfqz/6WCw9xvJWNslTnbJ2Rpho=
505,286,SqGyPH0IfUbShl3xNlaomKCiCYI=,Vfcc1bKuSI1KPVm5LxYNEEdWEOc=
503,286,SqGyPH0IfUbShl3xNlaomKCiCYI=,gkWii5cUimm+CoZxK8Tps1uBCQU=
503,282,SqGyPH0IfUbShl3xNlaomKCiCYI=,/Td/jlZYLUBh1qWn+fwA7qw6KDs=
504,286,SqGyPH0IfUbShl3xNlaomKCiCYI=,Vfcc1bKuSI1KPVm5LxYNEEdWEOc=
503,285,SqGyPH0IfUbShl3xNlaomKCiCYI=,gkWii5cUimm+CoZxK8Tps1uBCQU=
505,282,SqGyPH0IfUbShl3xNlaomKCiCYI=,nDfqz/6WCw9xvJWNslTnbJ2Rpho=
505,285,SqGyPH0IfUbShl3xNlaomKCiCYI=,Vfcc1bKuSI1KPVm5LxYNEEdWEOc=
504,285,SqGyPH0IfUbShl3xNlaomKCiCYI=,Vfcc1bKuSI1KPVm5LxYNEEdWEOc=
506,284,SqGyPH0IfUbShl3xNlaomKCiCYI=,Vfcc1bKuSI1KPVm5LxYNEEdWEOc=
504,284,SqGyPH0IfUbShl3xNlaomKCiCYI=,Vfcc1bKuSI1KPVm5LxYNEEdWEOc=
506,285,SqGyPH0IfUbShl3xNlaomKCiCYI=,Vfcc1bKuSI1KPVm5LxYNEEdWEOc=
506,283,SqGyPH0IfUbShl3xNlaomKCiCYI=,nDfqz/6WCw9xvJWNslTnbJ2Rpho=
505,284,SqGyPH0IfUbShl3xNlaomKCiCYI=,Vfcc1bKuSI1KPVm5LxYNEEdWEOc=
503,284,SqGyPH0IfUbShl3xNlaomKCiCYI=,gkWii5cUimm+CoZxK8Tps1uBCQU=
505,283,SqGyPH0IfUbShl3xNlaomKCiCYI=,nDfqz/6WCw9xvJWNslTnbJ2Rpho=
510,282,SqGyPH0IfUbShl3xNlaomKCiCYI=,LFXUbAE0mRY+SWOXV/cA0uMY+Kc=
507,281,SqGyPH0IfUbShl3xNlaomKCiCYI=,nDfqz/6WCw9xvJWNslTnbJ2Rpho=
508,281,SqGyPH0IfUbShl3xNlaomKCiCYI=,LFXUbAE0mRY+SWOXV/cA0uMY+Kc=
507,282,SqGyPH0IfUbShl3xNlaomKCiCYI=,nDfqz/6WCw9xvJWNslTnbJ2Rpho=
509,281,SqGyPH0IfUbShl3xNlaomKCiCYI=,LFXUbAE0mRY+SWOXV/cA0uMY+Kc=
510,281,SqGyPH0IfUbShl3xNlaomKCiCYI=,LFXUbAE0mRY+SWOXV/cA0uMY+Kc=
509,282,SqGyPH0IfUbShl3xNlaomKCiCYI=,LFXUbAE0mRY+SWOXV/cA0uMY+Kc=
508,282,SqGyPH0IfUbShl3xNlaomKCiCYI=,LFXUbAE0mRY+SWOXV/cA0uMY+Kc=
505,276,SqGyPH0IfUbShl3xNlaomKCiCYI=,J9WIJRdSfQkvYCab4j/JDuK/GO4=
506,276,SqGyPH0IfUbShl3xNlaomKCiCYI=,J9WIJRdSfQkvYCab4j/JDuK/GO4=
511,281,SqGyPH0IfUbShl3xNlaomKCiCYI=,LFXUbAE0mRY+SWOXV/cA0uMY+Kc=
508,279,SqGyPH0IfUbShl3xNlaomKCiCYI=,t/QzPaVqMzxPB+n4PflWhK4rlWE=
509,279,SqGyPH0IfUbShl3xNlaomKCiCYI=,t/QzPaVqMzxPB+n4PflWhK4rlWE=
510,279,SqGyPH0IfUbShl3xNlaomKCiCYI=,t/QzPaVqMzxPB+n4PflWhK4rlWE=
511,279,SqGyPH0IfUbShl3xNlaomKCiCYI=,t/QzPaVqMzxPB+n4PflWhK4rlWE=
508,276,SqGyPH0IfUbShl3xNlaomKCiCYI=,t/QzPaVqMzxPB+n4PflWhK4rlWE=
509,276,SqGyPH0IfUbShl3xNlaomKCiCYI=,t/QzPaVqMzxPB+n4PflWhK4rlWE=
511,278,SqGyPH0IfUbShl3xNlaomKCiCYI=,t/QzPaVqMzxPB+n4PflWhK4rlWE=
510,278,SqGyPH0IfUbShl3xNlaomKCiCYI=,t/QzPaVqMzxPB+n4PflWhK4rlWE=
507,279,SqGyPH0IfUbShl3xNlaomKCiCYI=,J9WIJRdSfQkvYCab4j/JDuK/GO4=
507,276,SqGyPH0IfUbShl3xNlaomKCiCYI=,J9WIJRdSfQkvYCab4j/JDuK/GO4=
509,278,SqGyPH0IfUbShl3xNlaomKCiCYI=,t/QzPaVqMzxPB+n4PflWhK4rlWE=
508,278,SqGyPH0IfUbShl3xNlaomKCiCYI=,t/QzPaVqMzxPB+n4PflWhK4rlWE=
507,278,SqGyPH0IfUbShl3xNlaomKCiCYI=,J9WIJRdSfQkvYCab4j/JDuK/GO4=
511,277,SqGyPH0IfUbShl3xNlaomKCiCYI=,t/QzPaVqMzxPB+n4PflWhK4rlWE=
510,277,SqGyPH0IfUbShl3xNlaomKCiCYI=,t/QzPaVqMzxPB+n4PflWhK4rlWE=
509,277,SqGyPH0IfUbShl3xNlaomKCiCYI=,t/QzPaVqMzxPB+n4PflWhK4rlWE=
507,277,SqGyPH0IfUbShl3xNlaomKCiCYI=,J9WIJRdSfQkvYCab4j/JDuK/GO4=
508,277,SqGyPH0IfUbShl3xNlaomKCiCYI=,t/QzPaVqMzxPB+n4PflWhK4rlWE=
511,280,SqGyPH0IfUbShl3xNlaomKCiCYI=,LFXUbAE0mRY+SWOXV/cA0uMY+Kc=
510,280,SqGyPH0IfUbShl3xNlaomKCiCYI=,LFXUbAE0mRY+SWOXV/cA0uMY+Kc=
509,280,SqGyPH0IfUbShl3xNlaomKCiCYI=,LFXUbAE0mRY+SWOXV/cA0uMY+Kc=
510,276,SqGyPH0IfUbShl3xNlaomKCiCYI=,t/QzPaVqMzxPB+n4PflWhK4rlWE=
511,282,SqGyPH0IfUbShl3xNlaomKCiCYI=,LFXUbAE0mRY+SWOXV/cA0uMY+Kc=
508,280,SqGyPH0IfUbShl3xNlaomKCiCYI=,LFXUbAE0mRY+SWOXV/cA0uMY+Kc=
507,280,SqGyPH0IfUbShl3xNlaomKCiCYI=,nDfqz/6WCw9xvJWNslTnbJ2Rpho=
511,286,SqGyPH0IfUbShl3xNlaomKCiCYI=,NnZzvWjnlWfj862kmMhdkY4tKS0=
509,286,SqGyPH0IfUbShl3xNlaomKCiCYI=,NnZzvWjnlWfj862kmMhdkY4tKS0=
507,285,SqGyPH0IfUbShl3xNlaomKCiCYI=,Vfcc1bKuSI1KPVm5LxYNEEdWEOc=
507,286,SqGyPH0IfUbShl3xNlaomKCiCYI=,Vfcc1bKuSI1KPVm5LxYNEEdWEOc=
510,285,SqGyPH0IfUbShl3xNlaomKCiCYI=,NnZzvWjnlWfj862kmMhdkY4tKS0=
508,286,SqGyPH0IfUbShl3xNlaomKCiCYI=,NnZzvWjnlWfj862kmMhdkY4tKS0=
509,285,SqGyPH0IfUbShl3xNlaomKCiCYI=,NnZzvWjnlWfj862kmMhdkY4tKS0=
510,286,SqGyPH0IfUbShl3xNlaomKCiCYI=,NnZzvWjnlWfj862kmMhdkY4tKS0=
508,283,SqGyPH0IfUbShl3xNlaomKCiCYI=,LFXUbAE0mRY+SWOXV/cA0uMY+Kc=
511,285,SqGyPH0IfUbShl3xNlaomKCiCYI=,NnZzvWjnlWfj862kmMhdkY4tKS0=
511,284,SqGyPH0IfUbShl3xNlaomKCiCYI=,NnZzvWjnlWfj862kmMhdkY4tKS0=
511,283,SqGyPH0IfUbShl3xNlaomKCiCYI=,LFXUbAE0mRY+SWOXV/cA0uMY+Kc=
510,284,SqGyPH0IfUbShl3xNlaomKCiCYI=,NnZzvWjnlWfj862kmMhdkY4tKS0=
508,285,SqGyPH0IfUbShl3xNlaomKCiCYI=,NnZzvWjnlWfj862kmMhdkY4tKS0=
507,284,SqGyPH0IfUbShl3xNlaomKCiCYI=,Vfcc1bKuSI1KPVm5LxYNEEdWEOc=
510,283,SqGyPH0IfUbShl3xNlaomKCiCYI=,LFXUbAE0mRY+SWOXV/cA0uMY+Kc=
507,283,SqGyPH0IfUbShl3xNlaomKCiCYI=,nDfqz/6WCw9xvJWNslTnbJ2Rpho=
509,284,SqGyPH0IfUbShl3xNlaomKCiCYI=,NnZzvWjnlWfj862kmMhdkY4tKS0=
510,287,SqGyPH0IfUbShl3xNlaomKCiCYI=,NnZzvWjnlWfj862kmMhdkY4tKS0=
508,284,SqGyPH0IfUbShl3xNlaomKCiCYI=,NnZzvWjnlWfj862kmMhdkY4tKS0=
509,287,SqGyPH0IfUbShl3xNlaomKCiCYI=,NnZzvWjnlWfj862kmMhdkY4tKS0=
509,283,SqGyPH0IfUbShl3xNlaomKCiCYI=,LFXUbAE0mRY+SWOXV/cA0uMY+Kc=
503,278,SqGyPH0IfUbShl3xNlaomKCiCYI=,cP61Sl07S4MTtqCrajrcwSyGmwE=
504,279,SqGyPH0IfUbShl3xNlaomKCiCYI=,J9WIJRdSfQkvYCab4j/JDuK/GO4=
502,278,SqGyPH0IfUbShl3xNlaomKCiCYI=,cP61Sl07S4MTtqCrajrcwSyGmwE=
504,278,SqGyPH0IfUbShl3xNlaomKCiCYI=,J9WIJRdSfQkvYCab4j/JDuK/GO4=
503,277,SqGyPH0IfUbShl3xNlaomKCiCYI=,cP61Sl07S4MTtqCrajrcwSyGmwE=
502,277,SqGyPH0IfUbShl3xNlaomKCiCYI=,cP61Sl07S4MTtqCrajrcwSyGmwE=
501,277,SqGyPH0IfUbShl3xNlaomKCiCYI=,cP61Sl07S4MTtqCrajrcwSyGmwE=
504,277,SqGyPH0IfUbShl3xNlaomKCiCYI=,J9WIJRdSfQkvYCab4j/JDuK/GO4=
502,279,SqGyPH0IfUbShl3xNlaomKCiCYI=,cP61Sl07S4MTtqCrajrcwSyGmwE=
503,279,SqGyPH0IfUbShl3xNlaomKCiCYI=,cP61Sl07S4MTtqCrajrcwSyGmwE=
501,278,SqGyPH0IfUbShl3xNlaomKCiCYI=,cP61Sl07S4MTtqCrajrcwSyGmwE=
501,279,SqGyPH0IfUbShl3xNlaomKCiCYI=,cP61Sl07S4MTtqCrajrcwSyGmwE=
502,280,SqGyPH0IfUbShl3xNlaomKCiCYI=,/Td/jlZYLUBh1qWn+fwA7qw6KDs=
503,280,SqGyPH0IfUbShl3xNlaomKCiCYI=,/Td/jlZYLUBh1qWn+fwA7qw6KDs=
504,280,SqGyPH0IfUbShl3xNlaomKCiCYI=,nDfqz/6WCw9xvJWNslTnbJ2Rpho=
501,280,SqGyPH0IfUbShl3xNlaomKCiCYI=,/Td/jlZYLUBh1qWn+fwA7qw6KDs=
498,273,SqGyPH0IfUbShl3xNlaomKCiCYI=,owPjORWJE8P2KTEg+omFD2i5WbQ=
497,273,SqGyPH0IfUbShl3xNlaomKCiCYI=,owPjORWJE8P2KTEg+omFD2i5WbQ=
498,274,SqGyPH0IfUbShl3xNlaomKCiCYI=,owPjORWJE8P2KTEg+omFD2i5WbQ=
497,274,SqGyPH0IfUbShl3xNlaomKCiCYI=,owPjORWJE8P2KTEg+omFD2i5WbQ=
499,274,SqGyPH0IfUbShl3xNlaomKCiCYI=,owPjORWJE8P2KTEg+omFD2i5WbQ=
501,276,SqGyPH0IfUbShl3xNlaomKCiCYI=,cP61Sl07S4MTtqCrajrcwSyGmwE=
502,276,SqGyPH0IfUbShl3xNlaomKCiCYI=,cP61Sl07S4MTtqCrajrcwSyGmwE=
503,276,SqGyPH0IfUbShl3xNlaomKCiCYI=,cP61Sl07S4MTtqCrajrcwSyGmwE=
504,276,SqGyPH0IfUbShl3xNlaomKCiCYI=,J9WIJRdSfQkvYCab4j/JDuK/GO4=
499,273,SqGyPH0IfUbShl3xNlaomKCiCYI=,owPjORWJE8P2KTEg+omFD2i5WbQ=
496,282,SqGyPH0IfUbShl3xNlaomKCiCYI=,2Fk9l8K6/99uZoGjzAv6+3r3rhA=
496,274,SqGyPH0IfUbShl3xNlaomKCiCYI=,owPjORWJE8P2KTEg+omFD2i5WbQ=
496,273,SqGyPH0IfUbShl3xNlaomKCiCYI=,owPjORWJE8P2KTEg+omFD2i5WbQ=
496,281,SqGyPH0IfUbShl3xNlaomKCiCYI=,2Fk9l8K6/99uZoGjzAv6+3r3rhA=
496,286,SqGyPH0IfUbShl3xNlaomKCiCYI=,owZs5K9iTeC2DTxM/3jXeFh/P/s=
496,284,SqGyPH0IfUbShl3xNlaomKCiCYI=,owZs5K9iTeC2DTxM/3jXeFh/P/s=
498,272,SqGyPH0IfUbShl3xNlaomKCiCYI=,owPjORWJE8P2KTEg+omFD2i5WbQ=
496,283,SqGyPH0IfUbShl3xNlaomKCiCYI=,2Fk9l8K6/99uZoGjzAv6+3r3rhA=
497,272,SqGyPH0IfUbShl3xNlaomKCiCYI=,owPjORWJE8P2KTEg+omFD2i5WbQ=
496,285,SqGyPH0IfUbShl3xNlaomKCiCYI=,owZs5K9iTeC2DTxM/3jXeFh/P/s=
508,287,SqGyPH0IfUbShl3xNlaomKCiCYI=,NnZzvWjnlWfj862kmMhdkY4tKS0=
506,287,SqGyPH0IfUbShl3xNlaomKCiCYI=,Vfcc1bKuSI1KPVm5LxYNEEdWEOc=
505,287,SqGyPH0IfUbShl3xNlaomKCiCYI=,Vfcc1bKuSI1KPVm5LxYNEEdWEOc=
507,287,SqGyPH0IfUbShl3xNlaomKCiCYI=,Vfcc1bKuSI1KPVm5LxYNEEdWEOc=
501,287,SqGyPH0IfUbShl3xNlaomKCiCYI=,gkWii5cUimm+CoZxK8Tps1uBCQU=
496,287,SqGyPH0IfUbShl3xNlaomKCiCYI=,owZs5K9iTeC2DTxM/3jXeFh/P/s=
499,287,SqGyPH0IfUbShl3xNlaomKCiCYI=,owZs5K9iTeC2DTxM/3jXeFh/P/s=
498,287,SqGyPH0IfUbShl3xNlaomKCiCYI=,owZs5K9iTeC2DTxM/3jXeFh/P/s=
497,287,SqGyPH0IfUbShl3xNlaomKCiCYI=,owZs5K9iTeC2DTxM/3jXeFh/P/s=
500,287,SqGyPH0IfUbShl3xNlaomKCiCYI=,gkWii5cUimm+CoZxK8Tps1uBCQU=
502,287,SqGyPH0IfUbShl3xNlaomKCiCYI=,gkWii5cUimm+CoZxK8Tps1uBCQU=
511,276,SqGyPH0IfUbShl3xNlaomKCiCYI=,t/QzPaVqMzxPB+n4PflWhK4rlWE=
504,287,SqGyPH0IfUbShl3xNlaomKCiCYI=,Vfcc1bKuSI1KPVm5LxYNEEdWEOc=
496,272,SqGyPH0IfUbShl3xNlaomKCiCYI=,owPjORWJE8P2KTEg+omFD2i5WbQ=
503,287,SqGyPH0IfUbShl3xNlaomKCiCYI=,gkWii5cUimm+CoZxK8Tps1uBCQU=
499,272,SqGyPH0IfUbShl3xNlaomKCiCYI=,owPjORWJE8P2KTEg+omFD2i5WbQ=
511,287,SqGyPH0IfUbShl3xNlaomKCiCYI=,NnZzvWjnlWfj862kmMhdkY4tKS0=
497,277,SqGyPH0IfUbShl3xNlaomKCiCYI=,pRQY1ZQL5m6u8d75kGtZoUKLPXc=
499,276,SqGyPH0IfUbShl3xNlaomKCiCYI=,pRQY1ZQL5m6u8d75kGtZoUKLPXc=
498,276,SqGyPH0IfUbShl3xNlaomKCiCYI=,pRQY1ZQL5m6u8d75kGtZoUKLPXc=
497,276,SqGyPH0IfUbShl3xNlaomKCiCYI=,pRQY1ZQL5m6u8d75kGtZoUKLPXc=
496,276,SqGyPH0IfUbShl3xNlaomKCiCYI=,pRQY1ZQL5m6u8d75kGtZoUKLPXc=
499,275,SqGyPH0IfUbShl3xNlaomKCiCYI=,owPjORWJE8P2KTEg+omFD2i5WbQ=
498,275,SqGyPH0IfUbShl3xNlaomKCiCYI=,owPjORWJE8P2KTEg+omFD2i5WbQ=
499,278,SqGyPH0IfUbShl3xNlaomKCiCYI=,pRQY1ZQL5m6u8d75kGtZoUKLPXc=
496,277,SqGyPH0IfUbShl3xNlaomKCiCYI=,pRQY1ZQL5m6u8d75kGtZoUKLPXc=
500,278,SqGyPH0IfUbShl3xNlaomKCiCYI=,cP61Sl07S4MTtqCrajrcwSyGmwE=
497,275,SqGyPH0IfUbShl3xNlaomKCiCYI=,owPjORWJE8P2KTEg+omFD2i5WbQ=
497,278,SqGyPH0IfUbShl3xNlaomKCiCYI=,pRQY1ZQL5m6u8d75kGtZoUKLPXc=
500,277,SqGyPH0IfUbShl3xNlaomKCiCYI=,cP61Sl07S4MTtqCrajrcwSyGmwE=
496,279,SqGyPH0IfUbShl3xNlaomKCiCYI=,pRQY1ZQL5m6u8d75kGtZoUKLPXc=
499,277,SqGyPH0IfUbShl3xNlaomKCiCYI=,pRQY1ZQL5m6u8d75kGtZoUKLPXc=
498,278,SqGyPH0IfUbShl3xNlaomKCiCYI=,pRQY1ZQL5m6u8d75kGtZoUKLPXc=
496,280,SqGyPH0IfUbShl3xNlaomKCiCYI=,2Fk9l8K6/99uZoGjzAv6+3r3rhA=
500,276,SqGyPH0IfUbShl3xNlaomKCiCYI=,cP61Sl07S4MTtqCrajrcwSyGmwE=
496,275,SqGyPH0IfUbShl3xNlaomKCiCYI=,owPjORWJE8P2KTEg+omFD2i5WbQ=
497,279,SqGyPH0IfUbShl3xNlaomKCiCYI=,pRQY1ZQL5m6u8d75kGtZoUKLPXc=
499,279,SqGyPH0IfUbShl3xNlaomKCiCYI=,pRQY1ZQL5m6u8d75kGtZoUKLPXc=
498,277,SqGyPH0IfUbShl3xNlaomKCiCYI=,pRQY1ZQL5m6u8d75kGtZoUKLPXc=
500,279,SqGyPH0IfUbShl3xNlaomKCiCYI=,cP61Sl07S4MTtqCrajrcwSyGmwE=
497,280,SqGyPH0IfUbShl3xNlaomKCiCYI=,2Fk9l8K6/99uZoGjzAv6+3r3rhA=
496,278,SqGyPH0IfUbShl3xNlaomKCiCYI=,pRQY1ZQL5m6u8d75kGtZoUKLPXc=
498,280,SqGyPH0IfUbShl3xNlaomKCiCYI=,2Fk9l8K6/99uZoGjzAv6+3r3rhA=
499,280,SqGyPH0IfUbShl3xNlaomKCiCYI=,2Fk9l8K6/99uZoGjzAv6+3r3rhA=
498,279,SqGyPH0IfUbShl3xNlaomKCiCYI=,pRQY1ZQL5m6u8d75kGtZoUKLPXc=
500,280,SqGyPH0IfUbShl3xNlaomKCiCYI=,/Td/jlZYLUBh1qWn+fwA7qw6KDs=
