-7,268,LyPabgaM80eBRjyc/xzvj5t4k80=,fAn8KE/zEm0SIenJ1daUovp2mi0=
-6,268,LyPabgaM80eBRjyc/xzvj5t4k80=,fAn8KE/zEm0SIenJ1daUovp2mi0=
-7,266,LyPabgaM80eBRjyc/xzvj5t4k80=,fAn8KE/zEm0SIenJ1daUovp2mi0=
-7,269,LyPabgaM80eBRjyc/xzvj5t4k80=,fAn8KE/zEm0SIenJ1daUovp2mi0=
-6,266,LyPabgaM80eBRjyc/xzvj5t4k80=,fAn8KE/zEm0SIenJ1daUovp2mi0=
-5,266,LyPabgaM80eBRjyc/xzvj5t4k80=,fAn8KE/zEm0SIenJ1daUovp2mi0=
-6,269,LyPabgaM80eBRjyc/xzvj5t4k80=,fAn8KE/zEm0SIenJ1daUovp2mi0=
-5,269,LyPabgaM80eBRjyc/xzvj5t4k80=,fAn8KE/zEm0SIenJ1daUovp2mi0=
-4,269,LyPabgaM80eBRjyc/xzvj5t4k80=,fAn8KE/zEm0SIenJ1daUovp2mi0=
-3,269,LyPabgaM80eBRjyc/xzvj5t4k80=,fAn8KE/zEm0SIenJ1daUovp2mi0=
-2,268,LyPabgaM80eBRjyc/xzvj5t4k80=,fAn8KE/zEm0SIenJ1daUovp2mi0=
-3,268,LyPabgaM80eBRjyc/xzvj5t4k80=,fAn8KE/zEm0SIenJ1daUovp2mi0=
-2,265,LyPabgaM80eBRjyc/xzvj5t4k80=,fAn8KE/zEm0SIenJ1daUovp2mi0=
-2,267,LyPabgaM80eBRjyc/xzvj5t4k80=,fAn8KE/zEm0SIenJ1daUovp2mi0=
-3,267,LyPabgaM80eBRjyc/xzvj5t4k80=,fAn8KE/zEm0SIenJ1daUovp2mi0=
-3,265,LyPabgaM80eBRjyc/xzvj5t4k80=,fAn8KE/zEm0SIenJ1daUovp2mi0=
-4,265,LyPabgaM80eBRjyc/xzvj5t4k80=,fAn8KE/zEm0SIenJ1daUovp2mi0=
-3,266,LyPabgaM80eBRjyc/xzvj5t4k80=,fAn8KE/zEm0SIenJ1daUovp2mi0=
-4,267,LyPabgaM80eBRjyc/xzvj5t4k80=,fAn8KE/zEm0SIenJ1daUovp2mi0=
-2,266,LyPabgaM80eBRjyc/xzvj5t4k80=,fAn8KE/zEm0SIenJ1daUovp2mi0=
-5,265,LyPabgaM80eBRjyc/xzvj5t4k80=,fAn8KE/zEm0SIenJ1daUovp2mi0=
-6,265,LyPabgaM80eBRjyc/xzvj5t4k80=,fAn8KE/zEm0SIenJ1daUovp2mi0=
-4,268,LyPabgaM80eBRjyc/xzvj5t4k80=,fAn8KE/zEm0SIenJ1daUovp2mi0=
-5,268,LyPabgaM80eBRjyc/xzvj5t4k80=,fAn8KE/zEm0SIenJ1daUovp2mi0=
-2,270,LyPabgaM80eBRjyc/xzvj5t4k80=,fAn8KE/zEm0SIenJ1daUovp2mi0=
-3,270,LyPabgaM80eBRjyc/xzvj5t4k80=,fAn8KE/zEm0SIenJ1daUovp2mi0=
-7,265,LyPabgaM80eBRjyc/xzvj5t4k80=,fAn8KE/zEm0SIenJ1daUovp2mi0=
-5,267,LyPabgaM80eBRjyc/xzvj5t4k80=,fAn8KE/zEm0SIenJ1daUovp2mi0=
-5,270,LyPabgaM80eBRjyc/xzvj5t4k80=,fAn8KE/zEm0SIenJ1daUovp2mi0=
-4,270,LyPabgaM80eBRjyc/xzvj5t4k80=,fAn8KE/zEm0SIenJ1daUovp2mi0=
-4,266,LyPabgaM80eBRjyc/xzvj5t4k80=,fAn8KE/zEm0SIenJ1daUovp2mi0=
-6,270,LyPabgaM80eBRjyc/xzvj5t4k80=,fAn8KE/zEm0SIenJ1daUovp2mi0=
-6,267,LyPabgaM80eBRjyc/xzvj5t4k80=,fAn8KE/zEm0SIenJ1daUovp2mi0=
-7,267,LyPabgaM80eBRjyc/xzvj5t4k80=,fAn8KE/zEm0SIenJ1daUovp2mi0=
-7,270,LyPabgaM80eBRjyc/xzvj5t4k80=,fAn8KE/zEm0SIenJ1daUovp2mi0=
-2,269,LyPabgaM80eBRjyc/xzvj5t4k80=,fAn8KE/zEm0SIenJ1daUovp2mi0=
-1,266,LyPabgaM80eBRjyc/xzvj5t4k80=,fAn8KE/zEm0SIenJ1daUovp2mi0=
-1,265,LyPabgaM80eBRjyc/xzvj5t4k80=,fAn8KE/zEm0SIenJ1daUovp2mi0=
-1,267,LyPabgaM80eBRjyc/xzvj5t4k80=,fAn8KE/zEm0SIenJ1daUovp2mi0=
-1,268,LyPabgaM80eBRjyc/xzvj5t4k80=,fAn8KE/zEm0SIenJ1daUovp2mi0=
-8,266,LyPabgaM80eBRjyc/xzvj5t4k80=,fAn8KE/zEm0SIenJ1daUovp2mi0=
-8,269,LyPabgaM80eBRjyc/xzvj5t4k80=,fAn8KE/zEm0SIenJ1daUovp2mi0=
-8,268,LyPabgaM80eBRjyc/xzvj5t4k80=,fAn8KE/zEm0SIenJ1daUovp2mi0=
-8,267,LyPabgaM80eBRjyc/xzvj5t4k80=,fAn8KE/zEm0SIenJ1daUovp2mi0=
-8,270,LyPabgaM80eBRjyc/xzvj5t4k80=,fAn8KE/zEm0SIenJ1daUovp2mi0=
-8,265,LyPabgaM80eBRjyc/xzvj5t4k80=,fAn8KE/zEm0SIenJ1daUovp2mi0=
-7,271,LyPabgaM80eBRjyc/xzvj5t4k80=,fAn8KE/zEm0SIenJ1daUovp2mi0=
-6,271,LyPabgaM80eBRjyc/xzvj5t4k80=,fAn8KE/zEm0SIenJ1daUovp2mi0=
-5,271,LyPabgaM80eBRjyc/xzvj5t4k80=,fAn8KE/zEm0SIenJ1daUovp2mi0=
-4,271,LyPabgaM80eBRjyc/xzvj5t4k80=,fAn8KE/zEm0SIenJ1daUovp2mi0=
-3,271,LyPabgaM80eBRjyc/xzvj5t4k80=,fAn8KE/zEm0SIenJ1daUovp2mi0=
-2,271,LyPabgaM80eBRjyc/xzvj5t4k80=,fAn8KE/zEm0SIenJ1daUovp2mi0=
-1,271,LyPabgaM80eBRjyc/xzvj5t4k80=,fAn8KE/zEm0SIenJ1daUovp2mi0=
-1,270,LyPabgaM80eBRjyc/xzvj5t4k80=,fAn8KE/zEm0SIenJ1daUovp2mi0=
-1,269,LyPabgaM80eBRjyc/xzvj5t4k80=,fAn8KE/zEm0SIenJ1daUovp2mi0=
-8,271,LyPabgaM80eBRjyc/xzvj5t4k80=,fAn8KE/zEm0SIenJ1daUovp2mi0=
-8,262,LyPabgaM80eBRjyc/xzvj5t4k80=,Xhig4hyaAaNTnvr7I2ZUVIdZKdg=
-8,264,LyPabgaM80eBRjyc/xzvj5t4k80=,fAn8KE/zEm0SIenJ1daUovp2mi0=
-7,262,LyPabgaM80eBRjyc/xzvj5t4k80=,Xhig4hyaAaNTnvr7I2ZUVIdZKdg=
-6,264,LyPabgaM80eBRjyc/xzvj5t4k80=,fAn8KE/zEm0SIenJ1daUovp2mi0=
-6,262,LyPabgaM80eBRjyc/xzvj5t4k80=,Xhig4hyaAaNTnvr7I2ZUVIdZKdg=
-4,264,LyPabgaM80eBRjyc/xzvj5t4k80=,fAn8KE/zEm0SIenJ1daUovp2mi0=
-2,264,LyPabgaM80eBRjyc/xzvj5t4k80=,fAn8KE/zEm0SIenJ1daUovp2mi0=
-7,264,LyPabgaM80eBRjyc/xzvj5t4k80=,fAn8KE/zEm0SIenJ1daUovp2mi0=
-8,258,LyPabgaM80eBRjyc/xzvj5t4k80=,Xhig4hyaAaNTnvr7I2ZUVIdZKdg=
-7,258,LyPabgaM80eBRjyc/xzvj5t4k80=,Xhig4hyaAaNTnvr7I2ZUVIdZKdg=
-6,258,LyPabgaM80eBRjyc/xzvj5t4k80=,Xhig4hyaAaNTnvr7I2ZUVIdZKdg=
-5,258,LyPabgaM80eBRjyc/xzvj5t4k80=,Xhig4hyaAaNTnvr7I2ZUVIdZKdg=
-4,258,LyPabgaM80eBRjyc/xzvj5t4k80=,Xhig4hyaAaNTnvr7I2ZUVIdZKdg=
-3,258,LyPabgaM80eBRjyc/xzvj5t4k80=,Xhig4hyaAaNTnvr7I2ZUVIdZKdg=
-2,258,LyPabgaM80eBRjyc/xzvj5t4k80=,Xhig4hyaAaNTnvr7I2ZUVIdZKdg=
-7,259,LyPabgaM80eBRjyc/xzvj5t4k80=,Xhig4hyaAaNTnvr7I2ZUVIdZKdg=
-8,259,LyPabgaM80eBRjyc/xzvj5t4k80=,Xhig4hyaAaNTnvr7I2ZUVIdZKdg=
-6,259,LyPabgaM80eBRjyc/xzvj5t4k80=,Xhig4hyaAaNTnvr7I2ZUVIdZKdg=
-5,259,LyPabgaM80eBRjyc/xzvj5t4k80=,Xhig4hyaAaNTnvr7I2ZUVIdZKdg=
-2,257,LyPabgaM80eBRjyc/xzvj5t4k80=,Xhig4hyaAaNTnvr7I2ZUVIdZKdg=
-1,261,LyPabgaM80eBRjyc/xzvj5t4k80=,Xhig4hyaAaNTnvr7I2ZUVIdZKdg=
-3,257,LyPabgaM80eBRjyc/xzvj5t4k80=,Xhig4hyaAaNTnvr7I2ZUVIdZKdg=
-1,264,LyPabgaM80eBRjyc/xzvj5t4k80=,fAn8KE/zEm0SIenJ1daUovp2mi0=
-4,257,LyPabgaM80eBRjyc/xzvj5t4k80=,Xhig4hyaAaNTnvr7I2ZUVIdZKdg=
-3,264,LyPabgaM80eBRjyc/xzvj5t4k80=,fAn8KE/zEm0SIenJ1daUovp2mi0=
-5,257,LyPabgaM80eBRjyc/xzvj5t4k80=,Xhig4hyaAaNTnvr7I2ZUVIdZKdg=
-6,257,LyPabgaM80eBRjyc/xzvj5t4k80=,Xhig4hyaAaNTnvr7I2ZUVIdZKdg=
-7,257,LyPabgaM80eBRjyc/xzvj5t4k80=,Xhig4hyaAaNTnvr7I2ZUVIdZKdg=
-1,263,LyPabgaM80eBRjyc/xzvj5t4k80=,Xhig4hyaAaNTnvr7I2ZUVIdZKdg=
-8,257,LyPabgaM80eBRjyc/xzvj5t4k80=,Xhig4hyaAaNTnvr7I2ZUVIdZKdg=
-2,263,LyPabgaM80eBRjyc/xzvj5t4k80=,Xhig4hyaAaNTnvr7I2ZUVIdZKdg=
-6,261,LyPabgaM80eBRjyc/xzvj5t4k80=,Xhig4hyaAaNTnvr7I2ZUVIdZKdg=
-7,261,LyPabgaM80eBRjyc/xzvj5t4k80=,Xhig4hyaAaNTnvr7I2ZUVIdZKdg=
-3,263,LyPabgaM80eBRjyc/xzvj5t4k80=,Xhig4hyaAaNTnvr7I2ZUVIdZKdg=
-4,263,LyPabgaM80eBRjyc/xzvj5t4k80=,Xhig4hyaAaNTnvr7I2ZUVIdZKdg=
-5,262,LyPabgaM80eBRjyc/xzvj5t4k80=,Xhig4hyaAaNTnvr7I2ZUVIdZKdg=
-8,261,LyPabgaM80eBRjyc/xzvj5t4k80=,Xhig4hyaAaNTnvr7I2ZUVIdZKdg=
-1,262,LyPabgaM80eBRjyc/xzvj5t4k80=,Xhig4hyaAaNTnvr7I2ZUVIdZKdg=
-2,260,LyPabgaM80eBRjyc/xzvj5t4k80=,Xhig4hyaAaNTnvr7I2ZUVIdZKdg=
-4,259,LyPabgaM80eBRjyc/xzvj5t4k80=,Xhig4hyaAaNTnvr7I2ZUVIdZKdg=
-1,260,LyPabgaM80eBRjyc/xzvj5t4k80=,Xhig4hyaAaNTnvr7I2ZUVIdZKdg=
-8,263,LyPabgaM80eBRjyc/xzvj5t4k80=,Xhig4hyaAaNTnvr7I2ZUVIdZKdg=
-2,259,LyPabgaM80eBRjyc/xzvj5t4k80=,Xhig4hyaAaNTnvr7I2ZUVIdZKdg=
-7,263,LyPabgaM80eBRjyc/xzvj5t4k80=,Xhig4hyaAaNTnvr7I2ZUVIdZKdg=
-8,260,LyPabgaM80eBRjyc/xzvj5t4k80=,Xhig4hyaAaNTnvr7I2ZUVIdZKdg=
-5,264,LyPabgaM80eBRjyc/xzvj5t4k80=,fAn8KE/zEm0SIenJ1daUovp2mi0=
-7,260,LyPabgaM80eBRjyc/xzvj5t4k80=,Xhig4hyaAaNTnvr7I2ZUVIdZKdg=
-6,260,LyPabgaM80eBRjyc/xzvj5t4k80=,Xhig4hyaAaNTnvr7I2ZUVIdZKdg=
-6,263,LyPabgaM80eBRjyc/xzvj5t4k80=,Xhig4hyaAaNTnvr7I2ZUVIdZKdg=
-5,263,LyPabgaM80eBRjyc/xzvj5t4k80=,Xhig4hyaAaNTnvr7I2ZUVIdZKdg=
-5,260,LyPabgaM80eBRjyc/xzvj5t4k80=,Xhig4hyaAaNTnvr7I2ZUVIdZKdg=
-2,261,LyPabgaM80eBRjyc/xzvj5t4k80=,Xhig4hyaAaNTnvr7I2ZUVIdZKdg=
-3,260,LyPabgaM80eBRjyc/xzvj5t4k80=,Xhig4hyaAaNTnvr7I2ZUVIdZKdg=
-2,262,LyPabgaM80eBRjyc/xzvj5t4k80=,Xhig4hyaAaNTnvr7I2ZUVIdZKdg=
-5,261,LyPabgaM80eBRjyc/xzvj5t4k80=,Xhig4hyaAaNTnvr7I2ZUVIdZKdg=
-8,256,LyPabgaM80eBRjyc/xzvj5t4k80=,Xhig4hyaAaNTnvr7I2ZUVIdZKdg=
-7,256,LyPabgaM80eBRjyc/xzvj5t4k80=,Xhig4hyaAaNTnvr7I2ZUVIdZKdg=
-4,260,LyPabgaM80eBRjyc/xzvj5t4k80=,Xhig4hyaAaNTnvr7I2ZUVIdZKdg=
-6,256,LyPabgaM80eBRjyc/xzvj5t4k80=,Xhig4hyaAaNTnvr7I2ZUVIdZKdg=
-2,256,LyPabgaM80eBRjyc/xzvj5t4k80=,Xhig4hyaAaNTnvr7I2ZUVIdZKdg=
-4,256,LyPabgaM80eBRjyc/xzvj5t4k80=,Xhig4hyaAaNTnvr7I2ZUVIdZKdg=
-1,256,LyPabgaM80eBRjyc/xzvj5t4k80=,Xhig4hyaAaNTnvr7I2ZUVIdZKdg=
-5,256,LyPabgaM80eBRjyc/xzvj5t4k80=,Xhig4hyaAaNTnvr7I2ZUVIdZKdg=
-3,262,LyPabgaM80eBRjyc/xzvj5t4k80=,Xhig4hyaAaNTnvr7I2ZUVIdZKdg=
-3,256,LyPabgaM80eBRjyc/xzvj5t4k80=,Xhig4hyaAaNTnvr7I2ZUVIdZKdg=
-3,261,LyPabgaM80eBRjyc/xzvj5t4k80=,Xhig4hyaAaNTnvr7I2ZUVIdZKdg=
-3,259,LyPabgaM80eBRjyc/xzvj5t4k80=,Xhig4hyaAaNTnvr7I2ZUVIdZKdg=
-1,259,LyPabgaM80eBRjyc/xzvj5t4k80=,Xhig4hyaAaNTnvr7I2ZUVIdZKdg=
-4,261,LyPabgaM80eBRjyc/xzvj5t4k80=,Xhig4hyaAaNTnvr7I2ZUVIdZKdg=
-1,257,LyPabgaM80eBRjyc/xzvj5t4k80=,Xhig4hyaAaNTnvr7I2ZUVIdZKdg=
-1,258,LyPabgaM80eBRjyc/xzvj5t4k80=,Xhig4hyaAaNTnvr7I2ZUVIdZKdg=
-4,262,LyPabgaM80eBRjyc/xzvj5t4k80=,Xhig4hyaAaNTnvr7I2ZUVIdZKdg=
